2025-03-27 09:47:33 [HikariPool-133 housekeeper] WARN  com.zaxxer.hikari.pool.HikariPool - HikariPool-133 - Thread starvation or clock leap detected (housekeeper delta=16h51m31s48ms66µs900ns).
2025-03-27 09:53:39 [File Watcher] INFO  o.s.b.d.a.LocalDevToolsAutoConfiguration$RestartingClassPathChangeChangedEventListener - Restarting due to 1 class path change (0 additions, 0 deletions, 1 modification)
2025-03-27 09:53:39 [Thread-519] INFO  o.s.b.w.e.tomcat.GracefulShutdown - Commencing graceful shutdown. Waiting for active requests to complete
2025-03-27 09:53:39 [tomcat-shutdown] INFO  o.a.coyote.http11.Http11NioProtocol - Pausing ProtocolHandler ["http-nio-8080"]
2025-03-27 09:53:39 [tomcat-shutdown] INFO  o.s.b.w.e.tomcat.GracefulShutdown - Graceful shutdown complete
2025-03-27 09:53:39 [Thread-519] INFO  o.a.coyote.http11.Http11NioProtocol - Stopping ProtocolHandler ["http-nio-8080"]
2025-03-27 09:53:39 [Thread-519] INFO  o.s.o.j.LocalContainerEntityManagerFactoryBean - Closing JPA EntityManagerFactory for persistence unit 'default'
2025-03-27 09:53:39 [Thread-519] INFO  com.zaxxer.hikari.HikariDataSource - HikariPool-133 - Shutdown initiated...
2025-03-27 09:53:39 [Thread-519] INFO  com.zaxxer.hikari.HikariDataSource - HikariPool-133 - Shutdown completed.
2025-03-27 09:53:39 [restartedMain] INFO  c.a.PollCreationBackendApplication - Starting PollCreationBackendApplication using Java 21.0.6 with PID 28272 (D:\PollCreationBackend\PollCreationBackend\target\classes started by Akanksh in D:\PollCreationBackend\PollCreationBackend)
2025-03-27 09:53:39 [restartedMain] INFO  c.a.PollCreationBackendApplication - No active profile set, falling back to 1 default profile: "default"
2025-03-27 09:53:40 [restartedMain] INFO  o.s.d.r.c.RepositoryConfigurationDelegate - Bootstrapping Spring Data JPA repositories in DEFAULT mode.
2025-03-27 09:53:40 [restartedMain] INFO  o.s.d.r.c.RepositoryConfigurationDelegate - Finished Spring Data repository scanning in 37 ms. Found 5 JPA repository interfaces.
2025-03-27 09:53:40 [restartedMain] INFO  o.s.b.w.e.tomcat.TomcatWebServer - Tomcat initialized with port 8080 (http)
2025-03-27 09:53:40 [restartedMain] INFO  o.a.coyote.http11.Http11NioProtocol - Initializing ProtocolHandler ["http-nio-8080"]
2025-03-27 09:53:40 [restartedMain] INFO  o.a.catalina.core.StandardService - Starting service [Tomcat]
2025-03-27 09:53:40 [restartedMain] INFO  o.a.catalina.core.StandardEngine - Starting Servlet engine: [Apache Tomcat/10.1.36]
2025-03-27 09:53:40 [restartedMain] INFO  o.a.c.c.C.[.[localhost].[/] - Initializing Spring embedded WebApplicationContext
2025-03-27 09:53:40 [restartedMain] INFO  o.s.b.w.s.c.ServletWebServerApplicationContext - Root WebApplicationContext: initialization completed in 540 ms
2025-03-27 09:53:40 [restartedMain] INFO  o.h.jpa.internal.util.LogHelper - HHH000204: Processing PersistenceUnitInfo [name: default]
2025-03-27 09:53:40 [restartedMain] INFO  o.h.c.i.RegionFactoryInitiator - HHH000026: Second-level cache disabled
2025-03-27 09:53:40 [restartedMain] INFO  o.s.o.j.p.SpringPersistenceUnitInfo - No LoadTimeWeaver setup: ignoring JPA class transformer
2025-03-27 09:53:40 [restartedMain] INFO  com.zaxxer.hikari.HikariDataSource - HikariPool-134 - Starting...
2025-03-27 09:53:40 [restartedMain] INFO  com.zaxxer.hikari.pool.HikariPool - HikariPool-134 - Added connection com.mysql.cj.jdbc.ConnectionImpl@96613da
2025-03-27 09:53:40 [restartedMain] INFO  com.zaxxer.hikari.HikariDataSource - HikariPool-134 - Start completed.
2025-03-27 09:53:40 [restartedMain] INFO  o.hibernate.orm.connections.pooling - HHH10001005: Database info:
	Database JDBC URL [Connecting through datasource 'HikariDataSource (HikariPool-134)']
	Database driver: undefined/unknown
	Database version: 8.0.41
	Autocommit mode: undefined/unknown
	Isolation level: undefined/unknown
	Minimum pool size: undefined/unknown
	Maximum pool size: undefined/unknown
2025-03-27 09:53:40 [restartedMain] INFO  o.h.e.t.j.p.i.JtaPlatformInitiator - HHH000489: No JTA platform available (set 'hibernate.transaction.jta.platform' to enable JTA platform integration)
2025-03-27 09:53:40 [restartedMain] INFO  o.s.o.j.LocalContainerEntityManagerFactoryBean - Initialized JPA EntityManagerFactory for persistence unit 'default'
2025-03-27 09:53:41 [restartedMain] WARN  o.s.b.a.o.j.JpaBaseConfiguration$JpaWebConfiguration - spring.jpa.open-in-view is enabled by default. Therefore, database queries may be performed during view rendering. Explicitly configure spring.jpa.open-in-view to disable this warning
2025-03-27 09:53:41 [restartedMain] INFO  o.s.v.b.OptionalValidatorFactoryBean - Failed to set up a Bean Validation provider: jakarta.validation.NoProviderFoundException: Unable to create a Configuration, because no Jakarta Bean Validation provider could be found. Add a provider like Hibernate Validator (RI) to your classpath.
2025-03-27 09:53:41 [restartedMain] INFO  o.s.b.d.a.OptionalLiveReloadServer - LiveReload server is running on port 35729
2025-03-27 09:53:41 [restartedMain] INFO  o.a.coyote.http11.Http11NioProtocol - Starting ProtocolHandler ["http-nio-8080"]
2025-03-27 09:53:41 [restartedMain] INFO  o.s.b.w.e.tomcat.TomcatWebServer - Tomcat started on port 8080 (http) with context path '/'
2025-03-27 09:53:41 [restartedMain] INFO  c.a.PollCreationBackendApplication - Started PollCreationBackendApplication in 1.433 seconds (process running for 235434.593)
2025-03-27 09:53:41 [restartedMain] INFO  o.s.b.d.a.ConditionEvaluationDeltaLoggingListener - Condition evaluation unchanged
2025-03-27 09:53:54 [http-nio-8080-exec-1] INFO  o.a.c.c.C.[.[localhost].[/] - Initializing Spring DispatcherServlet 'dispatcherServlet'
2025-03-27 09:53:54 [http-nio-8080-exec-1] INFO  o.s.web.servlet.DispatcherServlet - Initializing Servlet 'dispatcherServlet'
2025-03-27 09:53:54 [http-nio-8080-exec-1] INFO  o.s.web.servlet.DispatcherServlet - Completed initialization in 1 ms
2025-03-27 09:56:32 [File Watcher] INFO  o.s.b.d.a.LocalDevToolsAutoConfiguration$RestartingClassPathChangeChangedEventListener - Restarting due to 2 class path changes (0 additions, 0 deletions, 2 modifications)
2025-03-27 09:56:32 [Thread-523] INFO  o.s.b.w.e.tomcat.GracefulShutdown - Commencing graceful shutdown. Waiting for active requests to complete
2025-03-27 09:56:32 [tomcat-shutdown] INFO  o.a.coyote.http11.Http11NioProtocol - Pausing ProtocolHandler ["http-nio-8080"]
2025-03-27 09:56:32 [tomcat-shutdown] INFO  o.s.b.w.e.tomcat.GracefulShutdown - Graceful shutdown complete
2025-03-27 09:56:32 [Thread-523] INFO  o.a.coyote.http11.Http11NioProtocol - Stopping ProtocolHandler ["http-nio-8080"]
2025-03-27 09:56:32 [Thread-523] INFO  o.s.o.j.LocalContainerEntityManagerFactoryBean - Closing JPA EntityManagerFactory for persistence unit 'default'
2025-03-27 09:56:32 [Thread-523] INFO  com.zaxxer.hikari.HikariDataSource - HikariPool-134 - Shutdown initiated...
2025-03-27 09:56:32 [Thread-523] INFO  com.zaxxer.hikari.HikariDataSource - HikariPool-134 - Shutdown completed.
2025-03-27 09:56:32 [restartedMain] INFO  c.a.PollCreationBackendApplication - Starting PollCreationBackendApplication using Java 21.0.6 with PID 28272 (D:\PollCreationBackend\PollCreationBackend\target\classes started by Akanksh in D:\PollCreationBackend\PollCreationBackend)
2025-03-27 09:56:32 [restartedMain] INFO  c.a.PollCreationBackendApplication - No active profile set, falling back to 1 default profile: "default"
2025-03-27 09:56:33 [restartedMain] INFO  o.s.d.r.c.RepositoryConfigurationDelegate - Bootstrapping Spring Data JPA repositories in DEFAULT mode.
2025-03-27 09:56:33 [restartedMain] INFO  o.s.d.r.c.RepositoryConfigurationDelegate - Finished Spring Data repository scanning in 27 ms. Found 5 JPA repository interfaces.
2025-03-27 09:56:33 [restartedMain] INFO  o.s.b.w.e.tomcat.TomcatWebServer - Tomcat initialized with port 8080 (http)
2025-03-27 09:56:33 [restartedMain] INFO  o.a.coyote.http11.Http11NioProtocol - Initializing ProtocolHandler ["http-nio-8080"]
2025-03-27 09:56:33 [restartedMain] INFO  o.a.catalina.core.StandardService - Starting service [Tomcat]
2025-03-27 09:56:33 [restartedMain] INFO  o.a.catalina.core.StandardEngine - Starting Servlet engine: [Apache Tomcat/10.1.36]
2025-03-27 09:56:33 [restartedMain] INFO  o.a.c.c.C.[.[localhost].[/] - Initializing Spring embedded WebApplicationContext
2025-03-27 09:56:33 [restartedMain] INFO  o.s.b.w.s.c.ServletWebServerApplicationContext - Root WebApplicationContext: initialization completed in 394 ms
2025-03-27 09:56:33 [restartedMain] INFO  o.h.jpa.internal.util.LogHelper - HHH000204: Processing PersistenceUnitInfo [name: default]
2025-03-27 09:56:33 [restartedMain] INFO  o.h.c.i.RegionFactoryInitiator - HHH000026: Second-level cache disabled
2025-03-27 09:56:33 [restartedMain] INFO  o.s.o.j.p.SpringPersistenceUnitInfo - No LoadTimeWeaver setup: ignoring JPA class transformer
2025-03-27 09:56:33 [restartedMain] INFO  com.zaxxer.hikari.HikariDataSource - HikariPool-135 - Starting...
2025-03-27 09:56:33 [restartedMain] INFO  com.zaxxer.hikari.pool.HikariPool - HikariPool-135 - Added connection com.mysql.cj.jdbc.ConnectionImpl@4f9154ee
2025-03-27 09:56:33 [restartedMain] INFO  com.zaxxer.hikari.HikariDataSource - HikariPool-135 - Start completed.
2025-03-27 09:56:33 [restartedMain] INFO  o.hibernate.orm.connections.pooling - HHH10001005: Database info:
	Database JDBC URL [Connecting through datasource 'HikariDataSource (HikariPool-135)']
	Database driver: undefined/unknown
	Database version: 8.0.41
	Autocommit mode: undefined/unknown
	Isolation level: undefined/unknown
	Minimum pool size: undefined/unknown
	Maximum pool size: undefined/unknown
2025-03-27 09:56:33 [restartedMain] INFO  o.h.e.t.j.p.i.JtaPlatformInitiator - HHH000489: No JTA platform available (set 'hibernate.transaction.jta.platform' to enable JTA platform integration)
2025-03-27 09:56:33 [restartedMain] INFO  o.s.o.j.LocalContainerEntityManagerFactoryBean - Initialized JPA EntityManagerFactory for persistence unit 'default'
2025-03-27 09:56:33 [restartedMain] WARN  o.s.b.a.o.j.JpaBaseConfiguration$JpaWebConfiguration - spring.jpa.open-in-view is enabled by default. Therefore, database queries may be performed during view rendering. Explicitly configure spring.jpa.open-in-view to disable this warning
2025-03-27 09:56:33 [restartedMain] INFO  o.s.v.b.OptionalValidatorFactoryBean - Failed to set up a Bean Validation provider: jakarta.validation.NoProviderFoundException: Unable to create a Configuration, because no Jakarta Bean Validation provider could be found. Add a provider like Hibernate Validator (RI) to your classpath.
2025-03-27 09:56:33 [restartedMain] INFO  o.s.b.d.a.OptionalLiveReloadServer - LiveReload server is running on port 35729
2025-03-27 09:56:33 [restartedMain] INFO  o.a.coyote.http11.Http11NioProtocol - Starting ProtocolHandler ["http-nio-8080"]
2025-03-27 09:56:33 [restartedMain] INFO  o.s.b.w.e.tomcat.TomcatWebServer - Tomcat started on port 8080 (http) with context path '/'
2025-03-27 09:56:33 [restartedMain] INFO  c.a.PollCreationBackendApplication - Started PollCreationBackendApplication in 1.01 seconds (process running for 235607.135)
2025-03-27 09:56:33 [restartedMain] INFO  o.s.b.d.a.ConditionEvaluationDeltaLoggingListener - Condition evaluation unchanged
2025-03-27 09:56:48 [File Watcher] INFO  o.s.b.d.a.LocalDevToolsAutoConfiguration$RestartingClassPathChangeChangedEventListener - Restarting due to 1 class path change (0 additions, 0 deletions, 1 modification)
2025-03-27 09:56:48 [Thread-527] INFO  o.s.b.w.e.tomcat.GracefulShutdown - Commencing graceful shutdown. Waiting for active requests to complete
2025-03-27 09:56:48 [tomcat-shutdown] INFO  o.a.coyote.http11.Http11NioProtocol - Pausing ProtocolHandler ["http-nio-8080"]
2025-03-27 09:56:48 [tomcat-shutdown] INFO  o.s.b.w.e.tomcat.GracefulShutdown - Graceful shutdown complete
2025-03-27 09:56:48 [Thread-527] INFO  o.a.coyote.http11.Http11NioProtocol - Stopping ProtocolHandler ["http-nio-8080"]
2025-03-27 09:56:48 [Thread-527] INFO  o.s.o.j.LocalContainerEntityManagerFactoryBean - Closing JPA EntityManagerFactory for persistence unit 'default'
2025-03-27 09:56:48 [Thread-527] INFO  com.zaxxer.hikari.HikariDataSource - HikariPool-135 - Shutdown initiated...
2025-03-27 09:56:48 [Thread-527] INFO  com.zaxxer.hikari.HikariDataSource - HikariPool-135 - Shutdown completed.
2025-03-27 09:56:48 [restartedMain] INFO  c.a.PollCreationBackendApplication - Starting PollCreationBackendApplication using Java 21.0.6 with PID 28272 (D:\PollCreationBackend\PollCreationBackend\target\classes started by Akanksh in D:\PollCreationBackend\PollCreationBackend)
2025-03-27 09:56:48 [restartedMain] INFO  c.a.PollCreationBackendApplication - No active profile set, falling back to 1 default profile: "default"
2025-03-27 09:56:48 [restartedMain] INFO  o.s.d.r.c.RepositoryConfigurationDelegate - Bootstrapping Spring Data JPA repositories in DEFAULT mode.
2025-03-27 09:56:48 [restartedMain] INFO  o.s.d.r.c.RepositoryConfigurationDelegate - Finished Spring Data repository scanning in 19 ms. Found 5 JPA repository interfaces.
2025-03-27 09:56:48 [restartedMain] INFO  o.s.b.w.e.tomcat.TomcatWebServer - Tomcat initialized with port 8080 (http)
2025-03-27 09:56:48 [restartedMain] INFO  o.a.coyote.http11.Http11NioProtocol - Initializing ProtocolHandler ["http-nio-8080"]
2025-03-27 09:56:48 [restartedMain] INFO  o.a.catalina.core.StandardService - Starting service [Tomcat]
2025-03-27 09:56:48 [restartedMain] INFO  o.a.catalina.core.StandardEngine - Starting Servlet engine: [Apache Tomcat/10.1.36]
2025-03-27 09:56:49 [restartedMain] INFO  o.a.c.c.C.[.[localhost].[/] - Initializing Spring embedded WebApplicationContext
2025-03-27 09:56:49 [restartedMain] INFO  o.s.b.w.s.c.ServletWebServerApplicationContext - Root WebApplicationContext: initialization completed in 266 ms
2025-03-27 09:56:49 [restartedMain] INFO  o.h.jpa.internal.util.LogHelper - HHH000204: Processing PersistenceUnitInfo [name: default]
2025-03-27 09:56:49 [restartedMain] INFO  o.h.c.i.RegionFactoryInitiator - HHH000026: Second-level cache disabled
2025-03-27 09:56:49 [restartedMain] INFO  o.s.o.j.p.SpringPersistenceUnitInfo - No LoadTimeWeaver setup: ignoring JPA class transformer
2025-03-27 09:56:49 [restartedMain] INFO  com.zaxxer.hikari.HikariDataSource - HikariPool-136 - Starting...
2025-03-27 09:56:49 [restartedMain] INFO  com.zaxxer.hikari.pool.HikariPool - HikariPool-136 - Added connection com.mysql.cj.jdbc.ConnectionImpl@4e41b2f5
2025-03-27 09:56:49 [restartedMain] INFO  com.zaxxer.hikari.HikariDataSource - HikariPool-136 - Start completed.
2025-03-27 09:56:49 [restartedMain] INFO  o.hibernate.orm.connections.pooling - HHH10001005: Database info:
	Database JDBC URL [Connecting through datasource 'HikariDataSource (HikariPool-136)']
	Database driver: undefined/unknown
	Database version: 8.0.41
	Autocommit mode: undefined/unknown
	Isolation level: undefined/unknown
	Minimum pool size: undefined/unknown
	Maximum pool size: undefined/unknown
2025-03-27 09:56:49 [restartedMain] INFO  o.h.e.t.j.p.i.JtaPlatformInitiator - HHH000489: No JTA platform available (set 'hibernate.transaction.jta.platform' to enable JTA platform integration)
2025-03-27 09:56:49 [restartedMain] INFO  o.s.o.j.LocalContainerEntityManagerFactoryBean - Initialized JPA EntityManagerFactory for persistence unit 'default'
2025-03-27 09:56:49 [restartedMain] WARN  o.s.b.a.o.j.JpaBaseConfiguration$JpaWebConfiguration - spring.jpa.open-in-view is enabled by default. Therefore, database queries may be performed during view rendering. Explicitly configure spring.jpa.open-in-view to disable this warning
2025-03-27 09:56:49 [restartedMain] INFO  o.s.v.b.OptionalValidatorFactoryBean - Failed to set up a Bean Validation provider: jakarta.validation.NoProviderFoundException: Unable to create a Configuration, because no Jakarta Bean Validation provider could be found. Add a provider like Hibernate Validator (RI) to your classpath.
2025-03-27 09:56:49 [restartedMain] INFO  o.s.b.d.a.OptionalLiveReloadServer - LiveReload server is running on port 35729
2025-03-27 09:56:49 [restartedMain] INFO  o.a.coyote.http11.Http11NioProtocol - Starting ProtocolHandler ["http-nio-8080"]
2025-03-27 09:56:49 [restartedMain] INFO  o.s.b.w.e.tomcat.TomcatWebServer - Tomcat started on port 8080 (http) with context path '/'
2025-03-27 09:56:49 [restartedMain] INFO  c.a.PollCreationBackendApplication - Started PollCreationBackendApplication in 0.732 seconds (process running for 235622.714)
2025-03-27 09:56:49 [restartedMain] INFO  o.s.b.d.a.ConditionEvaluationDeltaLoggingListener - Condition evaluation unchanged
2025-03-27 09:56:49 [http-nio-8080-exec-2] INFO  o.a.c.c.C.[.[localhost].[/] - Initializing Spring DispatcherServlet 'dispatcherServlet'
2025-03-27 09:56:49 [http-nio-8080-exec-2] INFO  o.s.web.servlet.DispatcherServlet - Initializing Servlet 'dispatcherServlet'
2025-03-27 09:56:49 [http-nio-8080-exec-2] INFO  o.s.web.servlet.DispatcherServlet - Completed initialization in 1 ms
2025-03-27 09:58:42 [File Watcher] INFO  o.s.b.d.a.LocalDevToolsAutoConfiguration$RestartingClassPathChangeChangedEventListener - Restarting due to 2 class path changes (0 additions, 0 deletions, 2 modifications)
2025-03-27 09:58:42 [Thread-531] INFO  o.s.b.w.e.tomcat.GracefulShutdown - Commencing graceful shutdown. Waiting for active requests to complete
2025-03-27 09:58:42 [tomcat-shutdown] INFO  o.a.coyote.http11.Http11NioProtocol - Pausing ProtocolHandler ["http-nio-8080"]
2025-03-27 09:58:42 [tomcat-shutdown] INFO  o.s.b.w.e.tomcat.GracefulShutdown - Graceful shutdown complete
2025-03-27 09:58:42 [Thread-531] INFO  o.a.coyote.http11.Http11NioProtocol - Stopping ProtocolHandler ["http-nio-8080"]
2025-03-27 09:58:42 [Thread-531] INFO  o.s.o.j.LocalContainerEntityManagerFactoryBean - Closing JPA EntityManagerFactory for persistence unit 'default'
2025-03-27 09:58:42 [Thread-531] INFO  com.zaxxer.hikari.HikariDataSource - HikariPool-136 - Shutdown initiated...
2025-03-27 09:58:42 [Thread-531] INFO  com.zaxxer.hikari.HikariDataSource - HikariPool-136 - Shutdown completed.
2025-03-27 09:58:43 [restartedMain] INFO  c.a.PollCreationBackendApplication - Starting PollCreationBackendApplication using Java 21.0.6 with PID 28272 (D:\PollCreationBackend\PollCreationBackend\target\classes started by Akanksh in D:\PollCreationBackend\PollCreationBackend)
2025-03-27 09:58:43 [restartedMain] INFO  c.a.PollCreationBackendApplication - No active profile set, falling back to 1 default profile: "default"
2025-03-27 09:58:43 [restartedMain] INFO  o.s.d.r.c.RepositoryConfigurationDelegate - Bootstrapping Spring Data JPA repositories in DEFAULT mode.
2025-03-27 09:58:43 [restartedMain] INFO  o.s.d.r.c.RepositoryConfigurationDelegate - Finished Spring Data repository scanning in 15 ms. Found 5 JPA repository interfaces.
2025-03-27 09:58:43 [restartedMain] INFO  o.s.b.w.e.tomcat.TomcatWebServer - Tomcat initialized with port 8080 (http)
2025-03-27 09:58:43 [restartedMain] INFO  o.a.coyote.http11.Http11NioProtocol - Initializing ProtocolHandler ["http-nio-8080"]
2025-03-27 09:58:43 [restartedMain] INFO  o.a.catalina.core.StandardService - Starting service [Tomcat]
2025-03-27 09:58:43 [restartedMain] INFO  o.a.catalina.core.StandardEngine - Starting Servlet engine: [Apache Tomcat/10.1.36]
2025-03-27 09:58:43 [restartedMain] INFO  o.a.c.c.C.[.[localhost].[/] - Initializing Spring embedded WebApplicationContext
2025-03-27 09:58:43 [restartedMain] INFO  o.s.b.w.s.c.ServletWebServerApplicationContext - Root WebApplicationContext: initialization completed in 296 ms
2025-03-27 09:58:43 [restartedMain] INFO  o.h.jpa.internal.util.LogHelper - HHH000204: Processing PersistenceUnitInfo [name: default]
2025-03-27 09:58:43 [restartedMain] INFO  o.h.c.i.RegionFactoryInitiator - HHH000026: Second-level cache disabled
2025-03-27 09:58:43 [restartedMain] INFO  o.s.o.j.p.SpringPersistenceUnitInfo - No LoadTimeWeaver setup: ignoring JPA class transformer
2025-03-27 09:58:43 [restartedMain] INFO  com.zaxxer.hikari.HikariDataSource - HikariPool-137 - Starting...
2025-03-27 09:58:43 [restartedMain] INFO  com.zaxxer.hikari.pool.HikariPool - HikariPool-137 - Added connection com.mysql.cj.jdbc.ConnectionImpl@16a8cd6b
2025-03-27 09:58:43 [restartedMain] INFO  com.zaxxer.hikari.HikariDataSource - HikariPool-137 - Start completed.
2025-03-27 09:58:43 [restartedMain] INFO  o.hibernate.orm.connections.pooling - HHH10001005: Database info:
	Database JDBC URL [Connecting through datasource 'HikariDataSource (HikariPool-137)']
	Database driver: undefined/unknown
	Database version: 8.0.41
	Autocommit mode: undefined/unknown
	Isolation level: undefined/unknown
	Minimum pool size: undefined/unknown
	Maximum pool size: undefined/unknown
2025-03-27 09:58:43 [restartedMain] INFO  o.h.e.t.j.p.i.JtaPlatformInitiator - HHH000489: No JTA platform available (set 'hibernate.transaction.jta.platform' to enable JTA platform integration)
2025-03-27 09:58:43 [restartedMain] INFO  o.s.o.j.LocalContainerEntityManagerFactoryBean - Initialized JPA EntityManagerFactory for persistence unit 'default'
2025-03-27 09:58:43 [restartedMain] WARN  o.s.b.w.s.c.AnnotationConfigServletWebServerApplicationContext - Exception encountered during context initialization - cancelling refresh attempt: org.springframework.beans.factory.UnsatisfiedDependencyException: Error creating bean with name 'pollController': Unsatisfied dependency expressed through field 'pollService': Error creating bean with name 'pollServiceImpl': Lookup method resolution failed
2025-03-27 09:58:43 [restartedMain] INFO  o.s.o.j.LocalContainerEntityManagerFactoryBean - Closing JPA EntityManagerFactory for persistence unit 'default'
2025-03-27 09:58:43 [restartedMain] INFO  com.zaxxer.hikari.HikariDataSource - HikariPool-137 - Shutdown initiated...
2025-03-27 09:58:43 [restartedMain] INFO  com.zaxxer.hikari.HikariDataSource - HikariPool-137 - Shutdown completed.
2025-03-27 09:58:43 [restartedMain] INFO  o.a.catalina.core.StandardService - Stopping service [Tomcat]
2025-03-27 09:58:43 [restartedMain] INFO  o.s.b.a.l.ConditionEvaluationReportLogger - 

Error starting ApplicationContext. To display the condition evaluation report re-run your application with 'debug' enabled.
2025-03-27 09:58:43 [restartedMain] ERROR o.s.boot.SpringApplication - Application run failed
org.springframework.beans.factory.UnsatisfiedDependencyException: Error creating bean with name 'pollController': Unsatisfied dependency expressed through field 'pollService': Error creating bean with name 'pollServiceImpl': Lookup method resolution failed
	at org.springframework.beans.factory.annotation.AutowiredAnnotationBeanPostProcessor$AutowiredFieldElement.resolveFieldValue(AutowiredAnnotationBeanPostProcessor.java:788)
	at org.springframework.beans.factory.annotation.AutowiredAnnotationBeanPostProcessor$AutowiredFieldElement.inject(AutowiredAnnotationBeanPostProcessor.java:768)
	at org.springframework.beans.factory.annotation.InjectionMetadata.inject(InjectionMetadata.java:146)
	at org.springframework.beans.factory.annotation.AutowiredAnnotationBeanPostProcessor.postProcessProperties(AutowiredAnnotationBeanPostProcessor.java:509)
	at org.springframework.beans.factory.support.AbstractAutowireCapableBeanFactory.populateBean(AbstractAutowireCapableBeanFactory.java:1445)
	at org.springframework.beans.factory.support.AbstractAutowireCapableBeanFactory.doCreateBean(AbstractAutowireCapableBeanFactory.java:600)
	at org.springframework.beans.factory.support.AbstractAutowireCapableBeanFactory.createBean(AbstractAutowireCapableBeanFactory.java:523)
	at org.springframework.beans.factory.support.AbstractBeanFactory.lambda$doGetBean$0(AbstractBeanFactory.java:339)
	at org.springframework.beans.factory.support.DefaultSingletonBeanRegistry.getSingleton(DefaultSingletonBeanRegistry.java:346)
	at org.springframework.beans.factory.support.AbstractBeanFactory.doGetBean(AbstractBeanFactory.java:337)
	at org.springframework.beans.factory.support.AbstractBeanFactory.getBean(AbstractBeanFactory.java:202)
	at org.springframework.beans.factory.support.DefaultListableBeanFactory.instantiateSingleton(DefaultListableBeanFactory.java:1155)
	at org.springframework.beans.factory.support.DefaultListableBeanFactory.preInstantiateSingleton(DefaultListableBeanFactory.java:1121)
	at org.springframework.beans.factory.support.DefaultListableBeanFactory.preInstantiateSingletons(DefaultListableBeanFactory.java:1056)
	at org.springframework.context.support.AbstractApplicationContext.finishBeanFactoryInitialization(AbstractApplicationContext.java:987)
	at org.springframework.context.support.AbstractApplicationContext.refresh(AbstractApplicationContext.java:627)
	at org.springframework.boot.web.servlet.context.ServletWebServerApplicationContext.refresh(ServletWebServerApplicationContext.java:146)
	at org.springframework.boot.SpringApplication.refresh(SpringApplication.java:752)
	at org.springframework.boot.SpringApplication.refreshContext(SpringApplication.java:439)
	at org.springframework.boot.SpringApplication.run(SpringApplication.java:318)
	at org.springframework.boot.SpringApplication.run(SpringApplication.java:1361)
	at org.springframework.boot.SpringApplication.run(SpringApplication.java:1350)
	at com.akanksh.PollCreationBackendApplication.main(PollCreationBackendApplication.java:19)
	at java.base/jdk.internal.reflect.DirectMethodHandleAccessor.invoke(DirectMethodHandleAccessor.java:103)
	at java.base/java.lang.reflect.Method.invoke(Method.java:580)
	at org.springframework.boot.devtools.restart.RestartLauncher.run(RestartLauncher.java:50)
Caused by: org.springframework.beans.factory.BeanCreationException: Error creating bean with name 'pollServiceImpl': Lookup method resolution failed
	at org.springframework.beans.factory.annotation.AutowiredAnnotationBeanPostProcessor.checkLookupMethods(AutowiredAnnotationBeanPostProcessor.java:498)
	at org.springframework.beans.factory.annotation.AutowiredAnnotationBeanPostProcessor.determineCandidateConstructors(AutowiredAnnotationBeanPostProcessor.java:368)
	at org.springframework.beans.factory.support.AbstractAutowireCapableBeanFactory.determineConstructorsFromBeanPostProcessors(AbstractAutowireCapableBeanFactory.java:1320)
	at org.springframework.beans.factory.support.AbstractAutowireCapableBeanFactory.createBeanInstance(AbstractAutowireCapableBeanFactory.java:1215)
	at org.springframework.beans.factory.support.AbstractAutowireCapableBeanFactory.doCreateBean(AbstractAutowireCapableBeanFactory.java:563)
	at org.springframework.beans.factory.support.AbstractAutowireCapableBeanFactory.createBean(AbstractAutowireCapableBeanFactory.java:523)
	at org.springframework.beans.factory.support.AbstractBeanFactory.lambda$doGetBean$0(AbstractBeanFactory.java:339)
	at org.springframework.beans.factory.support.DefaultSingletonBeanRegistry.getSingleton(DefaultSingletonBeanRegistry.java:346)
	at org.springframework.beans.factory.support.AbstractBeanFactory.doGetBean(AbstractBeanFactory.java:337)
	at org.springframework.beans.factory.support.AbstractBeanFactory.getBean(AbstractBeanFactory.java:202)
	at org.springframework.beans.factory.config.DependencyDescriptor.resolveCandidate(DependencyDescriptor.java:254)
	at org.springframework.beans.factory.support.DefaultListableBeanFactory.doResolveDependency(DefaultListableBeanFactory.java:1664)
	at org.springframework.beans.factory.support.DefaultListableBeanFactory.resolveDependency(DefaultListableBeanFactory.java:1552)
	at org.springframework.beans.factory.annotation.AutowiredAnnotationBeanPostProcessor$AutowiredFieldElement.resolveFieldValue(AutowiredAnnotationBeanPostProcessor.java:785)
	... 25 common frames omitted
Caused by: java.lang.IllegalStateException: Failed to introspect Class [com.akanksh.service.PollServiceImpl] from ClassLoader [org.springframework.boot.devtools.restart.classloader.RestartClassLoader@1616e2db]
	at org.springframework.util.ReflectionUtils.getDeclaredMethods(ReflectionUtils.java:483)
	at org.springframework.util.ReflectionUtils.doWithLocalMethods(ReflectionUtils.java:320)
	at org.springframework.beans.factory.annotation.AutowiredAnnotationBeanPostProcessor.checkLookupMethods(AutowiredAnnotationBeanPostProcessor.java:476)
	... 38 common frames omitted
Caused by: java.lang.NoClassDefFoundError: UpdatePollRequestDto
	at java.base/java.lang.Class.getDeclaredMethods0(Native Method)
	at java.base/java.lang.Class.privateGetDeclaredMethods(Class.java:3578)
	at java.base/java.lang.Class.getDeclaredMethods(Class.java:2676)
	at org.springframework.util.ReflectionUtils.getDeclaredMethods(ReflectionUtils.java:465)
	... 40 common frames omitted
Caused by: java.lang.ClassNotFoundException: UpdatePollRequestDto
	at java.base/jdk.internal.loader.BuiltinClassLoader.loadClass(BuiltinClassLoader.java:641)
	at java.base/jdk.internal.loader.ClassLoaders$AppClassLoader.loadClass(ClassLoaders.java:188)
	at java.base/java.lang.ClassLoader.loadClass(ClassLoader.java:526)
	at java.base/java.lang.Class.forName0(Native Method)
	at java.base/java.lang.Class.forName(Class.java:534)
	at java.base/java.lang.Class.forName(Class.java:513)
	at org.springframework.boot.devtools.restart.classloader.RestartClassLoader.loadClass(RestartClassLoader.java:121)
	at java.base/java.lang.ClassLoader.loadClass(ClassLoader.java:526)
	... 44 common frames omitted
2025-03-27 10:01:31 [restartedMain] INFO  c.a.PollCreationBackendApplication - Starting PollCreationBackendApplication using Java 21.0.6 with PID 28272 (D:\PollCreationBackend\PollCreationBackend\target\classes started by Akanksh in D:\PollCreationBackend\PollCreationBackend)
2025-03-27 10:01:31 [restartedMain] INFO  c.a.PollCreationBackendApplication - No active profile set, falling back to 1 default profile: "default"
2025-03-27 10:01:31 [restartedMain] INFO  o.s.d.r.c.RepositoryConfigurationDelegate - Bootstrapping Spring Data JPA repositories in DEFAULT mode.
2025-03-27 10:01:31 [restartedMain] INFO  o.s.d.r.c.RepositoryConfigurationDelegate - Finished Spring Data repository scanning in 18 ms. Found 5 JPA repository interfaces.
2025-03-27 10:01:31 [restartedMain] INFO  o.s.b.w.e.tomcat.TomcatWebServer - Tomcat initialized with port 8080 (http)
2025-03-27 10:01:31 [restartedMain] INFO  o.a.coyote.http11.Http11NioProtocol - Initializing ProtocolHandler ["http-nio-8080"]
2025-03-27 10:01:31 [restartedMain] INFO  o.a.catalina.core.StandardService - Starting service [Tomcat]
2025-03-27 10:01:31 [restartedMain] INFO  o.a.catalina.core.StandardEngine - Starting Servlet engine: [Apache Tomcat/10.1.36]
2025-03-27 10:01:31 [restartedMain] INFO  o.a.c.c.C.[.[localhost].[/] - Initializing Spring embedded WebApplicationContext
2025-03-27 10:01:31 [restartedMain] INFO  o.s.b.w.s.c.ServletWebServerApplicationContext - Root WebApplicationContext: initialization completed in 284 ms
2025-03-27 10:01:31 [restartedMain] INFO  o.h.jpa.internal.util.LogHelper - HHH000204: Processing PersistenceUnitInfo [name: default]
2025-03-27 10:01:31 [restartedMain] INFO  o.h.c.i.RegionFactoryInitiator - HHH000026: Second-level cache disabled
2025-03-27 10:01:31 [restartedMain] INFO  o.s.o.j.p.SpringPersistenceUnitInfo - No LoadTimeWeaver setup: ignoring JPA class transformer
2025-03-27 10:01:31 [restartedMain] INFO  com.zaxxer.hikari.HikariDataSource - HikariPool-138 - Starting...
2025-03-27 10:01:31 [restartedMain] INFO  com.zaxxer.hikari.pool.HikariPool - HikariPool-138 - Added connection com.mysql.cj.jdbc.ConnectionImpl@780cca0a
2025-03-27 10:01:31 [restartedMain] INFO  com.zaxxer.hikari.HikariDataSource - HikariPool-138 - Start completed.
2025-03-27 10:01:31 [restartedMain] INFO  o.hibernate.orm.connections.pooling - HHH10001005: Database info:
	Database JDBC URL [Connecting through datasource 'HikariDataSource (HikariPool-138)']
	Database driver: undefined/unknown
	Database version: 8.0.41
	Autocommit mode: undefined/unknown
	Isolation level: undefined/unknown
	Minimum pool size: undefined/unknown
	Maximum pool size: undefined/unknown
2025-03-27 10:01:31 [restartedMain] INFO  o.h.e.t.j.p.i.JtaPlatformInitiator - HHH000489: No JTA platform available (set 'hibernate.transaction.jta.platform' to enable JTA platform integration)
2025-03-27 10:01:31 [restartedMain] INFO  o.s.o.j.LocalContainerEntityManagerFactoryBean - Initialized JPA EntityManagerFactory for persistence unit 'default'
2025-03-27 10:01:31 [restartedMain] WARN  o.s.b.w.s.c.AnnotationConfigServletWebServerApplicationContext - Exception encountered during context initialization - cancelling refresh attempt: org.springframework.beans.factory.UnsatisfiedDependencyException: Error creating bean with name 'pollController': Unsatisfied dependency expressed through field 'pollService': Error creating bean with name 'pollServiceImpl': Lookup method resolution failed
2025-03-27 10:01:31 [restartedMain] INFO  o.s.o.j.LocalContainerEntityManagerFactoryBean - Closing JPA EntityManagerFactory for persistence unit 'default'
2025-03-27 10:01:31 [restartedMain] INFO  com.zaxxer.hikari.HikariDataSource - HikariPool-138 - Shutdown initiated...
2025-03-27 10:01:31 [restartedMain] INFO  com.zaxxer.hikari.HikariDataSource - HikariPool-138 - Shutdown completed.
2025-03-27 10:01:31 [restartedMain] INFO  o.a.catalina.core.StandardService - Stopping service [Tomcat]
2025-03-27 10:01:31 [restartedMain] INFO  o.s.b.a.l.ConditionEvaluationReportLogger - 

Error starting ApplicationContext. To display the condition evaluation report re-run your application with 'debug' enabled.
2025-03-27 10:01:31 [restartedMain] ERROR o.s.boot.SpringApplication - Application run failed
org.springframework.beans.factory.UnsatisfiedDependencyException: Error creating bean with name 'pollController': Unsatisfied dependency expressed through field 'pollService': Error creating bean with name 'pollServiceImpl': Lookup method resolution failed
	at org.springframework.beans.factory.annotation.AutowiredAnnotationBeanPostProcessor$AutowiredFieldElement.resolveFieldValue(AutowiredAnnotationBeanPostProcessor.java:788)
	at org.springframework.beans.factory.annotation.AutowiredAnnotationBeanPostProcessor$AutowiredFieldElement.inject(AutowiredAnnotationBeanPostProcessor.java:768)
	at org.springframework.beans.factory.annotation.InjectionMetadata.inject(InjectionMetadata.java:146)
	at org.springframework.beans.factory.annotation.AutowiredAnnotationBeanPostProcessor.postProcessProperties(AutowiredAnnotationBeanPostProcessor.java:509)
	at org.springframework.beans.factory.support.AbstractAutowireCapableBeanFactory.populateBean(AbstractAutowireCapableBeanFactory.java:1445)
	at org.springframework.beans.factory.support.AbstractAutowireCapableBeanFactory.doCreateBean(AbstractAutowireCapableBeanFactory.java:600)
	at org.springframework.beans.factory.support.AbstractAutowireCapableBeanFactory.createBean(AbstractAutowireCapableBeanFactory.java:523)
	at org.springframework.beans.factory.support.AbstractBeanFactory.lambda$doGetBean$0(AbstractBeanFactory.java:339)
	at org.springframework.beans.factory.support.DefaultSingletonBeanRegistry.getSingleton(DefaultSingletonBeanRegistry.java:346)
	at org.springframework.beans.factory.support.AbstractBeanFactory.doGetBean(AbstractBeanFactory.java:337)
	at org.springframework.beans.factory.support.AbstractBeanFactory.getBean(AbstractBeanFactory.java:202)
	at org.springframework.beans.factory.support.DefaultListableBeanFactory.instantiateSingleton(DefaultListableBeanFactory.java:1155)
	at org.springframework.beans.factory.support.DefaultListableBeanFactory.preInstantiateSingleton(DefaultListableBeanFactory.java:1121)
	at org.springframework.beans.factory.support.DefaultListableBeanFactory.preInstantiateSingletons(DefaultListableBeanFactory.java:1056)
	at org.springframework.context.support.AbstractApplicationContext.finishBeanFactoryInitialization(AbstractApplicationContext.java:987)
	at org.springframework.context.support.AbstractApplicationContext.refresh(AbstractApplicationContext.java:627)
	at org.springframework.boot.web.servlet.context.ServletWebServerApplicationContext.refresh(ServletWebServerApplicationContext.java:146)
	at org.springframework.boot.SpringApplication.refresh(SpringApplication.java:752)
	at org.springframework.boot.SpringApplication.refreshContext(SpringApplication.java:439)
	at org.springframework.boot.SpringApplication.run(SpringApplication.java:318)
	at org.springframework.boot.SpringApplication.run(SpringApplication.java:1361)
	at org.springframework.boot.SpringApplication.run(SpringApplication.java:1350)
	at com.akanksh.PollCreationBackendApplication.main(PollCreationBackendApplication.java:19)
	at java.base/jdk.internal.reflect.DirectMethodHandleAccessor.invoke(DirectMethodHandleAccessor.java:103)
	at java.base/java.lang.reflect.Method.invoke(Method.java:580)
	at org.springframework.boot.devtools.restart.RestartLauncher.run(RestartLauncher.java:50)
Caused by: org.springframework.beans.factory.BeanCreationException: Error creating bean with name 'pollServiceImpl': Lookup method resolution failed
	at org.springframework.beans.factory.annotation.AutowiredAnnotationBeanPostProcessor.checkLookupMethods(AutowiredAnnotationBeanPostProcessor.java:498)
	at org.springframework.beans.factory.annotation.AutowiredAnnotationBeanPostProcessor.determineCandidateConstructors(AutowiredAnnotationBeanPostProcessor.java:368)
	at org.springframework.beans.factory.support.AbstractAutowireCapableBeanFactory.determineConstructorsFromBeanPostProcessors(AbstractAutowireCapableBeanFactory.java:1320)
	at org.springframework.beans.factory.support.AbstractAutowireCapableBeanFactory.createBeanInstance(AbstractAutowireCapableBeanFactory.java:1215)
	at org.springframework.beans.factory.support.AbstractAutowireCapableBeanFactory.doCreateBean(AbstractAutowireCapableBeanFactory.java:563)
	at org.springframework.beans.factory.support.AbstractAutowireCapableBeanFactory.createBean(AbstractAutowireCapableBeanFactory.java:523)
	at org.springframework.beans.factory.support.AbstractBeanFactory.lambda$doGetBean$0(AbstractBeanFactory.java:339)
	at org.springframework.beans.factory.support.DefaultSingletonBeanRegistry.getSingleton(DefaultSingletonBeanRegistry.java:346)
	at org.springframework.beans.factory.support.AbstractBeanFactory.doGetBean(AbstractBeanFactory.java:337)
	at org.springframework.beans.factory.support.AbstractBeanFactory.getBean(AbstractBeanFactory.java:202)
	at org.springframework.beans.factory.config.DependencyDescriptor.resolveCandidate(DependencyDescriptor.java:254)
	at org.springframework.beans.factory.support.DefaultListableBeanFactory.doResolveDependency(DefaultListableBeanFactory.java:1664)
	at org.springframework.beans.factory.support.DefaultListableBeanFactory.resolveDependency(DefaultListableBeanFactory.java:1552)
	at org.springframework.beans.factory.annotation.AutowiredAnnotationBeanPostProcessor$AutowiredFieldElement.resolveFieldValue(AutowiredAnnotationBeanPostProcessor.java:785)
	... 25 common frames omitted
Caused by: java.lang.IllegalStateException: Failed to introspect Class [com.akanksh.service.PollServiceImpl] from ClassLoader [org.springframework.boot.devtools.restart.classloader.RestartClassLoader@28755cfc]
	at org.springframework.util.ReflectionUtils.getDeclaredMethods(ReflectionUtils.java:483)
	at org.springframework.util.ReflectionUtils.doWithLocalMethods(ReflectionUtils.java:320)
	at org.springframework.beans.factory.annotation.AutowiredAnnotationBeanPostProcessor.checkLookupMethods(AutowiredAnnotationBeanPostProcessor.java:476)
	... 38 common frames omitted
Caused by: java.lang.NoClassDefFoundError: UpdatePollRequestDto
	at java.base/java.lang.Class.getDeclaredMethods0(Native Method)
	at java.base/java.lang.Class.privateGetDeclaredMethods(Class.java:3578)
	at java.base/java.lang.Class.getDeclaredMethods(Class.java:2676)
	at org.springframework.util.ReflectionUtils.getDeclaredMethods(ReflectionUtils.java:465)
	... 40 common frames omitted
Caused by: java.lang.ClassNotFoundException: UpdatePollRequestDto
	at java.base/jdk.internal.loader.BuiltinClassLoader.loadClass(BuiltinClassLoader.java:641)
	at java.base/jdk.internal.loader.ClassLoaders$AppClassLoader.loadClass(ClassLoaders.java:188)
	at java.base/java.lang.ClassLoader.loadClass(ClassLoader.java:526)
	at java.base/java.lang.Class.forName0(Native Method)
	at java.base/java.lang.Class.forName(Class.java:534)
	at java.base/java.lang.Class.forName(Class.java:513)
	at org.springframework.boot.devtools.restart.classloader.RestartClassLoader.loadClass(RestartClassLoader.java:121)
	at java.base/java.lang.ClassLoader.loadClass(ClassLoader.java:526)
	... 44 common frames omitted
2025-03-27 10:01:45 [restartedMain] INFO  c.a.PollCreationBackendApplication - Starting PollCreationBackendApplication using Java 21.0.6 with PID 28272 (D:\PollCreationBackend\PollCreationBackend\target\classes started by Akanksh in D:\PollCreationBackend\PollCreationBackend)
2025-03-27 10:01:45 [restartedMain] INFO  c.a.PollCreationBackendApplication - No active profile set, falling back to 1 default profile: "default"
2025-03-27 10:01:45 [restartedMain] INFO  o.s.d.r.c.RepositoryConfigurationDelegate - Bootstrapping Spring Data JPA repositories in DEFAULT mode.
2025-03-27 10:01:45 [restartedMain] INFO  o.s.d.r.c.RepositoryConfigurationDelegate - Finished Spring Data repository scanning in 15 ms. Found 5 JPA repository interfaces.
2025-03-27 10:01:45 [restartedMain] INFO  o.s.b.w.e.tomcat.TomcatWebServer - Tomcat initialized with port 8080 (http)
2025-03-27 10:01:45 [restartedMain] INFO  o.a.coyote.http11.Http11NioProtocol - Initializing ProtocolHandler ["http-nio-8080"]
2025-03-27 10:01:45 [restartedMain] INFO  o.a.catalina.core.StandardService - Starting service [Tomcat]
2025-03-27 10:01:45 [restartedMain] INFO  o.a.catalina.core.StandardEngine - Starting Servlet engine: [Apache Tomcat/10.1.36]
2025-03-27 10:01:45 [restartedMain] INFO  o.a.c.c.C.[.[localhost].[/] - Initializing Spring embedded WebApplicationContext
2025-03-27 10:01:45 [restartedMain] INFO  o.s.b.w.s.c.ServletWebServerApplicationContext - Root WebApplicationContext: initialization completed in 292 ms
2025-03-27 10:01:45 [restartedMain] INFO  o.h.jpa.internal.util.LogHelper - HHH000204: Processing PersistenceUnitInfo [name: default]
2025-03-27 10:01:45 [restartedMain] INFO  o.h.c.i.RegionFactoryInitiator - HHH000026: Second-level cache disabled
2025-03-27 10:01:45 [restartedMain] INFO  o.s.o.j.p.SpringPersistenceUnitInfo - No LoadTimeWeaver setup: ignoring JPA class transformer
2025-03-27 10:01:45 [restartedMain] INFO  com.zaxxer.hikari.HikariDataSource - HikariPool-139 - Starting...
2025-03-27 10:01:45 [restartedMain] INFO  com.zaxxer.hikari.pool.HikariPool - HikariPool-139 - Added connection com.mysql.cj.jdbc.ConnectionImpl@d7d44b8
2025-03-27 10:01:45 [restartedMain] INFO  com.zaxxer.hikari.HikariDataSource - HikariPool-139 - Start completed.
2025-03-27 10:01:45 [restartedMain] INFO  o.hibernate.orm.connections.pooling - HHH10001005: Database info:
	Database JDBC URL [Connecting through datasource 'HikariDataSource (HikariPool-139)']
	Database driver: undefined/unknown
	Database version: 8.0.41
	Autocommit mode: undefined/unknown
	Isolation level: undefined/unknown
	Minimum pool size: undefined/unknown
	Maximum pool size: undefined/unknown
2025-03-27 10:01:46 [restartedMain] INFO  o.h.e.t.j.p.i.JtaPlatformInitiator - HHH000489: No JTA platform available (set 'hibernate.transaction.jta.platform' to enable JTA platform integration)
2025-03-27 10:01:46 [restartedMain] INFO  o.s.o.j.LocalContainerEntityManagerFactoryBean - Initialized JPA EntityManagerFactory for persistence unit 'default'
2025-03-27 10:01:46 [restartedMain] WARN  o.s.b.w.s.c.AnnotationConfigServletWebServerApplicationContext - Exception encountered during context initialization - cancelling refresh attempt: org.springframework.beans.factory.UnsatisfiedDependencyException: Error creating bean with name 'pollController': Unsatisfied dependency expressed through field 'pollService': Error creating bean with name 'pollServiceImpl': Lookup method resolution failed
2025-03-27 10:01:46 [restartedMain] INFO  o.s.o.j.LocalContainerEntityManagerFactoryBean - Closing JPA EntityManagerFactory for persistence unit 'default'
2025-03-27 10:01:46 [restartedMain] INFO  com.zaxxer.hikari.HikariDataSource - HikariPool-139 - Shutdown initiated...
2025-03-27 10:01:46 [restartedMain] INFO  com.zaxxer.hikari.HikariDataSource - HikariPool-139 - Shutdown completed.
2025-03-27 10:01:46 [restartedMain] INFO  o.a.catalina.core.StandardService - Stopping service [Tomcat]
2025-03-27 10:01:46 [restartedMain] INFO  o.s.b.a.l.ConditionEvaluationReportLogger - 

Error starting ApplicationContext. To display the condition evaluation report re-run your application with 'debug' enabled.
2025-03-27 10:01:46 [restartedMain] ERROR o.s.boot.SpringApplication - Application run failed
org.springframework.beans.factory.UnsatisfiedDependencyException: Error creating bean with name 'pollController': Unsatisfied dependency expressed through field 'pollService': Error creating bean with name 'pollServiceImpl': Lookup method resolution failed
	at org.springframework.beans.factory.annotation.AutowiredAnnotationBeanPostProcessor$AutowiredFieldElement.resolveFieldValue(AutowiredAnnotationBeanPostProcessor.java:788)
	at org.springframework.beans.factory.annotation.AutowiredAnnotationBeanPostProcessor$AutowiredFieldElement.inject(AutowiredAnnotationBeanPostProcessor.java:768)
	at org.springframework.beans.factory.annotation.InjectionMetadata.inject(InjectionMetadata.java:146)
	at org.springframework.beans.factory.annotation.AutowiredAnnotationBeanPostProcessor.postProcessProperties(AutowiredAnnotationBeanPostProcessor.java:509)
	at org.springframework.beans.factory.support.AbstractAutowireCapableBeanFactory.populateBean(AbstractAutowireCapableBeanFactory.java:1445)
	at org.springframework.beans.factory.support.AbstractAutowireCapableBeanFactory.doCreateBean(AbstractAutowireCapableBeanFactory.java:600)
	at org.springframework.beans.factory.support.AbstractAutowireCapableBeanFactory.createBean(AbstractAutowireCapableBeanFactory.java:523)
	at org.springframework.beans.factory.support.AbstractBeanFactory.lambda$doGetBean$0(AbstractBeanFactory.java:339)
	at org.springframework.beans.factory.support.DefaultSingletonBeanRegistry.getSingleton(DefaultSingletonBeanRegistry.java:346)
	at org.springframework.beans.factory.support.AbstractBeanFactory.doGetBean(AbstractBeanFactory.java:337)
	at org.springframework.beans.factory.support.AbstractBeanFactory.getBean(AbstractBeanFactory.java:202)
	at org.springframework.beans.factory.support.DefaultListableBeanFactory.instantiateSingleton(DefaultListableBeanFactory.java:1155)
	at org.springframework.beans.factory.support.DefaultListableBeanFactory.preInstantiateSingleton(DefaultListableBeanFactory.java:1121)
	at org.springframework.beans.factory.support.DefaultListableBeanFactory.preInstantiateSingletons(DefaultListableBeanFactory.java:1056)
	at org.springframework.context.support.AbstractApplicationContext.finishBeanFactoryInitialization(AbstractApplicationContext.java:987)
	at org.springframework.context.support.AbstractApplicationContext.refresh(AbstractApplicationContext.java:627)
	at org.springframework.boot.web.servlet.context.ServletWebServerApplicationContext.refresh(ServletWebServerApplicationContext.java:146)
	at org.springframework.boot.SpringApplication.refresh(SpringApplication.java:752)
	at org.springframework.boot.SpringApplication.refreshContext(SpringApplication.java:439)
	at org.springframework.boot.SpringApplication.run(SpringApplication.java:318)
	at org.springframework.boot.SpringApplication.run(SpringApplication.java:1361)
	at org.springframework.boot.SpringApplication.run(SpringApplication.java:1350)
	at com.akanksh.PollCreationBackendApplication.main(PollCreationBackendApplication.java:19)
	at java.base/jdk.internal.reflect.DirectMethodHandleAccessor.invoke(DirectMethodHandleAccessor.java:103)
	at java.base/java.lang.reflect.Method.invoke(Method.java:580)
	at org.springframework.boot.devtools.restart.RestartLauncher.run(RestartLauncher.java:50)
Caused by: org.springframework.beans.factory.BeanCreationException: Error creating bean with name 'pollServiceImpl': Lookup method resolution failed
	at org.springframework.beans.factory.annotation.AutowiredAnnotationBeanPostProcessor.checkLookupMethods(AutowiredAnnotationBeanPostProcessor.java:498)
	at org.springframework.beans.factory.annotation.AutowiredAnnotationBeanPostProcessor.determineCandidateConstructors(AutowiredAnnotationBeanPostProcessor.java:368)
	at org.springframework.beans.factory.support.AbstractAutowireCapableBeanFactory.determineConstructorsFromBeanPostProcessors(AbstractAutowireCapableBeanFactory.java:1320)
	at org.springframework.beans.factory.support.AbstractAutowireCapableBeanFactory.createBeanInstance(AbstractAutowireCapableBeanFactory.java:1215)
	at org.springframework.beans.factory.support.AbstractAutowireCapableBeanFactory.doCreateBean(AbstractAutowireCapableBeanFactory.java:563)
	at org.springframework.beans.factory.support.AbstractAutowireCapableBeanFactory.createBean(AbstractAutowireCapableBeanFactory.java:523)
	at org.springframework.beans.factory.support.AbstractBeanFactory.lambda$doGetBean$0(AbstractBeanFactory.java:339)
	at org.springframework.beans.factory.support.DefaultSingletonBeanRegistry.getSingleton(DefaultSingletonBeanRegistry.java:346)
	at org.springframework.beans.factory.support.AbstractBeanFactory.doGetBean(AbstractBeanFactory.java:337)
	at org.springframework.beans.factory.support.AbstractBeanFactory.getBean(AbstractBeanFactory.java:202)
	at org.springframework.beans.factory.config.DependencyDescriptor.resolveCandidate(DependencyDescriptor.java:254)
	at org.springframework.beans.factory.support.DefaultListableBeanFactory.doResolveDependency(DefaultListableBeanFactory.java:1664)
	at org.springframework.beans.factory.support.DefaultListableBeanFactory.resolveDependency(DefaultListableBeanFactory.java:1552)
	at org.springframework.beans.factory.annotation.AutowiredAnnotationBeanPostProcessor$AutowiredFieldElement.resolveFieldValue(AutowiredAnnotationBeanPostProcessor.java:785)
	... 25 common frames omitted
Caused by: java.lang.IllegalStateException: Failed to introspect Class [com.akanksh.service.PollServiceImpl] from ClassLoader [org.springframework.boot.devtools.restart.classloader.RestartClassLoader@e7232dc]
	at org.springframework.util.ReflectionUtils.getDeclaredMethods(ReflectionUtils.java:483)
	at org.springframework.util.ReflectionUtils.doWithLocalMethods(ReflectionUtils.java:320)
	at org.springframework.beans.factory.annotation.AutowiredAnnotationBeanPostProcessor.checkLookupMethods(AutowiredAnnotationBeanPostProcessor.java:476)
	... 38 common frames omitted
Caused by: java.lang.NoClassDefFoundError: UpdatePollRequestDto
	at java.base/java.lang.Class.getDeclaredMethods0(Native Method)
	at java.base/java.lang.Class.privateGetDeclaredMethods(Class.java:3578)
	at java.base/java.lang.Class.getDeclaredMethods(Class.java:2676)
	at org.springframework.util.ReflectionUtils.getDeclaredMethods(ReflectionUtils.java:465)
	... 40 common frames omitted
Caused by: java.lang.ClassNotFoundException: UpdatePollRequestDto
	at java.base/jdk.internal.loader.BuiltinClassLoader.loadClass(BuiltinClassLoader.java:641)
	at java.base/jdk.internal.loader.ClassLoaders$AppClassLoader.loadClass(ClassLoaders.java:188)
	at java.base/java.lang.ClassLoader.loadClass(ClassLoader.java:526)
	at java.base/java.lang.Class.forName0(Native Method)
	at java.base/java.lang.Class.forName(Class.java:534)
	at java.base/java.lang.Class.forName(Class.java:513)
	at org.springframework.boot.devtools.restart.classloader.RestartClassLoader.loadClass(RestartClassLoader.java:121)
	at java.base/java.lang.ClassLoader.loadClass(ClassLoader.java:526)
	... 44 common frames omitted
2025-03-27 10:02:00 [restartedMain] INFO  c.a.PollCreationBackendApplication - Starting PollCreationBackendApplication using Java 21.0.6 with PID 28272 (D:\PollCreationBackend\PollCreationBackend\target\classes started by Akanksh in D:\PollCreationBackend\PollCreationBackend)
2025-03-27 10:02:00 [restartedMain] INFO  c.a.PollCreationBackendApplication - No active profile set, falling back to 1 default profile: "default"
2025-03-27 10:02:01 [restartedMain] INFO  o.s.d.r.c.RepositoryConfigurationDelegate - Bootstrapping Spring Data JPA repositories in DEFAULT mode.
2025-03-27 10:02:01 [restartedMain] INFO  o.s.d.r.c.RepositoryConfigurationDelegate - Finished Spring Data repository scanning in 15 ms. Found 5 JPA repository interfaces.
2025-03-27 10:02:01 [restartedMain] INFO  o.s.b.w.e.tomcat.TomcatWebServer - Tomcat initialized with port 8080 (http)
2025-03-27 10:02:01 [restartedMain] INFO  o.a.coyote.http11.Http11NioProtocol - Initializing ProtocolHandler ["http-nio-8080"]
2025-03-27 10:02:01 [restartedMain] INFO  o.a.catalina.core.StandardService - Starting service [Tomcat]
2025-03-27 10:02:01 [restartedMain] INFO  o.a.catalina.core.StandardEngine - Starting Servlet engine: [Apache Tomcat/10.1.36]
2025-03-27 10:02:01 [restartedMain] INFO  o.a.c.c.C.[.[localhost].[/] - Initializing Spring embedded WebApplicationContext
2025-03-27 10:02:01 [restartedMain] INFO  o.s.b.w.s.c.ServletWebServerApplicationContext - Root WebApplicationContext: initialization completed in 263 ms
2025-03-27 10:02:01 [restartedMain] INFO  o.h.jpa.internal.util.LogHelper - HHH000204: Processing PersistenceUnitInfo [name: default]
2025-03-27 10:02:01 [restartedMain] INFO  o.h.c.i.RegionFactoryInitiator - HHH000026: Second-level cache disabled
2025-03-27 10:02:01 [restartedMain] INFO  o.s.o.j.p.SpringPersistenceUnitInfo - No LoadTimeWeaver setup: ignoring JPA class transformer
2025-03-27 10:02:01 [restartedMain] INFO  com.zaxxer.hikari.HikariDataSource - HikariPool-140 - Starting...
2025-03-27 10:02:01 [restartedMain] INFO  com.zaxxer.hikari.pool.HikariPool - HikariPool-140 - Added connection com.mysql.cj.jdbc.ConnectionImpl@617c2051
2025-03-27 10:02:01 [restartedMain] INFO  com.zaxxer.hikari.HikariDataSource - HikariPool-140 - Start completed.
2025-03-27 10:02:01 [restartedMain] INFO  o.hibernate.orm.connections.pooling - HHH10001005: Database info:
	Database JDBC URL [Connecting through datasource 'HikariDataSource (HikariPool-140)']
	Database driver: undefined/unknown
	Database version: 8.0.41
	Autocommit mode: undefined/unknown
	Isolation level: undefined/unknown
	Minimum pool size: undefined/unknown
	Maximum pool size: undefined/unknown
2025-03-27 10:02:01 [restartedMain] INFO  o.h.e.t.j.p.i.JtaPlatformInitiator - HHH000489: No JTA platform available (set 'hibernate.transaction.jta.platform' to enable JTA platform integration)
2025-03-27 10:02:01 [restartedMain] INFO  o.s.o.j.LocalContainerEntityManagerFactoryBean - Initialized JPA EntityManagerFactory for persistence unit 'default'
2025-03-27 10:02:01 [restartedMain] WARN  o.s.b.w.s.c.AnnotationConfigServletWebServerApplicationContext - Exception encountered during context initialization - cancelling refresh attempt: org.springframework.beans.factory.UnsatisfiedDependencyException: Error creating bean with name 'pollController': Unsatisfied dependency expressed through field 'pollService': Error creating bean with name 'pollServiceImpl': Lookup method resolution failed
2025-03-27 10:02:01 [restartedMain] INFO  o.s.o.j.LocalContainerEntityManagerFactoryBean - Closing JPA EntityManagerFactory for persistence unit 'default'
2025-03-27 10:02:01 [restartedMain] INFO  com.zaxxer.hikari.HikariDataSource - HikariPool-140 - Shutdown initiated...
2025-03-27 10:02:01 [restartedMain] INFO  com.zaxxer.hikari.HikariDataSource - HikariPool-140 - Shutdown completed.
2025-03-27 10:02:01 [restartedMain] INFO  o.a.catalina.core.StandardService - Stopping service [Tomcat]
2025-03-27 10:02:01 [restartedMain] INFO  o.s.b.a.l.ConditionEvaluationReportLogger - 

Error starting ApplicationContext. To display the condition evaluation report re-run your application with 'debug' enabled.
2025-03-27 10:02:01 [restartedMain] ERROR o.s.boot.SpringApplication - Application run failed
org.springframework.beans.factory.UnsatisfiedDependencyException: Error creating bean with name 'pollController': Unsatisfied dependency expressed through field 'pollService': Error creating bean with name 'pollServiceImpl': Lookup method resolution failed
	at org.springframework.beans.factory.annotation.AutowiredAnnotationBeanPostProcessor$AutowiredFieldElement.resolveFieldValue(AutowiredAnnotationBeanPostProcessor.java:788)
	at org.springframework.beans.factory.annotation.AutowiredAnnotationBeanPostProcessor$AutowiredFieldElement.inject(AutowiredAnnotationBeanPostProcessor.java:768)
	at org.springframework.beans.factory.annotation.InjectionMetadata.inject(InjectionMetadata.java:146)
	at org.springframework.beans.factory.annotation.AutowiredAnnotationBeanPostProcessor.postProcessProperties(AutowiredAnnotationBeanPostProcessor.java:509)
	at org.springframework.beans.factory.support.AbstractAutowireCapableBeanFactory.populateBean(AbstractAutowireCapableBeanFactory.java:1445)
	at org.springframework.beans.factory.support.AbstractAutowireCapableBeanFactory.doCreateBean(AbstractAutowireCapableBeanFactory.java:600)
	at org.springframework.beans.factory.support.AbstractAutowireCapableBeanFactory.createBean(AbstractAutowireCapableBeanFactory.java:523)
	at org.springframework.beans.factory.support.AbstractBeanFactory.lambda$doGetBean$0(AbstractBeanFactory.java:339)
	at org.springframework.beans.factory.support.DefaultSingletonBeanRegistry.getSingleton(DefaultSingletonBeanRegistry.java:346)
	at org.springframework.beans.factory.support.AbstractBeanFactory.doGetBean(AbstractBeanFactory.java:337)
	at org.springframework.beans.factory.support.AbstractBeanFactory.getBean(AbstractBeanFactory.java:202)
	at org.springframework.beans.factory.support.DefaultListableBeanFactory.instantiateSingleton(DefaultListableBeanFactory.java:1155)
	at org.springframework.beans.factory.support.DefaultListableBeanFactory.preInstantiateSingleton(DefaultListableBeanFactory.java:1121)
	at org.springframework.beans.factory.support.DefaultListableBeanFactory.preInstantiateSingletons(DefaultListableBeanFactory.java:1056)
	at org.springframework.context.support.AbstractApplicationContext.finishBeanFactoryInitialization(AbstractApplicationContext.java:987)
	at org.springframework.context.support.AbstractApplicationContext.refresh(AbstractApplicationContext.java:627)
	at org.springframework.boot.web.servlet.context.ServletWebServerApplicationContext.refresh(ServletWebServerApplicationContext.java:146)
	at org.springframework.boot.SpringApplication.refresh(SpringApplication.java:752)
	at org.springframework.boot.SpringApplication.refreshContext(SpringApplication.java:439)
	at org.springframework.boot.SpringApplication.run(SpringApplication.java:318)
	at org.springframework.boot.SpringApplication.run(SpringApplication.java:1361)
	at org.springframework.boot.SpringApplication.run(SpringApplication.java:1350)
	at com.akanksh.PollCreationBackendApplication.main(PollCreationBackendApplication.java:19)
	at java.base/jdk.internal.reflect.DirectMethodHandleAccessor.invoke(DirectMethodHandleAccessor.java:103)
	at java.base/java.lang.reflect.Method.invoke(Method.java:580)
	at org.springframework.boot.devtools.restart.RestartLauncher.run(RestartLauncher.java:50)
Caused by: org.springframework.beans.factory.BeanCreationException: Error creating bean with name 'pollServiceImpl': Lookup method resolution failed
	at org.springframework.beans.factory.annotation.AutowiredAnnotationBeanPostProcessor.checkLookupMethods(AutowiredAnnotationBeanPostProcessor.java:498)
	at org.springframework.beans.factory.annotation.AutowiredAnnotationBeanPostProcessor.determineCandidateConstructors(AutowiredAnnotationBeanPostProcessor.java:368)
	at org.springframework.beans.factory.support.AbstractAutowireCapableBeanFactory.determineConstructorsFromBeanPostProcessors(AbstractAutowireCapableBeanFactory.java:1320)
	at org.springframework.beans.factory.support.AbstractAutowireCapableBeanFactory.createBeanInstance(AbstractAutowireCapableBeanFactory.java:1215)
	at org.springframework.beans.factory.support.AbstractAutowireCapableBeanFactory.doCreateBean(AbstractAutowireCapableBeanFactory.java:563)
	at org.springframework.beans.factory.support.AbstractAutowireCapableBeanFactory.createBean(AbstractAutowireCapableBeanFactory.java:523)
	at org.springframework.beans.factory.support.AbstractBeanFactory.lambda$doGetBean$0(AbstractBeanFactory.java:339)
	at org.springframework.beans.factory.support.DefaultSingletonBeanRegistry.getSingleton(DefaultSingletonBeanRegistry.java:346)
	at org.springframework.beans.factory.support.AbstractBeanFactory.doGetBean(AbstractBeanFactory.java:337)
	at org.springframework.beans.factory.support.AbstractBeanFactory.getBean(AbstractBeanFactory.java:202)
	at org.springframework.beans.factory.config.DependencyDescriptor.resolveCandidate(DependencyDescriptor.java:254)
	at org.springframework.beans.factory.support.DefaultListableBeanFactory.doResolveDependency(DefaultListableBeanFactory.java:1664)
	at org.springframework.beans.factory.support.DefaultListableBeanFactory.resolveDependency(DefaultListableBeanFactory.java:1552)
	at org.springframework.beans.factory.annotation.AutowiredAnnotationBeanPostProcessor$AutowiredFieldElement.resolveFieldValue(AutowiredAnnotationBeanPostProcessor.java:785)
	... 25 common frames omitted
Caused by: java.lang.IllegalStateException: Failed to introspect Class [com.akanksh.service.PollServiceImpl] from ClassLoader [org.springframework.boot.devtools.restart.classloader.RestartClassLoader@617f43f9]
	at org.springframework.util.ReflectionUtils.getDeclaredMethods(ReflectionUtils.java:483)
	at org.springframework.util.ReflectionUtils.doWithLocalMethods(ReflectionUtils.java:320)
	at org.springframework.beans.factory.annotation.AutowiredAnnotationBeanPostProcessor.checkLookupMethods(AutowiredAnnotationBeanPostProcessor.java:476)
	... 38 common frames omitted
Caused by: java.lang.NoClassDefFoundError: UpdatePollRequestDto
	at java.base/java.lang.Class.getDeclaredMethods0(Native Method)
	at java.base/java.lang.Class.privateGetDeclaredMethods(Class.java:3578)
	at java.base/java.lang.Class.getDeclaredMethods(Class.java:2676)
	at org.springframework.util.ReflectionUtils.getDeclaredMethods(ReflectionUtils.java:465)
	... 40 common frames omitted
Caused by: java.lang.ClassNotFoundException: UpdatePollRequestDto
	at java.base/jdk.internal.loader.BuiltinClassLoader.loadClass(BuiltinClassLoader.java:641)
	at java.base/jdk.internal.loader.ClassLoaders$AppClassLoader.loadClass(ClassLoaders.java:188)
	at java.base/java.lang.ClassLoader.loadClass(ClassLoader.java:526)
	at java.base/java.lang.Class.forName0(Native Method)
	at java.base/java.lang.Class.forName(Class.java:534)
	at java.base/java.lang.Class.forName(Class.java:513)
	at org.springframework.boot.devtools.restart.classloader.RestartClassLoader.loadClass(RestartClassLoader.java:121)
	at java.base/java.lang.ClassLoader.loadClass(ClassLoader.java:526)
	... 44 common frames omitted
2025-03-27 10:02:07 [restartedMain] INFO  c.a.PollCreationBackendApplication - Starting PollCreationBackendApplication using Java 21.0.6 with PID 28272 (D:\PollCreationBackend\PollCreationBackend\target\classes started by Akanksh in D:\PollCreationBackend\PollCreationBackend)
2025-03-27 10:02:07 [restartedMain] INFO  c.a.PollCreationBackendApplication - No active profile set, falling back to 1 default profile: "default"
2025-03-27 10:02:07 [restartedMain] INFO  o.s.d.r.c.RepositoryConfigurationDelegate - Bootstrapping Spring Data JPA repositories in DEFAULT mode.
2025-03-27 10:02:07 [restartedMain] INFO  o.s.d.r.c.RepositoryConfigurationDelegate - Finished Spring Data repository scanning in 17 ms. Found 5 JPA repository interfaces.
2025-03-27 10:02:07 [restartedMain] INFO  o.s.b.w.e.tomcat.TomcatWebServer - Tomcat initialized with port 8080 (http)
2025-03-27 10:02:07 [restartedMain] INFO  o.a.coyote.http11.Http11NioProtocol - Initializing ProtocolHandler ["http-nio-8080"]
2025-03-27 10:02:07 [restartedMain] INFO  o.a.catalina.core.StandardService - Starting service [Tomcat]
2025-03-27 10:02:07 [restartedMain] INFO  o.a.catalina.core.StandardEngine - Starting Servlet engine: [Apache Tomcat/10.1.36]
2025-03-27 10:02:07 [restartedMain] INFO  o.a.c.c.C.[.[localhost].[/] - Initializing Spring embedded WebApplicationContext
2025-03-27 10:02:07 [restartedMain] INFO  o.s.b.w.s.c.ServletWebServerApplicationContext - Root WebApplicationContext: initialization completed in 286 ms
2025-03-27 10:02:07 [restartedMain] INFO  o.h.jpa.internal.util.LogHelper - HHH000204: Processing PersistenceUnitInfo [name: default]
2025-03-27 10:02:07 [restartedMain] INFO  o.h.c.i.RegionFactoryInitiator - HHH000026: Second-level cache disabled
2025-03-27 10:02:07 [restartedMain] INFO  o.s.o.j.p.SpringPersistenceUnitInfo - No LoadTimeWeaver setup: ignoring JPA class transformer
2025-03-27 10:02:07 [restartedMain] INFO  com.zaxxer.hikari.HikariDataSource - HikariPool-141 - Starting...
2025-03-27 10:02:07 [restartedMain] INFO  com.zaxxer.hikari.pool.HikariPool - HikariPool-141 - Added connection com.mysql.cj.jdbc.ConnectionImpl@7235aae6
2025-03-27 10:02:07 [restartedMain] INFO  com.zaxxer.hikari.HikariDataSource - HikariPool-141 - Start completed.
2025-03-27 10:02:07 [restartedMain] INFO  o.hibernate.orm.connections.pooling - HHH10001005: Database info:
	Database JDBC URL [Connecting through datasource 'HikariDataSource (HikariPool-141)']
	Database driver: undefined/unknown
	Database version: 8.0.41
	Autocommit mode: undefined/unknown
	Isolation level: undefined/unknown
	Minimum pool size: undefined/unknown
	Maximum pool size: undefined/unknown
2025-03-27 10:02:07 [restartedMain] INFO  o.h.e.t.j.p.i.JtaPlatformInitiator - HHH000489: No JTA platform available (set 'hibernate.transaction.jta.platform' to enable JTA platform integration)
2025-03-27 10:02:07 [restartedMain] INFO  o.s.o.j.LocalContainerEntityManagerFactoryBean - Initialized JPA EntityManagerFactory for persistence unit 'default'
2025-03-27 10:02:07 [restartedMain] WARN  o.s.b.a.o.j.JpaBaseConfiguration$JpaWebConfiguration - spring.jpa.open-in-view is enabled by default. Therefore, database queries may be performed during view rendering. Explicitly configure spring.jpa.open-in-view to disable this warning
2025-03-27 10:02:07 [restartedMain] INFO  o.s.v.b.OptionalValidatorFactoryBean - Failed to set up a Bean Validation provider: jakarta.validation.NoProviderFoundException: Unable to create a Configuration, because no Jakarta Bean Validation provider could be found. Add a provider like Hibernate Validator (RI) to your classpath.
2025-03-27 10:02:07 [restartedMain] INFO  o.s.b.d.a.OptionalLiveReloadServer - LiveReload server is running on port 35729
2025-03-27 10:02:07 [restartedMain] INFO  o.a.coyote.http11.Http11NioProtocol - Starting ProtocolHandler ["http-nio-8080"]
2025-03-27 10:02:07 [restartedMain] INFO  o.s.b.w.e.tomcat.TomcatWebServer - Tomcat started on port 8080 (http) with context path '/'
2025-03-27 10:02:07 [restartedMain] INFO  c.a.PollCreationBackendApplication - Started PollCreationBackendApplication in 0.731 seconds (process running for 235940.986)
2025-03-27 10:02:07 [restartedMain] INFO  o.s.b.d.a.ConditionEvaluationDeltaLoggingListener - Condition evaluation unchanged
2025-03-27 10:02:29 [File Watcher] INFO  o.s.b.d.a.LocalDevToolsAutoConfiguration$RestartingClassPathChangeChangedEventListener - Restarting due to 1 class path change (0 additions, 0 deletions, 1 modification)
2025-03-27 10:02:29 [Thread-535] INFO  o.s.b.w.e.tomcat.GracefulShutdown - Commencing graceful shutdown. Waiting for active requests to complete
2025-03-27 10:02:29 [tomcat-shutdown] INFO  o.a.coyote.http11.Http11NioProtocol - Pausing ProtocolHandler ["http-nio-8080"]
2025-03-27 10:02:29 [tomcat-shutdown] INFO  o.s.b.w.e.tomcat.GracefulShutdown - Graceful shutdown complete
2025-03-27 10:02:29 [Thread-535] INFO  o.a.coyote.http11.Http11NioProtocol - Stopping ProtocolHandler ["http-nio-8080"]
2025-03-27 10:02:29 [Thread-535] INFO  o.s.o.j.LocalContainerEntityManagerFactoryBean - Closing JPA EntityManagerFactory for persistence unit 'default'
2025-03-27 10:02:29 [Thread-535] INFO  com.zaxxer.hikari.HikariDataSource - HikariPool-141 - Shutdown initiated...
2025-03-27 10:02:29 [Thread-535] INFO  com.zaxxer.hikari.HikariDataSource - HikariPool-141 - Shutdown completed.
2025-03-27 10:02:29 [restartedMain] INFO  c.a.PollCreationBackendApplication - Starting PollCreationBackendApplication using Java 21.0.6 with PID 28272 (D:\PollCreationBackend\PollCreationBackend\target\classes started by Akanksh in D:\PollCreationBackend\PollCreationBackend)
2025-03-27 10:02:29 [restartedMain] INFO  c.a.PollCreationBackendApplication - No active profile set, falling back to 1 default profile: "default"
2025-03-27 10:02:29 [restartedMain] INFO  o.s.d.r.c.RepositoryConfigurationDelegate - Bootstrapping Spring Data JPA repositories in DEFAULT mode.
2025-03-27 10:02:29 [restartedMain] INFO  o.s.d.r.c.RepositoryConfigurationDelegate - Finished Spring Data repository scanning in 14 ms. Found 5 JPA repository interfaces.
2025-03-27 10:02:29 [restartedMain] INFO  o.s.b.w.e.tomcat.TomcatWebServer - Tomcat initialized with port 8080 (http)
2025-03-27 10:02:29 [restartedMain] INFO  o.a.coyote.http11.Http11NioProtocol - Initializing ProtocolHandler ["http-nio-8080"]
2025-03-27 10:02:29 [restartedMain] INFO  o.a.catalina.core.StandardService - Starting service [Tomcat]
2025-03-27 10:02:29 [restartedMain] INFO  o.a.catalina.core.StandardEngine - Starting Servlet engine: [Apache Tomcat/10.1.36]
2025-03-27 10:02:29 [restartedMain] INFO  o.a.c.c.C.[.[localhost].[/] - Initializing Spring embedded WebApplicationContext
2025-03-27 10:02:29 [restartedMain] INFO  o.s.b.w.s.c.ServletWebServerApplicationContext - Root WebApplicationContext: initialization completed in 238 ms
2025-03-27 10:02:29 [restartedMain] INFO  o.h.jpa.internal.util.LogHelper - HHH000204: Processing PersistenceUnitInfo [name: default]
2025-03-27 10:02:29 [restartedMain] INFO  o.h.c.i.RegionFactoryInitiator - HHH000026: Second-level cache disabled
2025-03-27 10:02:29 [restartedMain] INFO  o.s.o.j.p.SpringPersistenceUnitInfo - No LoadTimeWeaver setup: ignoring JPA class transformer
2025-03-27 10:02:29 [restartedMain] INFO  com.zaxxer.hikari.HikariDataSource - HikariPool-142 - Starting...
2025-03-27 10:02:29 [restartedMain] INFO  com.zaxxer.hikari.pool.HikariPool - HikariPool-142 - Added connection com.mysql.cj.jdbc.ConnectionImpl@1c1663ba
2025-03-27 10:02:29 [restartedMain] INFO  com.zaxxer.hikari.HikariDataSource - HikariPool-142 - Start completed.
2025-03-27 10:02:29 [restartedMain] INFO  o.hibernate.orm.connections.pooling - HHH10001005: Database info:
	Database JDBC URL [Connecting through datasource 'HikariDataSource (HikariPool-142)']
	Database driver: undefined/unknown
	Database version: 8.0.41
	Autocommit mode: undefined/unknown
	Isolation level: undefined/unknown
	Minimum pool size: undefined/unknown
	Maximum pool size: undefined/unknown
2025-03-27 10:02:30 [restartedMain] INFO  o.h.e.t.j.p.i.JtaPlatformInitiator - HHH000489: No JTA platform available (set 'hibernate.transaction.jta.platform' to enable JTA platform integration)
2025-03-27 10:02:30 [restartedMain] INFO  o.s.o.j.LocalContainerEntityManagerFactoryBean - Initialized JPA EntityManagerFactory for persistence unit 'default'
2025-03-27 10:02:30 [restartedMain] WARN  o.s.b.a.o.j.JpaBaseConfiguration$JpaWebConfiguration - spring.jpa.open-in-view is enabled by default. Therefore, database queries may be performed during view rendering. Explicitly configure spring.jpa.open-in-view to disable this warning
2025-03-27 10:02:30 [restartedMain] INFO  o.s.v.b.OptionalValidatorFactoryBean - Failed to set up a Bean Validation provider: jakarta.validation.NoProviderFoundException: Unable to create a Configuration, because no Jakarta Bean Validation provider could be found. Add a provider like Hibernate Validator (RI) to your classpath.
2025-03-27 10:02:30 [restartedMain] INFO  o.s.b.d.a.OptionalLiveReloadServer - LiveReload server is running on port 35729
2025-03-27 10:02:30 [restartedMain] INFO  o.a.coyote.http11.Http11NioProtocol - Starting ProtocolHandler ["http-nio-8080"]
2025-03-27 10:02:30 [restartedMain] INFO  o.s.b.w.e.tomcat.TomcatWebServer - Tomcat started on port 8080 (http) with context path '/'
2025-03-27 10:02:30 [restartedMain] INFO  c.a.PollCreationBackendApplication - Started PollCreationBackendApplication in 0.685 seconds (process running for 235963.632)
2025-03-27 10:02:30 [restartedMain] INFO  o.s.b.d.a.ConditionEvaluationDeltaLoggingListener - Condition evaluation unchanged
2025-03-27 10:04:59 [File Watcher] INFO  o.s.b.d.a.LocalDevToolsAutoConfiguration$RestartingClassPathChangeChangedEventListener - Restarting due to 1 class path change (0 additions, 0 deletions, 1 modification)
2025-03-27 10:04:59 [Thread-551] INFO  o.s.b.w.e.tomcat.GracefulShutdown - Commencing graceful shutdown. Waiting for active requests to complete
2025-03-27 10:04:59 [tomcat-shutdown] INFO  o.a.coyote.http11.Http11NioProtocol - Pausing ProtocolHandler ["http-nio-8080"]
2025-03-27 10:04:59 [tomcat-shutdown] INFO  o.s.b.w.e.tomcat.GracefulShutdown - Graceful shutdown complete
2025-03-27 10:04:59 [Thread-551] INFO  o.a.coyote.http11.Http11NioProtocol - Stopping ProtocolHandler ["http-nio-8080"]
2025-03-27 10:04:59 [Thread-551] INFO  o.s.o.j.LocalContainerEntityManagerFactoryBean - Closing JPA EntityManagerFactory for persistence unit 'default'
2025-03-27 10:04:59 [Thread-551] INFO  com.zaxxer.hikari.HikariDataSource - HikariPool-142 - Shutdown initiated...
2025-03-27 10:04:59 [Thread-551] INFO  com.zaxxer.hikari.HikariDataSource - HikariPool-142 - Shutdown completed.
2025-03-27 10:04:59 [restartedMain] INFO  c.a.PollCreationBackendApplication - Starting PollCreationBackendApplication using Java 21.0.6 with PID 28272 (D:\PollCreationBackend\PollCreationBackend\target\classes started by Akanksh in D:\PollCreationBackend\PollCreationBackend)
2025-03-27 10:04:59 [restartedMain] INFO  c.a.PollCreationBackendApplication - No active profile set, falling back to 1 default profile: "default"
2025-03-27 10:05:00 [restartedMain] INFO  o.s.d.r.c.RepositoryConfigurationDelegate - Bootstrapping Spring Data JPA repositories in DEFAULT mode.
2025-03-27 10:05:00 [restartedMain] INFO  o.s.d.r.c.RepositoryConfigurationDelegate - Finished Spring Data repository scanning in 20 ms. Found 5 JPA repository interfaces.
2025-03-27 10:05:00 [restartedMain] INFO  o.s.b.w.e.tomcat.TomcatWebServer - Tomcat initialized with port 8080 (http)
2025-03-27 10:05:00 [restartedMain] INFO  o.a.coyote.http11.Http11NioProtocol - Initializing ProtocolHandler ["http-nio-8080"]
2025-03-27 10:05:00 [restartedMain] INFO  o.a.catalina.core.StandardService - Starting service [Tomcat]
2025-03-27 10:05:00 [restartedMain] INFO  o.a.catalina.core.StandardEngine - Starting Servlet engine: [Apache Tomcat/10.1.36]
2025-03-27 10:05:00 [restartedMain] INFO  o.a.c.c.C.[.[localhost].[/] - Initializing Spring embedded WebApplicationContext
2025-03-27 10:05:00 [restartedMain] INFO  o.s.b.w.s.c.ServletWebServerApplicationContext - Root WebApplicationContext: initialization completed in 602 ms
2025-03-27 10:05:00 [restartedMain] INFO  o.h.jpa.internal.util.LogHelper - HHH000204: Processing PersistenceUnitInfo [name: default]
2025-03-27 10:05:00 [restartedMain] INFO  o.h.c.i.RegionFactoryInitiator - HHH000026: Second-level cache disabled
2025-03-27 10:05:00 [restartedMain] INFO  o.s.o.j.p.SpringPersistenceUnitInfo - No LoadTimeWeaver setup: ignoring JPA class transformer
2025-03-27 10:05:00 [restartedMain] INFO  com.zaxxer.hikari.HikariDataSource - HikariPool-143 - Starting...
2025-03-27 10:05:00 [restartedMain] INFO  com.zaxxer.hikari.pool.HikariPool - HikariPool-143 - Added connection com.mysql.cj.jdbc.ConnectionImpl@7dffb5d
2025-03-27 10:05:00 [restartedMain] INFO  com.zaxxer.hikari.HikariDataSource - HikariPool-143 - Start completed.
2025-03-27 10:05:00 [restartedMain] INFO  o.hibernate.orm.connections.pooling - HHH10001005: Database info:
	Database JDBC URL [Connecting through datasource 'HikariDataSource (HikariPool-143)']
	Database driver: undefined/unknown
	Database version: 8.0.41
	Autocommit mode: undefined/unknown
	Isolation level: undefined/unknown
	Minimum pool size: undefined/unknown
	Maximum pool size: undefined/unknown
2025-03-27 10:05:00 [restartedMain] INFO  o.h.e.t.j.p.i.JtaPlatformInitiator - HHH000489: No JTA platform available (set 'hibernate.transaction.jta.platform' to enable JTA platform integration)
2025-03-27 10:05:00 [restartedMain] INFO  o.s.o.j.LocalContainerEntityManagerFactoryBean - Initialized JPA EntityManagerFactory for persistence unit 'default'
2025-03-27 10:05:00 [restartedMain] WARN  o.s.b.a.o.j.JpaBaseConfiguration$JpaWebConfiguration - spring.jpa.open-in-view is enabled by default. Therefore, database queries may be performed during view rendering. Explicitly configure spring.jpa.open-in-view to disable this warning
2025-03-27 10:05:00 [restartedMain] INFO  o.s.v.b.OptionalValidatorFactoryBean - Failed to set up a Bean Validation provider: jakarta.validation.NoProviderFoundException: Unable to create a Configuration, because no Jakarta Bean Validation provider could be found. Add a provider like Hibernate Validator (RI) to your classpath.
2025-03-27 10:05:00 [restartedMain] INFO  o.s.b.d.a.OptionalLiveReloadServer - LiveReload server is running on port 35729
2025-03-27 10:05:00 [restartedMain] INFO  o.a.coyote.http11.Http11NioProtocol - Starting ProtocolHandler ["http-nio-8080"]
2025-03-27 10:05:00 [restartedMain] INFO  o.s.b.w.e.tomcat.TomcatWebServer - Tomcat started on port 8080 (http) with context path '/'
2025-03-27 10:05:00 [restartedMain] INFO  c.a.PollCreationBackendApplication - Started PollCreationBackendApplication in 1.114 seconds (process running for 236114.135)
2025-03-27 10:05:00 [restartedMain] INFO  o.s.b.d.a.ConditionEvaluationDeltaLoggingListener - Condition evaluation unchanged
2025-03-27 10:06:35 [http-nio-8080-exec-1] INFO  o.a.c.c.C.[.[localhost].[/] - Initializing Spring DispatcherServlet 'dispatcherServlet'
2025-03-27 10:06:35 [http-nio-8080-exec-1] INFO  o.s.web.servlet.DispatcherServlet - Initializing Servlet 'dispatcherServlet'
2025-03-27 10:06:35 [http-nio-8080-exec-1] INFO  o.s.web.servlet.DispatcherServlet - Completed initialization in 1 ms
2025-03-27 10:08:57 [File Watcher] INFO  o.s.b.d.a.LocalDevToolsAutoConfiguration$RestartingClassPathChangeChangedEventListener - Restarting due to 1 class path change (0 additions, 0 deletions, 1 modification)
2025-03-27 10:08:57 [Thread-555] INFO  o.s.b.w.e.tomcat.GracefulShutdown - Commencing graceful shutdown. Waiting for active requests to complete
2025-03-27 10:08:57 [tomcat-shutdown] INFO  o.a.coyote.http11.Http11NioProtocol - Pausing ProtocolHandler ["http-nio-8080"]
2025-03-27 10:08:57 [tomcat-shutdown] INFO  o.s.b.w.e.tomcat.GracefulShutdown - Graceful shutdown complete
2025-03-27 10:08:57 [Thread-555] INFO  o.a.coyote.http11.Http11NioProtocol - Stopping ProtocolHandler ["http-nio-8080"]
2025-03-27 10:08:57 [Thread-555] INFO  o.s.o.j.LocalContainerEntityManagerFactoryBean - Closing JPA EntityManagerFactory for persistence unit 'default'
2025-03-27 10:08:57 [Thread-555] INFO  com.zaxxer.hikari.HikariDataSource - HikariPool-143 - Shutdown initiated...
2025-03-27 10:08:57 [Thread-555] INFO  com.zaxxer.hikari.HikariDataSource - HikariPool-143 - Shutdown completed.
2025-03-27 10:08:57 [restartedMain] INFO  c.a.PollCreationBackendApplication - Starting PollCreationBackendApplication using Java 21.0.6 with PID 28272 (D:\PollCreationBackend\PollCreationBackend\target\classes started by Akanksh in D:\PollCreationBackend\PollCreationBackend)
2025-03-27 10:08:57 [restartedMain] INFO  c.a.PollCreationBackendApplication - No active profile set, falling back to 1 default profile: "default"
2025-03-27 10:08:57 [restartedMain] INFO  o.s.d.r.c.RepositoryConfigurationDelegate - Bootstrapping Spring Data JPA repositories in DEFAULT mode.
2025-03-27 10:08:57 [restartedMain] INFO  o.s.d.r.c.RepositoryConfigurationDelegate - Finished Spring Data repository scanning in 16 ms. Found 5 JPA repository interfaces.
2025-03-27 10:08:57 [restartedMain] INFO  o.s.b.w.e.tomcat.TomcatWebServer - Tomcat initialized with port 8080 (http)
2025-03-27 10:08:57 [restartedMain] INFO  o.a.coyote.http11.Http11NioProtocol - Initializing ProtocolHandler ["http-nio-8080"]
2025-03-27 10:08:57 [restartedMain] INFO  o.a.catalina.core.StandardService - Starting service [Tomcat]
2025-03-27 10:08:57 [restartedMain] INFO  o.a.catalina.core.StandardEngine - Starting Servlet engine: [Apache Tomcat/10.1.36]
2025-03-27 10:08:57 [restartedMain] INFO  o.a.c.c.C.[.[localhost].[/] - Initializing Spring embedded WebApplicationContext
2025-03-27 10:08:57 [restartedMain] INFO  o.s.b.w.s.c.ServletWebServerApplicationContext - Root WebApplicationContext: initialization completed in 329 ms
2025-03-27 10:08:57 [restartedMain] INFO  o.h.jpa.internal.util.LogHelper - HHH000204: Processing PersistenceUnitInfo [name: default]
2025-03-27 10:08:57 [restartedMain] INFO  o.h.c.i.RegionFactoryInitiator - HHH000026: Second-level cache disabled
2025-03-27 10:08:57 [restartedMain] INFO  o.s.o.j.p.SpringPersistenceUnitInfo - No LoadTimeWeaver setup: ignoring JPA class transformer
2025-03-27 10:08:57 [restartedMain] INFO  com.zaxxer.hikari.HikariDataSource - HikariPool-144 - Starting...
2025-03-27 10:08:57 [restartedMain] INFO  com.zaxxer.hikari.pool.HikariPool - HikariPool-144 - Added connection com.mysql.cj.jdbc.ConnectionImpl@620c4942
2025-03-27 10:08:57 [restartedMain] INFO  com.zaxxer.hikari.HikariDataSource - HikariPool-144 - Start completed.
2025-03-27 10:08:57 [restartedMain] INFO  o.hibernate.orm.connections.pooling - HHH10001005: Database info:
	Database JDBC URL [Connecting through datasource 'HikariDataSource (HikariPool-144)']
	Database driver: undefined/unknown
	Database version: 8.0.41
	Autocommit mode: undefined/unknown
	Isolation level: undefined/unknown
	Minimum pool size: undefined/unknown
	Maximum pool size: undefined/unknown
2025-03-27 10:08:58 [restartedMain] INFO  o.h.e.t.j.p.i.JtaPlatformInitiator - HHH000489: No JTA platform available (set 'hibernate.transaction.jta.platform' to enable JTA platform integration)
2025-03-27 10:08:58 [restartedMain] INFO  o.s.o.j.LocalContainerEntityManagerFactoryBean - Initialized JPA EntityManagerFactory for persistence unit 'default'
2025-03-27 10:08:58 [restartedMain] WARN  o.s.b.a.o.j.JpaBaseConfiguration$JpaWebConfiguration - spring.jpa.open-in-view is enabled by default. Therefore, database queries may be performed during view rendering. Explicitly configure spring.jpa.open-in-view to disable this warning
2025-03-27 10:08:58 [restartedMain] INFO  o.s.v.b.OptionalValidatorFactoryBean - Failed to set up a Bean Validation provider: jakarta.validation.NoProviderFoundException: Unable to create a Configuration, because no Jakarta Bean Validation provider could be found. Add a provider like Hibernate Validator (RI) to your classpath.
2025-03-27 10:08:58 [restartedMain] INFO  o.s.b.d.a.OptionalLiveReloadServer - LiveReload server is running on port 35729
2025-03-27 10:08:58 [restartedMain] INFO  o.a.coyote.http11.Http11NioProtocol - Starting ProtocolHandler ["http-nio-8080"]
2025-03-27 10:08:58 [restartedMain] INFO  o.s.b.w.e.tomcat.TomcatWebServer - Tomcat started on port 8080 (http) with context path '/'
2025-03-27 10:08:58 [restartedMain] INFO  c.a.PollCreationBackendApplication - Started PollCreationBackendApplication in 0.886 seconds (process running for 236351.687)
2025-03-27 10:08:58 [restartedMain] INFO  o.s.b.d.a.ConditionEvaluationDeltaLoggingListener - Condition evaluation unchanged
2025-03-27 10:09:35 [http-nio-8080-exec-1] INFO  o.a.c.c.C.[.[localhost].[/] - Initializing Spring DispatcherServlet 'dispatcherServlet'
2025-03-27 10:09:35 [http-nio-8080-exec-1] INFO  o.s.web.servlet.DispatcherServlet - Initializing Servlet 'dispatcherServlet'
2025-03-27 10:09:35 [http-nio-8080-exec-1] INFO  o.s.web.servlet.DispatcherServlet - Completed initialization in 3 ms
2025-03-27 10:09:44 [File Watcher] INFO  o.s.b.d.a.LocalDevToolsAutoConfiguration$RestartingClassPathChangeChangedEventListener - Restarting due to 1 class path change (0 additions, 0 deletions, 1 modification)
2025-03-27 10:09:44 [Thread-559] INFO  o.s.b.w.e.tomcat.GracefulShutdown - Commencing graceful shutdown. Waiting for active requests to complete
2025-03-27 10:09:44 [tomcat-shutdown] INFO  o.a.coyote.http11.Http11NioProtocol - Pausing ProtocolHandler ["http-nio-8080"]
2025-03-27 10:09:44 [tomcat-shutdown] INFO  o.s.b.w.e.tomcat.GracefulShutdown - Graceful shutdown complete
2025-03-27 10:09:44 [Thread-559] INFO  o.a.coyote.http11.Http11NioProtocol - Stopping ProtocolHandler ["http-nio-8080"]
2025-03-27 10:09:44 [Thread-559] INFO  o.s.o.j.LocalContainerEntityManagerFactoryBean - Closing JPA EntityManagerFactory for persistence unit 'default'
2025-03-27 10:09:44 [Thread-559] INFO  com.zaxxer.hikari.HikariDataSource - HikariPool-144 - Shutdown initiated...
2025-03-27 10:09:44 [Thread-559] INFO  com.zaxxer.hikari.HikariDataSource - HikariPool-144 - Shutdown completed.
2025-03-27 10:09:45 [restartedMain] INFO  c.a.PollCreationBackendApplication - Starting PollCreationBackendApplication using Java 21.0.6 with PID 28272 (D:\PollCreationBackend\PollCreationBackend\target\classes started by Akanksh in D:\PollCreationBackend\PollCreationBackend)
2025-03-27 10:09:45 [restartedMain] INFO  c.a.PollCreationBackendApplication - No active profile set, falling back to 1 default profile: "default"
2025-03-27 10:09:45 [restartedMain] INFO  o.s.d.r.c.RepositoryConfigurationDelegate - Bootstrapping Spring Data JPA repositories in DEFAULT mode.
2025-03-27 10:09:45 [restartedMain] INFO  o.s.d.r.c.RepositoryConfigurationDelegate - Finished Spring Data repository scanning in 19 ms. Found 5 JPA repository interfaces.
2025-03-27 10:09:45 [restartedMain] INFO  o.s.b.w.e.tomcat.TomcatWebServer - Tomcat initialized with port 8080 (http)
2025-03-27 10:09:45 [restartedMain] INFO  o.a.coyote.http11.Http11NioProtocol - Initializing ProtocolHandler ["http-nio-8080"]
2025-03-27 10:09:45 [restartedMain] INFO  o.a.catalina.core.StandardService - Starting service [Tomcat]
2025-03-27 10:09:45 [restartedMain] INFO  o.a.catalina.core.StandardEngine - Starting Servlet engine: [Apache Tomcat/10.1.36]
2025-03-27 10:09:45 [restartedMain] INFO  o.a.c.c.C.[.[localhost].[/] - Initializing Spring embedded WebApplicationContext
2025-03-27 10:09:45 [restartedMain] INFO  o.s.b.w.s.c.ServletWebServerApplicationContext - Root WebApplicationContext: initialization completed in 270 ms
2025-03-27 10:09:45 [restartedMain] INFO  o.h.jpa.internal.util.LogHelper - HHH000204: Processing PersistenceUnitInfo [name: default]
2025-03-27 10:09:45 [restartedMain] INFO  o.h.c.i.RegionFactoryInitiator - HHH000026: Second-level cache disabled
2025-03-27 10:09:45 [restartedMain] INFO  o.s.o.j.p.SpringPersistenceUnitInfo - No LoadTimeWeaver setup: ignoring JPA class transformer
2025-03-27 10:09:45 [restartedMain] INFO  com.zaxxer.hikari.HikariDataSource - HikariPool-145 - Starting...
2025-03-27 10:09:45 [restartedMain] INFO  com.zaxxer.hikari.pool.HikariPool - HikariPool-145 - Added connection com.mysql.cj.jdbc.ConnectionImpl@22c554d7
2025-03-27 10:09:45 [restartedMain] INFO  com.zaxxer.hikari.HikariDataSource - HikariPool-145 - Start completed.
2025-03-27 10:09:45 [restartedMain] INFO  o.hibernate.orm.connections.pooling - HHH10001005: Database info:
	Database JDBC URL [Connecting through datasource 'HikariDataSource (HikariPool-145)']
	Database driver: undefined/unknown
	Database version: 8.0.41
	Autocommit mode: undefined/unknown
	Isolation level: undefined/unknown
	Minimum pool size: undefined/unknown
	Maximum pool size: undefined/unknown
2025-03-27 10:09:45 [restartedMain] INFO  o.h.e.t.j.p.i.JtaPlatformInitiator - HHH000489: No JTA platform available (set 'hibernate.transaction.jta.platform' to enable JTA platform integration)
2025-03-27 10:09:45 [restartedMain] INFO  o.s.o.j.LocalContainerEntityManagerFactoryBean - Initialized JPA EntityManagerFactory for persistence unit 'default'
2025-03-27 10:09:45 [restartedMain] WARN  o.s.b.a.o.j.JpaBaseConfiguration$JpaWebConfiguration - spring.jpa.open-in-view is enabled by default. Therefore, database queries may be performed during view rendering. Explicitly configure spring.jpa.open-in-view to disable this warning
2025-03-27 10:09:45 [restartedMain] INFO  o.s.v.b.OptionalValidatorFactoryBean - Failed to set up a Bean Validation provider: jakarta.validation.NoProviderFoundException: Unable to create a Configuration, because no Jakarta Bean Validation provider could be found. Add a provider like Hibernate Validator (RI) to your classpath.
2025-03-27 10:09:45 [restartedMain] INFO  o.s.b.d.a.OptionalLiveReloadServer - LiveReload server is running on port 35729
2025-03-27 10:09:45 [restartedMain] INFO  o.a.coyote.http11.Http11NioProtocol - Starting ProtocolHandler ["http-nio-8080"]
2025-03-27 10:09:45 [restartedMain] INFO  o.s.b.w.e.tomcat.TomcatWebServer - Tomcat started on port 8080 (http) with context path '/'
2025-03-27 10:09:45 [restartedMain] INFO  c.a.PollCreationBackendApplication - Started PollCreationBackendApplication in 0.742 seconds (process running for 236399.028)
2025-03-27 10:09:45 [restartedMain] INFO  o.s.b.d.a.ConditionEvaluationDeltaLoggingListener - Condition evaluation unchanged
2025-03-27 10:09:55 [http-nio-8080-exec-1] INFO  o.a.c.c.C.[.[localhost].[/] - Initializing Spring DispatcherServlet 'dispatcherServlet'
2025-03-27 10:09:55 [http-nio-8080-exec-1] INFO  o.s.web.servlet.DispatcherServlet - Initializing Servlet 'dispatcherServlet'
2025-03-27 10:09:55 [http-nio-8080-exec-1] INFO  o.s.web.servlet.DispatcherServlet - Completed initialization in 1 ms
2025-03-27 10:10:55 [http-nio-8080-exec-7] WARN  o.s.w.s.m.m.a.ExceptionHandlerExceptionResolver - Resolved [java.lang.IllegalStateException: Poll is already resumed.]
2025-03-27 10:14:09 [http-nio-8080-exec-9] WARN  o.s.w.s.m.m.a.ExceptionHandlerExceptionResolver - Resolved [java.lang.IllegalStateException: Cannot delete vote. Poll is not active.]
2025-03-27 10:14:51 [http-nio-8080-exec-3] WARN  o.s.w.s.m.m.a.ExceptionHandlerExceptionResolver - Resolved [java.lang.IllegalStateException: Cannot delete vote. Poll is not active.]
2025-03-27 10:15:32 [http-nio-8080-exec-5] WARN  o.s.w.s.m.m.a.ExceptionHandlerExceptionResolver - Resolved [org.springframework.orm.jpa.JpaSystemException: A collection with orphan deletion was no longer referenced by the owning entity instance: com.akanksh.entity.Poll.options]
2025-03-27 10:16:40 [http-nio-8080-exec-6] WARN  o.s.w.s.m.m.a.ExceptionHandlerExceptionResolver - Resolved [java.lang.IllegalStateException: Cannot change vote. Poll is not active.]
2025-03-27 10:18:16 [http-nio-8080-exec-7] WARN  o.s.w.s.m.m.a.ExceptionHandlerExceptionResolver - Resolved [java.lang.IllegalStateException: Cannot change vote. Poll is not active.]
2025-03-27 10:19:01 [http-nio-8080-exec-8] WARN  o.s.w.s.m.m.a.ExceptionHandlerExceptionResolver - Resolved [java.lang.IllegalStateException: Cannot change vote. Poll is not active.]
2025-03-27 10:20:20 [File Watcher] INFO  o.s.b.d.a.LocalDevToolsAutoConfiguration$RestartingClassPathChangeChangedEventListener - Restarting due to 1 class path change (0 additions, 0 deletions, 1 modification)
2025-03-27 10:20:20 [Thread-563] INFO  o.s.b.w.e.tomcat.GracefulShutdown - Commencing graceful shutdown. Waiting for active requests to complete
2025-03-27 10:20:20 [tomcat-shutdown] INFO  o.a.coyote.http11.Http11NioProtocol - Pausing ProtocolHandler ["http-nio-8080"]
2025-03-27 10:20:21 [tomcat-shutdown] INFO  o.s.b.w.e.tomcat.GracefulShutdown - Graceful shutdown complete
2025-03-27 10:20:21 [Thread-563] INFO  o.a.coyote.http11.Http11NioProtocol - Stopping ProtocolHandler ["http-nio-8080"]
2025-03-27 10:20:21 [Thread-563] INFO  o.s.o.j.LocalContainerEntityManagerFactoryBean - Closing JPA EntityManagerFactory for persistence unit 'default'
2025-03-27 10:20:21 [Thread-563] INFO  com.zaxxer.hikari.HikariDataSource - HikariPool-145 - Shutdown initiated...
2025-03-27 10:20:21 [Thread-563] INFO  com.zaxxer.hikari.HikariDataSource - HikariPool-145 - Shutdown completed.
2025-03-27 10:20:21 [restartedMain] INFO  c.a.PollCreationBackendApplication - Starting PollCreationBackendApplication using Java 21.0.6 with PID 28272 (D:\PollCreationBackend\PollCreationBackend\target\classes started by Akanksh in D:\PollCreationBackend\PollCreationBackend)
2025-03-27 10:20:21 [restartedMain] INFO  c.a.PollCreationBackendApplication - No active profile set, falling back to 1 default profile: "default"
2025-03-27 10:20:21 [restartedMain] INFO  o.s.d.r.c.RepositoryConfigurationDelegate - Bootstrapping Spring Data JPA repositories in DEFAULT mode.
2025-03-27 10:20:21 [restartedMain] INFO  o.s.d.r.c.RepositoryConfigurationDelegate - Finished Spring Data repository scanning in 32 ms. Found 5 JPA repository interfaces.
2025-03-27 10:20:21 [restartedMain] INFO  o.s.b.w.e.tomcat.TomcatWebServer - Tomcat initialized with port 8080 (http)
2025-03-27 10:20:21 [restartedMain] INFO  o.a.coyote.http11.Http11NioProtocol - Initializing ProtocolHandler ["http-nio-8080"]
2025-03-27 10:20:21 [restartedMain] INFO  o.a.catalina.core.StandardService - Starting service [Tomcat]
2025-03-27 10:20:21 [restartedMain] INFO  o.a.catalina.core.StandardEngine - Starting Servlet engine: [Apache Tomcat/10.1.36]
2025-03-27 10:20:21 [restartedMain] INFO  o.a.c.c.C.[.[localhost].[/] - Initializing Spring embedded WebApplicationContext
2025-03-27 10:20:21 [restartedMain] INFO  o.s.b.w.s.c.ServletWebServerApplicationContext - Root WebApplicationContext: initialization completed in 476 ms
2025-03-27 10:20:21 [restartedMain] INFO  o.h.jpa.internal.util.LogHelper - HHH000204: Processing PersistenceUnitInfo [name: default]
2025-03-27 10:20:21 [restartedMain] INFO  o.h.c.i.RegionFactoryInitiator - HHH000026: Second-level cache disabled
2025-03-27 10:20:21 [restartedMain] INFO  o.s.o.j.p.SpringPersistenceUnitInfo - No LoadTimeWeaver setup: ignoring JPA class transformer
2025-03-27 10:20:21 [restartedMain] INFO  com.zaxxer.hikari.HikariDataSource - HikariPool-146 - Starting...
2025-03-27 10:20:21 [restartedMain] INFO  com.zaxxer.hikari.pool.HikariPool - HikariPool-146 - Added connection com.mysql.cj.jdbc.ConnectionImpl@17f316
2025-03-27 10:20:21 [restartedMain] INFO  com.zaxxer.hikari.HikariDataSource - HikariPool-146 - Start completed.
2025-03-27 10:20:21 [restartedMain] INFO  o.hibernate.orm.connections.pooling - HHH10001005: Database info:
	Database JDBC URL [Connecting through datasource 'HikariDataSource (HikariPool-146)']
	Database driver: undefined/unknown
	Database version: 8.0.41
	Autocommit mode: undefined/unknown
	Isolation level: undefined/unknown
	Minimum pool size: undefined/unknown
	Maximum pool size: undefined/unknown
2025-03-27 10:20:21 [restartedMain] INFO  o.h.e.t.j.p.i.JtaPlatformInitiator - HHH000489: No JTA platform available (set 'hibernate.transaction.jta.platform' to enable JTA platform integration)
2025-03-27 10:20:21 [restartedMain] INFO  o.s.o.j.LocalContainerEntityManagerFactoryBean - Initialized JPA EntityManagerFactory for persistence unit 'default'
2025-03-27 10:20:22 [restartedMain] WARN  o.s.b.a.o.j.JpaBaseConfiguration$JpaWebConfiguration - spring.jpa.open-in-view is enabled by default. Therefore, database queries may be performed during view rendering. Explicitly configure spring.jpa.open-in-view to disable this warning
2025-03-27 10:20:22 [restartedMain] INFO  o.s.v.b.OptionalValidatorFactoryBean - Failed to set up a Bean Validation provider: jakarta.validation.NoProviderFoundException: Unable to create a Configuration, because no Jakarta Bean Validation provider could be found. Add a provider like Hibernate Validator (RI) to your classpath.
2025-03-27 10:20:22 [restartedMain] INFO  o.s.b.d.a.OptionalLiveReloadServer - LiveReload server is running on port 35729
2025-03-27 10:20:22 [restartedMain] INFO  o.a.coyote.http11.Http11NioProtocol - Starting ProtocolHandler ["http-nio-8080"]
2025-03-27 10:20:22 [restartedMain] INFO  o.s.b.w.e.tomcat.TomcatWebServer - Tomcat started on port 8080 (http) with context path '/'
2025-03-27 10:20:22 [restartedMain] INFO  c.a.PollCreationBackendApplication - Started PollCreationBackendApplication in 1.361 seconds (process running for 237035.698)
2025-03-27 10:20:22 [restartedMain] INFO  o.s.b.d.a.ConditionEvaluationDeltaLoggingListener - Condition evaluation unchanged
2025-03-27 10:20:23 [File Watcher] INFO  o.s.b.d.a.LocalDevToolsAutoConfiguration$RestartingClassPathChangeChangedEventListener - Restarting due to 1 class path change (0 additions, 0 deletions, 1 modification)
2025-03-27 10:20:23 [Thread-567] INFO  o.s.b.w.e.tomcat.GracefulShutdown - Commencing graceful shutdown. Waiting for active requests to complete
2025-03-27 10:20:23 [tomcat-shutdown] INFO  o.a.coyote.http11.Http11NioProtocol - Pausing ProtocolHandler ["http-nio-8080"]
2025-03-27 10:20:23 [tomcat-shutdown] INFO  o.s.b.w.e.tomcat.GracefulShutdown - Graceful shutdown complete
2025-03-27 10:20:23 [Thread-567] INFO  o.a.coyote.http11.Http11NioProtocol - Stopping ProtocolHandler ["http-nio-8080"]
2025-03-27 10:20:23 [Thread-567] INFO  o.s.o.j.LocalContainerEntityManagerFactoryBean - Closing JPA EntityManagerFactory for persistence unit 'default'
2025-03-27 10:20:23 [Thread-567] INFO  com.zaxxer.hikari.HikariDataSource - HikariPool-146 - Shutdown initiated...
2025-03-27 10:20:23 [Thread-567] INFO  com.zaxxer.hikari.HikariDataSource - HikariPool-146 - Shutdown completed.
2025-03-27 10:20:23 [restartedMain] INFO  c.a.PollCreationBackendApplication - Starting PollCreationBackendApplication using Java 21.0.6 with PID 28272 (D:\PollCreationBackend\PollCreationBackend\target\classes started by Akanksh in D:\PollCreationBackend\PollCreationBackend)
2025-03-27 10:20:23 [restartedMain] INFO  c.a.PollCreationBackendApplication - No active profile set, falling back to 1 default profile: "default"
2025-03-27 10:20:24 [restartedMain] INFO  o.s.d.r.c.RepositoryConfigurationDelegate - Bootstrapping Spring Data JPA repositories in DEFAULT mode.
2025-03-27 10:20:24 [restartedMain] INFO  o.s.d.r.c.RepositoryConfigurationDelegate - Finished Spring Data repository scanning in 21 ms. Found 5 JPA repository interfaces.
2025-03-27 10:20:24 [restartedMain] INFO  o.s.b.w.e.tomcat.TomcatWebServer - Tomcat initialized with port 8080 (http)
2025-03-27 10:20:24 [restartedMain] INFO  o.a.coyote.http11.Http11NioProtocol - Initializing ProtocolHandler ["http-nio-8080"]
2025-03-27 10:20:24 [restartedMain] INFO  o.a.catalina.core.StandardService - Starting service [Tomcat]
2025-03-27 10:20:24 [restartedMain] INFO  o.a.catalina.core.StandardEngine - Starting Servlet engine: [Apache Tomcat/10.1.36]
2025-03-27 10:20:24 [restartedMain] INFO  o.a.c.c.C.[.[localhost].[/] - Initializing Spring embedded WebApplicationContext
2025-03-27 10:20:24 [restartedMain] INFO  o.s.b.w.s.c.ServletWebServerApplicationContext - Root WebApplicationContext: initialization completed in 305 ms
2025-03-27 10:20:24 [restartedMain] INFO  o.h.jpa.internal.util.LogHelper - HHH000204: Processing PersistenceUnitInfo [name: default]
2025-03-27 10:20:24 [restartedMain] INFO  o.h.c.i.RegionFactoryInitiator - HHH000026: Second-level cache disabled
2025-03-27 10:20:24 [restartedMain] INFO  o.s.o.j.p.SpringPersistenceUnitInfo - No LoadTimeWeaver setup: ignoring JPA class transformer
2025-03-27 10:20:24 [restartedMain] INFO  com.zaxxer.hikari.HikariDataSource - HikariPool-147 - Starting...
2025-03-27 10:20:24 [restartedMain] INFO  com.zaxxer.hikari.pool.HikariPool - HikariPool-147 - Added connection com.mysql.cj.jdbc.ConnectionImpl@e7aed77
2025-03-27 10:20:24 [restartedMain] INFO  com.zaxxer.hikari.HikariDataSource - HikariPool-147 - Start completed.
2025-03-27 10:20:24 [restartedMain] INFO  o.hibernate.orm.connections.pooling - HHH10001005: Database info:
	Database JDBC URL [Connecting through datasource 'HikariDataSource (HikariPool-147)']
	Database driver: undefined/unknown
	Database version: 8.0.41
	Autocommit mode: undefined/unknown
	Isolation level: undefined/unknown
	Minimum pool size: undefined/unknown
	Maximum pool size: undefined/unknown
2025-03-27 10:20:24 [restartedMain] INFO  o.h.e.t.j.p.i.JtaPlatformInitiator - HHH000489: No JTA platform available (set 'hibernate.transaction.jta.platform' to enable JTA platform integration)
2025-03-27 10:20:24 [restartedMain] INFO  o.s.o.j.LocalContainerEntityManagerFactoryBean - Initialized JPA EntityManagerFactory for persistence unit 'default'
2025-03-27 10:20:24 [restartedMain] WARN  o.s.b.a.o.j.JpaBaseConfiguration$JpaWebConfiguration - spring.jpa.open-in-view is enabled by default. Therefore, database queries may be performed during view rendering. Explicitly configure spring.jpa.open-in-view to disable this warning
2025-03-27 10:20:24 [restartedMain] INFO  o.s.v.b.OptionalValidatorFactoryBean - Failed to set up a Bean Validation provider: jakarta.validation.NoProviderFoundException: Unable to create a Configuration, because no Jakarta Bean Validation provider could be found. Add a provider like Hibernate Validator (RI) to your classpath.
2025-03-27 10:20:24 [restartedMain] INFO  o.s.b.d.a.OptionalLiveReloadServer - LiveReload server is running on port 35729
2025-03-27 10:20:24 [restartedMain] INFO  o.a.coyote.http11.Http11NioProtocol - Starting ProtocolHandler ["http-nio-8080"]
2025-03-27 10:20:24 [restartedMain] INFO  o.s.b.w.e.tomcat.TomcatWebServer - Tomcat started on port 8080 (http) with context path '/'
2025-03-27 10:20:24 [restartedMain] INFO  c.a.PollCreationBackendApplication - Started PollCreationBackendApplication in 0.922 seconds (process running for 237038.09)
2025-03-27 10:20:24 [restartedMain] INFO  o.s.b.d.a.ConditionEvaluationDeltaLoggingListener - Condition evaluation unchanged
2025-03-27 10:20:31 [http-nio-8080-exec-2] INFO  o.a.c.c.C.[.[localhost].[/] - Initializing Spring DispatcherServlet 'dispatcherServlet'
2025-03-27 10:20:31 [http-nio-8080-exec-2] INFO  o.s.web.servlet.DispatcherServlet - Initializing Servlet 'dispatcherServlet'
2025-03-27 10:20:31 [http-nio-8080-exec-2] INFO  o.s.web.servlet.DispatcherServlet - Completed initialization in 0 ms
2025-03-27 10:23:02 [File Watcher] INFO  o.s.b.d.a.LocalDevToolsAutoConfiguration$RestartingClassPathChangeChangedEventListener - Restarting due to 1 class path change (0 additions, 0 deletions, 1 modification)
2025-03-27 10:23:02 [Thread-571] INFO  o.s.b.w.e.tomcat.GracefulShutdown - Commencing graceful shutdown. Waiting for active requests to complete
2025-03-27 10:23:02 [tomcat-shutdown] INFO  o.a.coyote.http11.Http11NioProtocol - Pausing ProtocolHandler ["http-nio-8080"]
2025-03-27 10:23:02 [tomcat-shutdown] INFO  o.s.b.w.e.tomcat.GracefulShutdown - Graceful shutdown complete
2025-03-27 10:23:02 [Thread-571] INFO  o.a.coyote.http11.Http11NioProtocol - Stopping ProtocolHandler ["http-nio-8080"]
2025-03-27 10:23:02 [Thread-571] INFO  o.s.o.j.LocalContainerEntityManagerFactoryBean - Closing JPA EntityManagerFactory for persistence unit 'default'
2025-03-27 10:23:02 [Thread-571] INFO  com.zaxxer.hikari.HikariDataSource - HikariPool-147 - Shutdown initiated...
2025-03-27 10:23:02 [Thread-571] INFO  com.zaxxer.hikari.HikariDataSource - HikariPool-147 - Shutdown completed.
2025-03-27 10:23:02 [restartedMain] INFO  c.a.PollCreationBackendApplication - Starting PollCreationBackendApplication using Java 21.0.6 with PID 28272 (D:\PollCreationBackend\PollCreationBackend\target\classes started by Akanksh in D:\PollCreationBackend\PollCreationBackend)
2025-03-27 10:23:02 [restartedMain] INFO  c.a.PollCreationBackendApplication - No active profile set, falling back to 1 default profile: "default"
2025-03-27 10:23:03 [restartedMain] INFO  o.s.d.r.c.RepositoryConfigurationDelegate - Bootstrapping Spring Data JPA repositories in DEFAULT mode.
2025-03-27 10:23:03 [restartedMain] INFO  o.s.d.r.c.RepositoryConfigurationDelegate - Finished Spring Data repository scanning in 20 ms. Found 5 JPA repository interfaces.
2025-03-27 10:23:03 [restartedMain] INFO  o.s.b.w.e.tomcat.TomcatWebServer - Tomcat initialized with port 8080 (http)
2025-03-27 10:23:03 [restartedMain] INFO  o.a.coyote.http11.Http11NioProtocol - Initializing ProtocolHandler ["http-nio-8080"]
2025-03-27 10:23:03 [restartedMain] INFO  o.a.catalina.core.StandardService - Starting service [Tomcat]
2025-03-27 10:23:03 [restartedMain] INFO  o.a.catalina.core.StandardEngine - Starting Servlet engine: [Apache Tomcat/10.1.36]
2025-03-27 10:23:03 [restartedMain] INFO  o.a.c.c.C.[.[localhost].[/] - Initializing Spring embedded WebApplicationContext
2025-03-27 10:23:03 [restartedMain] INFO  o.s.b.w.s.c.ServletWebServerApplicationContext - Root WebApplicationContext: initialization completed in 337 ms
2025-03-27 10:23:03 [restartedMain] INFO  o.h.jpa.internal.util.LogHelper - HHH000204: Processing PersistenceUnitInfo [name: default]
2025-03-27 10:23:03 [restartedMain] INFO  o.h.c.i.RegionFactoryInitiator - HHH000026: Second-level cache disabled
2025-03-27 10:23:03 [restartedMain] INFO  o.s.o.j.p.SpringPersistenceUnitInfo - No LoadTimeWeaver setup: ignoring JPA class transformer
2025-03-27 10:23:03 [restartedMain] INFO  com.zaxxer.hikari.HikariDataSource - HikariPool-148 - Starting...
2025-03-27 10:23:03 [restartedMain] INFO  com.zaxxer.hikari.pool.HikariPool - HikariPool-148 - Added connection com.mysql.cj.jdbc.ConnectionImpl@49ed3921
2025-03-27 10:23:03 [restartedMain] INFO  com.zaxxer.hikari.HikariDataSource - HikariPool-148 - Start completed.
2025-03-27 10:23:03 [restartedMain] INFO  o.hibernate.orm.connections.pooling - HHH10001005: Database info:
	Database JDBC URL [Connecting through datasource 'HikariDataSource (HikariPool-148)']
	Database driver: undefined/unknown
	Database version: 8.0.41
	Autocommit mode: undefined/unknown
	Isolation level: undefined/unknown
	Minimum pool size: undefined/unknown
	Maximum pool size: undefined/unknown
2025-03-27 10:23:03 [restartedMain] INFO  o.h.e.t.j.p.i.JtaPlatformInitiator - HHH000489: No JTA platform available (set 'hibernate.transaction.jta.platform' to enable JTA platform integration)
2025-03-27 10:23:03 [restartedMain] INFO  o.s.o.j.LocalContainerEntityManagerFactoryBean - Initialized JPA EntityManagerFactory for persistence unit 'default'
2025-03-27 10:23:03 [restartedMain] WARN  o.s.b.a.o.j.JpaBaseConfiguration$JpaWebConfiguration - spring.jpa.open-in-view is enabled by default. Therefore, database queries may be performed during view rendering. Explicitly configure spring.jpa.open-in-view to disable this warning
2025-03-27 10:23:03 [restartedMain] INFO  o.s.v.b.OptionalValidatorFactoryBean - Failed to set up a Bean Validation provider: jakarta.validation.NoProviderFoundException: Unable to create a Configuration, because no Jakarta Bean Validation provider could be found. Add a provider like Hibernate Validator (RI) to your classpath.
2025-03-27 10:23:03 [restartedMain] INFO  o.s.b.d.a.OptionalLiveReloadServer - LiveReload server is running on port 35729
2025-03-27 10:23:03 [restartedMain] INFO  o.a.coyote.http11.Http11NioProtocol - Starting ProtocolHandler ["http-nio-8080"]
2025-03-27 10:23:03 [restartedMain] INFO  o.s.b.w.e.tomcat.TomcatWebServer - Tomcat started on port 8080 (http) with context path '/'
2025-03-27 10:23:03 [restartedMain] INFO  c.a.PollCreationBackendApplication - Started PollCreationBackendApplication in 1.018 seconds (process running for 237197.113)
2025-03-27 10:23:03 [restartedMain] INFO  o.s.b.d.a.ConditionEvaluationDeltaLoggingListener - Condition evaluation unchanged
2025-03-27 10:23:24 [File Watcher] INFO  o.s.b.d.a.LocalDevToolsAutoConfiguration$RestartingClassPathChangeChangedEventListener - Restarting due to 1 class path change (0 additions, 0 deletions, 1 modification)
2025-03-27 10:23:24 [Thread-575] INFO  o.s.b.w.e.tomcat.GracefulShutdown - Commencing graceful shutdown. Waiting for active requests to complete
2025-03-27 10:23:24 [tomcat-shutdown] INFO  o.a.coyote.http11.Http11NioProtocol - Pausing ProtocolHandler ["http-nio-8080"]
2025-03-27 10:23:24 [tomcat-shutdown] INFO  o.s.b.w.e.tomcat.GracefulShutdown - Graceful shutdown complete
2025-03-27 10:23:24 [Thread-575] INFO  o.a.coyote.http11.Http11NioProtocol - Stopping ProtocolHandler ["http-nio-8080"]
2025-03-27 10:23:24 [Thread-575] INFO  o.s.o.j.LocalContainerEntityManagerFactoryBean - Closing JPA EntityManagerFactory for persistence unit 'default'
2025-03-27 10:23:24 [Thread-575] INFO  com.zaxxer.hikari.HikariDataSource - HikariPool-148 - Shutdown initiated...
2025-03-27 10:23:24 [Thread-575] INFO  com.zaxxer.hikari.HikariDataSource - HikariPool-148 - Shutdown completed.
2025-03-27 10:23:24 [restartedMain] INFO  c.a.PollCreationBackendApplication - Starting PollCreationBackendApplication using Java 21.0.6 with PID 28272 (D:\PollCreationBackend\PollCreationBackend\target\classes started by Akanksh in D:\PollCreationBackend\PollCreationBackend)
2025-03-27 10:23:24 [restartedMain] INFO  c.a.PollCreationBackendApplication - No active profile set, falling back to 1 default profile: "default"
2025-03-27 10:23:24 [restartedMain] INFO  o.s.d.r.c.RepositoryConfigurationDelegate - Bootstrapping Spring Data JPA repositories in DEFAULT mode.
2025-03-27 10:23:24 [restartedMain] INFO  o.s.d.r.c.RepositoryConfigurationDelegate - Finished Spring Data repository scanning in 19 ms. Found 5 JPA repository interfaces.
2025-03-27 10:23:25 [restartedMain] INFO  o.s.b.w.e.tomcat.TomcatWebServer - Tomcat initialized with port 8080 (http)
2025-03-27 10:23:25 [restartedMain] INFO  o.a.coyote.http11.Http11NioProtocol - Initializing ProtocolHandler ["http-nio-8080"]
2025-03-27 10:23:25 [restartedMain] INFO  o.a.catalina.core.StandardService - Starting service [Tomcat]
2025-03-27 10:23:25 [restartedMain] INFO  o.a.catalina.core.StandardEngine - Starting Servlet engine: [Apache Tomcat/10.1.36]
2025-03-27 10:23:25 [restartedMain] INFO  o.a.c.c.C.[.[localhost].[/] - Initializing Spring embedded WebApplicationContext
2025-03-27 10:23:25 [restartedMain] INFO  o.s.b.w.s.c.ServletWebServerApplicationContext - Root WebApplicationContext: initialization completed in 271 ms
2025-03-27 10:23:25 [restartedMain] INFO  o.h.jpa.internal.util.LogHelper - HHH000204: Processing PersistenceUnitInfo [name: default]
2025-03-27 10:23:25 [restartedMain] INFO  o.h.c.i.RegionFactoryInitiator - HHH000026: Second-level cache disabled
2025-03-27 10:23:25 [restartedMain] INFO  o.s.o.j.p.SpringPersistenceUnitInfo - No LoadTimeWeaver setup: ignoring JPA class transformer
2025-03-27 10:23:25 [restartedMain] INFO  com.zaxxer.hikari.HikariDataSource - HikariPool-149 - Starting...
2025-03-27 10:23:25 [restartedMain] INFO  com.zaxxer.hikari.pool.HikariPool - HikariPool-149 - Added connection com.mysql.cj.jdbc.ConnectionImpl@7f8f3acd
2025-03-27 10:23:25 [restartedMain] INFO  com.zaxxer.hikari.HikariDataSource - HikariPool-149 - Start completed.
2025-03-27 10:23:25 [restartedMain] INFO  o.hibernate.orm.connections.pooling - HHH10001005: Database info:
	Database JDBC URL [Connecting through datasource 'HikariDataSource (HikariPool-149)']
	Database driver: undefined/unknown
	Database version: 8.0.41
	Autocommit mode: undefined/unknown
	Isolation level: undefined/unknown
	Minimum pool size: undefined/unknown
	Maximum pool size: undefined/unknown
2025-03-27 10:23:25 [restartedMain] INFO  o.h.e.t.j.p.i.JtaPlatformInitiator - HHH000489: No JTA platform available (set 'hibernate.transaction.jta.platform' to enable JTA platform integration)
2025-03-27 10:23:25 [restartedMain] INFO  o.s.o.j.LocalContainerEntityManagerFactoryBean - Initialized JPA EntityManagerFactory for persistence unit 'default'
2025-03-27 10:23:25 [restartedMain] WARN  o.s.b.a.o.j.JpaBaseConfiguration$JpaWebConfiguration - spring.jpa.open-in-view is enabled by default. Therefore, database queries may be performed during view rendering. Explicitly configure spring.jpa.open-in-view to disable this warning
2025-03-27 10:23:25 [restartedMain] INFO  o.s.v.b.OptionalValidatorFactoryBean - Failed to set up a Bean Validation provider: jakarta.validation.NoProviderFoundException: Unable to create a Configuration, because no Jakarta Bean Validation provider could be found. Add a provider like Hibernate Validator (RI) to your classpath.
2025-03-27 10:23:25 [restartedMain] INFO  o.s.b.d.a.OptionalLiveReloadServer - LiveReload server is running on port 35729
2025-03-27 10:23:25 [restartedMain] INFO  o.a.coyote.http11.Http11NioProtocol - Starting ProtocolHandler ["http-nio-8080"]
2025-03-27 10:23:25 [restartedMain] INFO  o.s.b.w.e.tomcat.TomcatWebServer - Tomcat started on port 8080 (http) with context path '/'
2025-03-27 10:23:25 [restartedMain] INFO  c.a.PollCreationBackendApplication - Started PollCreationBackendApplication in 0.812 seconds (process running for 237218.852)
2025-03-27 10:23:25 [restartedMain] INFO  o.s.b.d.a.ConditionEvaluationDeltaLoggingListener - Condition evaluation unchanged
2025-03-27 10:23:32 [File Watcher] INFO  o.s.b.d.a.LocalDevToolsAutoConfiguration$RestartingClassPathChangeChangedEventListener - Restarting due to 1 class path change (0 additions, 0 deletions, 1 modification)
2025-03-27 10:23:32 [Thread-579] INFO  o.s.b.w.e.tomcat.GracefulShutdown - Commencing graceful shutdown. Waiting for active requests to complete
2025-03-27 10:23:32 [tomcat-shutdown] INFO  o.a.coyote.http11.Http11NioProtocol - Pausing ProtocolHandler ["http-nio-8080"]
2025-03-27 10:23:32 [tomcat-shutdown] INFO  o.s.b.w.e.tomcat.GracefulShutdown - Graceful shutdown complete
2025-03-27 10:23:32 [Thread-579] INFO  o.a.coyote.http11.Http11NioProtocol - Stopping ProtocolHandler ["http-nio-8080"]
2025-03-27 10:23:32 [Thread-579] INFO  o.s.o.j.LocalContainerEntityManagerFactoryBean - Closing JPA EntityManagerFactory for persistence unit 'default'
2025-03-27 10:23:32 [Thread-579] INFO  com.zaxxer.hikari.HikariDataSource - HikariPool-149 - Shutdown initiated...
2025-03-27 10:23:32 [Thread-579] INFO  com.zaxxer.hikari.HikariDataSource - HikariPool-149 - Shutdown completed.
2025-03-27 10:23:32 [restartedMain] INFO  c.a.PollCreationBackendApplication - Starting PollCreationBackendApplication using Java 21.0.6 with PID 28272 (D:\PollCreationBackend\PollCreationBackend\target\classes started by Akanksh in D:\PollCreationBackend\PollCreationBackend)
2025-03-27 10:23:32 [restartedMain] INFO  c.a.PollCreationBackendApplication - No active profile set, falling back to 1 default profile: "default"
2025-03-27 10:23:32 [restartedMain] INFO  o.s.d.r.c.RepositoryConfigurationDelegate - Bootstrapping Spring Data JPA repositories in DEFAULT mode.
2025-03-27 10:23:32 [restartedMain] INFO  o.s.d.r.c.RepositoryConfigurationDelegate - Finished Spring Data repository scanning in 15 ms. Found 5 JPA repository interfaces.
2025-03-27 10:23:32 [restartedMain] INFO  o.s.b.w.e.tomcat.TomcatWebServer - Tomcat initialized with port 8080 (http)
2025-03-27 10:23:32 [restartedMain] INFO  o.a.coyote.http11.Http11NioProtocol - Initializing ProtocolHandler ["http-nio-8080"]
2025-03-27 10:23:32 [restartedMain] INFO  o.a.catalina.core.StandardService - Starting service [Tomcat]
2025-03-27 10:23:32 [restartedMain] INFO  o.a.catalina.core.StandardEngine - Starting Servlet engine: [Apache Tomcat/10.1.36]
2025-03-27 10:23:32 [restartedMain] INFO  o.a.c.c.C.[.[localhost].[/] - Initializing Spring embedded WebApplicationContext
2025-03-27 10:23:32 [restartedMain] INFO  o.s.b.w.s.c.ServletWebServerApplicationContext - Root WebApplicationContext: initialization completed in 246 ms
2025-03-27 10:23:32 [restartedMain] INFO  o.h.jpa.internal.util.LogHelper - HHH000204: Processing PersistenceUnitInfo [name: default]
2025-03-27 10:23:32 [restartedMain] INFO  o.h.c.i.RegionFactoryInitiator - HHH000026: Second-level cache disabled
2025-03-27 10:23:32 [restartedMain] INFO  o.s.o.j.p.SpringPersistenceUnitInfo - No LoadTimeWeaver setup: ignoring JPA class transformer
2025-03-27 10:23:32 [restartedMain] INFO  com.zaxxer.hikari.HikariDataSource - HikariPool-150 - Starting...
2025-03-27 10:23:32 [restartedMain] INFO  com.zaxxer.hikari.pool.HikariPool - HikariPool-150 - Added connection com.mysql.cj.jdbc.ConnectionImpl@340f21fc
2025-03-27 10:23:32 [restartedMain] INFO  com.zaxxer.hikari.HikariDataSource - HikariPool-150 - Start completed.
2025-03-27 10:23:32 [restartedMain] INFO  o.hibernate.orm.connections.pooling - HHH10001005: Database info:
	Database JDBC URL [Connecting through datasource 'HikariDataSource (HikariPool-150)']
	Database driver: undefined/unknown
	Database version: 8.0.41
	Autocommit mode: undefined/unknown
	Isolation level: undefined/unknown
	Minimum pool size: undefined/unknown
	Maximum pool size: undefined/unknown
2025-03-27 10:23:32 [restartedMain] INFO  o.h.e.t.j.p.i.JtaPlatformInitiator - HHH000489: No JTA platform available (set 'hibernate.transaction.jta.platform' to enable JTA platform integration)
2025-03-27 10:23:32 [restartedMain] INFO  o.s.o.j.LocalContainerEntityManagerFactoryBean - Initialized JPA EntityManagerFactory for persistence unit 'default'
2025-03-27 10:23:32 [restartedMain] WARN  o.s.b.a.o.j.JpaBaseConfiguration$JpaWebConfiguration - spring.jpa.open-in-view is enabled by default. Therefore, database queries may be performed during view rendering. Explicitly configure spring.jpa.open-in-view to disable this warning
2025-03-27 10:23:32 [restartedMain] INFO  o.s.v.b.OptionalValidatorFactoryBean - Failed to set up a Bean Validation provider: jakarta.validation.NoProviderFoundException: Unable to create a Configuration, because no Jakarta Bean Validation provider could be found. Add a provider like Hibernate Validator (RI) to your classpath.
2025-03-27 10:23:32 [restartedMain] INFO  o.s.b.d.a.OptionalLiveReloadServer - LiveReload server is running on port 35729
2025-03-27 10:23:32 [restartedMain] INFO  o.a.coyote.http11.Http11NioProtocol - Starting ProtocolHandler ["http-nio-8080"]
2025-03-27 10:23:32 [restartedMain] INFO  o.s.b.w.e.tomcat.TomcatWebServer - Tomcat started on port 8080 (http) with context path '/'
2025-03-27 10:23:32 [restartedMain] INFO  c.a.PollCreationBackendApplication - Started PollCreationBackendApplication in 0.737 seconds (process running for 237226.16)
2025-03-27 10:23:32 [restartedMain] INFO  o.s.b.d.a.ConditionEvaluationDeltaLoggingListener - Condition evaluation unchanged
2025-03-27 10:23:38 [http-nio-8080-exec-2] INFO  o.a.c.c.C.[.[localhost].[/] - Initializing Spring DispatcherServlet 'dispatcherServlet'
2025-03-27 10:23:38 [http-nio-8080-exec-2] INFO  o.s.web.servlet.DispatcherServlet - Initializing Servlet 'dispatcherServlet'
2025-03-27 10:23:38 [http-nio-8080-exec-2] INFO  o.s.web.servlet.DispatcherServlet - Completed initialization in 1 ms
2025-03-27 10:24:05 [http-nio-8080-exec-5] WARN  o.s.w.s.m.m.a.ExceptionHandlerExceptionResolver - Resolved [java.lang.IllegalStateException: Cannot change vote. Poll is not active.]
2025-03-27 10:24:20 [http-nio-8080-exec-3] WARN  o.s.w.s.m.m.a.ExceptionHandlerExceptionResolver - Resolved [java.lang.IllegalStateException: Cannot change vote. Poll is not active.]
2025-03-27 10:25:37 [http-nio-8080-exec-10] WARN  o.s.w.s.m.m.a.ExceptionHandlerExceptionResolver - Resolved [java.lang.IllegalStateException: Cannot change vote. Poll is not active.]
2025-03-27 10:25:57 [http-nio-8080-exec-9] WARN  o.s.w.s.m.m.a.ExceptionHandlerExceptionResolver - Resolved [java.lang.IllegalStateException: Cannot change vote. Poll is not active.]
2025-03-27 10:26:55 [http-nio-8080-exec-4] WARN  o.s.w.s.m.m.a.ExceptionHandlerExceptionResolver - Resolved [java.lang.IllegalStateException: Cannot change vote. Poll is not active.]
2025-03-27 10:27:21 [http-nio-8080-exec-10] WARN  o.s.w.s.m.m.a.ExceptionHandlerExceptionResolver - Resolved [java.lang.IllegalStateException: Cannot change vote. Poll is not active.]
2025-03-27 10:29:01 [http-nio-8080-exec-5] WARN  o.s.w.s.m.m.a.ExceptionHandlerExceptionResolver - Resolved [java.lang.IllegalStateException: Cannot change vote. Poll is not active.]
2025-03-27 10:30:01 [http-nio-8080-exec-3] WARN  o.s.w.s.m.m.a.ExceptionHandlerExceptionResolver - Resolved [java.lang.IllegalStateException: Cannot change vote. Poll is not active.]
2025-03-27 10:31:04 [http-nio-8080-exec-7] WARN  o.s.w.s.m.m.a.ExceptionHandlerExceptionResolver - Resolved [java.lang.NullPointerException: Cannot invoke "java.util.List.stream()" because the return value of "com.akanksh.dto.UpdatePollRequestDto.getOptions()" is null]
2025-03-27 10:31:31 [http-nio-8080-exec-10] WARN  o.s.w.s.m.m.a.ExceptionHandlerExceptionResolver - Resolved [java.lang.NullPointerException: Cannot invoke "java.util.List.stream()" because the return value of "com.akanksh.dto.UpdatePollRequestDto.getOptions()" is null]
2025-03-27 10:32:10 [http-nio-8080-exec-2] WARN  o.s.w.s.m.m.a.ExceptionHandlerExceptionResolver - Resolved [java.lang.IllegalStateException: Cannot change vote. Poll is not active.]
2025-03-27 10:35:39 [http-nio-8080-exec-3] WARN  o.s.w.s.m.m.a.ExceptionHandlerExceptionResolver - Resolved [java.lang.IllegalStateException: Cannot change vote. Poll is not active.]
2025-03-27 10:35:51 [http-nio-8080-exec-7] WARN  o.s.w.s.m.m.a.ExceptionHandlerExceptionResolver - Resolved [java.lang.IllegalStateException: Cannot change vote. Poll is not active.]
2025-03-27 10:35:59 [http-nio-8080-exec-8] WARN  o.s.w.s.m.m.a.ExceptionHandlerExceptionResolver - Resolved [java.lang.IllegalStateException: Cannot change vote. Poll is not active.]
2025-03-27 10:36:10 [http-nio-8080-exec-10] WARN  o.s.w.s.m.m.a.ExceptionHandlerExceptionResolver - Resolved [java.lang.IllegalStateException: Cannot change vote. Poll is not active.]
2025-03-27 10:36:18 [http-nio-8080-exec-9] WARN  o.s.w.s.m.m.a.ExceptionHandlerExceptionResolver - Resolved [java.lang.IllegalStateException: Cannot change vote. Poll is not active.]
2025-03-27 10:36:38 [File Watcher] INFO  o.s.b.d.a.LocalDevToolsAutoConfiguration$RestartingClassPathChangeChangedEventListener - Restarting due to 1 class path change (0 additions, 0 deletions, 1 modification)
2025-03-27 10:36:38 [Thread-583] INFO  o.s.b.w.e.tomcat.GracefulShutdown - Commencing graceful shutdown. Waiting for active requests to complete
2025-03-27 10:36:38 [tomcat-shutdown] INFO  o.a.coyote.http11.Http11NioProtocol - Pausing ProtocolHandler ["http-nio-8080"]
2025-03-27 10:36:38 [tomcat-shutdown] INFO  o.s.b.w.e.tomcat.GracefulShutdown - Graceful shutdown complete
2025-03-27 10:36:38 [Thread-583] INFO  o.a.coyote.http11.Http11NioProtocol - Stopping ProtocolHandler ["http-nio-8080"]
2025-03-27 10:36:38 [Thread-583] INFO  o.s.o.j.LocalContainerEntityManagerFactoryBean - Closing JPA EntityManagerFactory for persistence unit 'default'
2025-03-27 10:36:38 [Thread-583] INFO  com.zaxxer.hikari.HikariDataSource - HikariPool-150 - Shutdown initiated...
2025-03-27 10:36:38 [Thread-583] INFO  com.zaxxer.hikari.HikariDataSource - HikariPool-150 - Shutdown completed.
2025-03-27 10:36:38 [restartedMain] INFO  c.a.PollCreationBackendApplication - Starting PollCreationBackendApplication using Java 21.0.6 with PID 28272 (D:\PollCreationBackend\PollCreationBackend\target\classes started by Akanksh in D:\PollCreationBackend\PollCreationBackend)
2025-03-27 10:36:38 [restartedMain] INFO  c.a.PollCreationBackendApplication - No active profile set, falling back to 1 default profile: "default"
2025-03-27 10:36:38 [restartedMain] INFO  o.s.d.r.c.RepositoryConfigurationDelegate - Bootstrapping Spring Data JPA repositories in DEFAULT mode.
2025-03-27 10:36:38 [restartedMain] INFO  o.s.d.r.c.RepositoryConfigurationDelegate - Finished Spring Data repository scanning in 29 ms. Found 5 JPA repository interfaces.
2025-03-27 10:36:38 [restartedMain] INFO  o.s.b.w.e.tomcat.TomcatWebServer - Tomcat initialized with port 8080 (http)
2025-03-27 10:36:38 [restartedMain] INFO  o.a.coyote.http11.Http11NioProtocol - Initializing ProtocolHandler ["http-nio-8080"]
2025-03-27 10:36:38 [restartedMain] INFO  o.a.catalina.core.StandardService - Starting service [Tomcat]
2025-03-27 10:36:38 [restartedMain] INFO  o.a.catalina.core.StandardEngine - Starting Servlet engine: [Apache Tomcat/10.1.36]
2025-03-27 10:36:38 [restartedMain] INFO  o.a.c.c.C.[.[localhost].[/] - Initializing Spring embedded WebApplicationContext
2025-03-27 10:36:38 [restartedMain] INFO  o.s.b.w.s.c.ServletWebServerApplicationContext - Root WebApplicationContext: initialization completed in 479 ms
2025-03-27 10:36:39 [restartedMain] INFO  o.h.jpa.internal.util.LogHelper - HHH000204: Processing PersistenceUnitInfo [name: default]
2025-03-27 10:36:39 [restartedMain] INFO  o.h.c.i.RegionFactoryInitiator - HHH000026: Second-level cache disabled
2025-03-27 10:36:39 [restartedMain] INFO  o.s.o.j.p.SpringPersistenceUnitInfo - No LoadTimeWeaver setup: ignoring JPA class transformer
2025-03-27 10:36:39 [restartedMain] INFO  com.zaxxer.hikari.HikariDataSource - HikariPool-151 - Starting...
2025-03-27 10:36:39 [restartedMain] INFO  com.zaxxer.hikari.pool.HikariPool - HikariPool-151 - Added connection com.mysql.cj.jdbc.ConnectionImpl@49b6b5d1
2025-03-27 10:36:39 [restartedMain] INFO  com.zaxxer.hikari.HikariDataSource - HikariPool-151 - Start completed.
2025-03-27 10:36:39 [restartedMain] INFO  o.hibernate.orm.connections.pooling - HHH10001005: Database info:
	Database JDBC URL [Connecting through datasource 'HikariDataSource (HikariPool-151)']
	Database driver: undefined/unknown
	Database version: 8.0.41
	Autocommit mode: undefined/unknown
	Isolation level: undefined/unknown
	Minimum pool size: undefined/unknown
	Maximum pool size: undefined/unknown
2025-03-27 10:36:39 [restartedMain] INFO  o.h.e.t.j.p.i.JtaPlatformInitiator - HHH000489: No JTA platform available (set 'hibernate.transaction.jta.platform' to enable JTA platform integration)
2025-03-27 10:36:39 [restartedMain] INFO  o.s.o.j.LocalContainerEntityManagerFactoryBean - Initialized JPA EntityManagerFactory for persistence unit 'default'
2025-03-27 10:36:39 [restartedMain] WARN  o.s.b.w.s.c.AnnotationConfigServletWebServerApplicationContext - Exception encountered during context initialization - cancelling refresh attempt: org.springframework.beans.factory.UnsatisfiedDependencyException: Error creating bean with name 'pollController': Unsatisfied dependency expressed through field 'pollService': Error creating bean with name 'pollServiceImpl' defined in file [D:\PollCreationBackend\PollCreationBackend\target\classes\com\akanksh\service\PollServiceImpl.class]: Failed to instantiate [com.akanksh.service.PollServiceImpl]: Constructor threw exception
2025-03-27 10:36:39 [restartedMain] INFO  o.s.o.j.LocalContainerEntityManagerFactoryBean - Closing JPA EntityManagerFactory for persistence unit 'default'
2025-03-27 10:36:39 [restartedMain] INFO  com.zaxxer.hikari.HikariDataSource - HikariPool-151 - Shutdown initiated...
2025-03-27 10:36:39 [restartedMain] INFO  com.zaxxer.hikari.HikariDataSource - HikariPool-151 - Shutdown completed.
2025-03-27 10:36:39 [restartedMain] INFO  o.a.catalina.core.StandardService - Stopping service [Tomcat]
2025-03-27 10:36:39 [restartedMain] INFO  o.s.b.a.l.ConditionEvaluationReportLogger - 

Error starting ApplicationContext. To display the condition evaluation report re-run your application with 'debug' enabled.
2025-03-27 10:36:39 [restartedMain] ERROR o.s.boot.SpringApplication - Application run failed
org.springframework.beans.factory.UnsatisfiedDependencyException: Error creating bean with name 'pollController': Unsatisfied dependency expressed through field 'pollService': Error creating bean with name 'pollServiceImpl' defined in file [D:\PollCreationBackend\PollCreationBackend\target\classes\com\akanksh\service\PollServiceImpl.class]: Failed to instantiate [com.akanksh.service.PollServiceImpl]: Constructor threw exception
	at org.springframework.beans.factory.annotation.AutowiredAnnotationBeanPostProcessor$AutowiredFieldElement.resolveFieldValue(AutowiredAnnotationBeanPostProcessor.java:788)
	at org.springframework.beans.factory.annotation.AutowiredAnnotationBeanPostProcessor$AutowiredFieldElement.inject(AutowiredAnnotationBeanPostProcessor.java:768)
	at org.springframework.beans.factory.annotation.InjectionMetadata.inject(InjectionMetadata.java:146)
	at org.springframework.beans.factory.annotation.AutowiredAnnotationBeanPostProcessor.postProcessProperties(AutowiredAnnotationBeanPostProcessor.java:509)
	at org.springframework.beans.factory.support.AbstractAutowireCapableBeanFactory.populateBean(AbstractAutowireCapableBeanFactory.java:1445)
	at org.springframework.beans.factory.support.AbstractAutowireCapableBeanFactory.doCreateBean(AbstractAutowireCapableBeanFactory.java:600)
	at org.springframework.beans.factory.support.AbstractAutowireCapableBeanFactory.createBean(AbstractAutowireCapableBeanFactory.java:523)
	at org.springframework.beans.factory.support.AbstractBeanFactory.lambda$doGetBean$0(AbstractBeanFactory.java:339)
	at org.springframework.beans.factory.support.DefaultSingletonBeanRegistry.getSingleton(DefaultSingletonBeanRegistry.java:346)
	at org.springframework.beans.factory.support.AbstractBeanFactory.doGetBean(AbstractBeanFactory.java:337)
	at org.springframework.beans.factory.support.AbstractBeanFactory.getBean(AbstractBeanFactory.java:202)
	at org.springframework.beans.factory.support.DefaultListableBeanFactory.instantiateSingleton(DefaultListableBeanFactory.java:1155)
	at org.springframework.beans.factory.support.DefaultListableBeanFactory.preInstantiateSingleton(DefaultListableBeanFactory.java:1121)
	at org.springframework.beans.factory.support.DefaultListableBeanFactory.preInstantiateSingletons(DefaultListableBeanFactory.java:1056)
	at org.springframework.context.support.AbstractApplicationContext.finishBeanFactoryInitialization(AbstractApplicationContext.java:987)
	at org.springframework.context.support.AbstractApplicationContext.refresh(AbstractApplicationContext.java:627)
	at org.springframework.boot.web.servlet.context.ServletWebServerApplicationContext.refresh(ServletWebServerApplicationContext.java:146)
	at org.springframework.boot.SpringApplication.refresh(SpringApplication.java:752)
	at org.springframework.boot.SpringApplication.refreshContext(SpringApplication.java:439)
	at org.springframework.boot.SpringApplication.run(SpringApplication.java:318)
	at org.springframework.boot.SpringApplication.run(SpringApplication.java:1361)
	at org.springframework.boot.SpringApplication.run(SpringApplication.java:1350)
	at com.akanksh.PollCreationBackendApplication.main(PollCreationBackendApplication.java:21)
	at java.base/jdk.internal.reflect.DirectMethodHandleAccessor.invoke(DirectMethodHandleAccessor.java:103)
	at java.base/java.lang.reflect.Method.invoke(Method.java:580)
	at org.springframework.boot.devtools.restart.RestartLauncher.run(RestartLauncher.java:50)
Caused by: org.springframework.beans.factory.BeanCreationException: Error creating bean with name 'pollServiceImpl' defined in file [D:\PollCreationBackend\PollCreationBackend\target\classes\com\akanksh\service\PollServiceImpl.class]: Failed to instantiate [com.akanksh.service.PollServiceImpl]: Constructor threw exception
	at org.springframework.beans.factory.support.AbstractAutowireCapableBeanFactory.instantiateBean(AbstractAutowireCapableBeanFactory.java:1343)
	at org.springframework.beans.factory.support.AbstractAutowireCapableBeanFactory.createBeanInstance(AbstractAutowireCapableBeanFactory.java:1228)
	at org.springframework.beans.factory.support.AbstractAutowireCapableBeanFactory.doCreateBean(AbstractAutowireCapableBeanFactory.java:563)
	at org.springframework.beans.factory.support.AbstractAutowireCapableBeanFactory.createBean(AbstractAutowireCapableBeanFactory.java:523)
	at org.springframework.beans.factory.support.AbstractBeanFactory.lambda$doGetBean$0(AbstractBeanFactory.java:339)
	at org.springframework.beans.factory.support.DefaultSingletonBeanRegistry.getSingleton(DefaultSingletonBeanRegistry.java:346)
	at org.springframework.beans.factory.support.AbstractBeanFactory.doGetBean(AbstractBeanFactory.java:337)
	at org.springframework.beans.factory.support.AbstractBeanFactory.getBean(AbstractBeanFactory.java:202)
	at org.springframework.beans.factory.config.DependencyDescriptor.resolveCandidate(DependencyDescriptor.java:254)
	at org.springframework.beans.factory.support.DefaultListableBeanFactory.doResolveDependency(DefaultListableBeanFactory.java:1664)
	at org.springframework.beans.factory.support.DefaultListableBeanFactory.resolveDependency(DefaultListableBeanFactory.java:1552)
	at org.springframework.beans.factory.annotation.AutowiredAnnotationBeanPostProcessor$AutowiredFieldElement.resolveFieldValue(AutowiredAnnotationBeanPostProcessor.java:785)
	... 25 common frames omitted
Caused by: org.springframework.beans.BeanInstantiationException: Failed to instantiate [com.akanksh.service.PollServiceImpl]: Constructor threw exception
	at org.springframework.beans.BeanUtils.instantiateClass(BeanUtils.java:222)
	at org.springframework.beans.factory.support.SimpleInstantiationStrategy.instantiate(SimpleInstantiationStrategy.java:122)
	at org.springframework.beans.factory.support.AbstractAutowireCapableBeanFactory.instantiateBean(AbstractAutowireCapableBeanFactory.java:1337)
	... 36 common frames omitted
Caused by: java.lang.Error: Unresolved compilation problems: 
	The method getAllowMultipleSelect() is undefined for the type UpdatePollRequestDto
	The method getAllowMultipleSelect() is undefined for the type UpdatePollRequestDto
	The method getAllowMultipleSelect() is undefined for the type UpdatePollRequestDto
	Syntax error on token ".", @ expected after this token
	Syntax error, insert "SimpleName" to complete QualifiedName
	Syntax error, insert "Identifier (" to complete MethodHeaderName
	Syntax error, insert ")" to complete MethodDeclaration
	Syntax error on token "}", delete this token

	at com.akanksh.service.PollServiceImpl.<init>(PollServiceImpl.java:460)
	at java.base/jdk.internal.reflect.DirectConstructorHandleAccessor.newInstance(DirectConstructorHandleAccessor.java:62)
	at java.base/java.lang.reflect.Constructor.newInstanceWithCaller(Constructor.java:502)
	at java.base/java.lang.reflect.Constructor.newInstance(Constructor.java:486)
	at org.springframework.beans.BeanUtils.instantiateClass(BeanUtils.java:196)
	... 38 common frames omitted
2025-03-27 10:39:43 [restartedMain] INFO  c.a.PollCreationBackendApplication - Starting PollCreationBackendApplication using Java 21.0.6 with PID 28272 (D:\PollCreationBackend\PollCreationBackend\target\classes started by Akanksh in D:\PollCreationBackend\PollCreationBackend)
2025-03-27 10:39:43 [restartedMain] INFO  c.a.PollCreationBackendApplication - No active profile set, falling back to 1 default profile: "default"
2025-03-27 10:39:43 [restartedMain] INFO  o.s.d.r.c.RepositoryConfigurationDelegate - Bootstrapping Spring Data JPA repositories in DEFAULT mode.
2025-03-27 10:39:44 [restartedMain] INFO  o.s.d.r.c.RepositoryConfigurationDelegate - Finished Spring Data repository scanning in 24 ms. Found 5 JPA repository interfaces.
2025-03-27 10:39:44 [restartedMain] INFO  o.s.b.w.e.tomcat.TomcatWebServer - Tomcat initialized with port 8080 (http)
2025-03-27 10:39:44 [restartedMain] INFO  o.a.coyote.http11.Http11NioProtocol - Initializing ProtocolHandler ["http-nio-8080"]
2025-03-27 10:39:44 [restartedMain] INFO  o.a.catalina.core.StandardService - Starting service [Tomcat]
2025-03-27 10:39:44 [restartedMain] INFO  o.a.catalina.core.StandardEngine - Starting Servlet engine: [Apache Tomcat/10.1.36]
2025-03-27 10:39:44 [restartedMain] INFO  o.a.c.c.C.[.[localhost].[/] - Initializing Spring embedded WebApplicationContext
2025-03-27 10:39:44 [restartedMain] INFO  o.s.b.w.s.c.ServletWebServerApplicationContext - Root WebApplicationContext: initialization completed in 375 ms
2025-03-27 10:39:44 [restartedMain] INFO  o.h.jpa.internal.util.LogHelper - HHH000204: Processing PersistenceUnitInfo [name: default]
2025-03-27 10:39:44 [restartedMain] INFO  o.h.c.i.RegionFactoryInitiator - HHH000026: Second-level cache disabled
2025-03-27 10:39:44 [restartedMain] INFO  o.s.o.j.p.SpringPersistenceUnitInfo - No LoadTimeWeaver setup: ignoring JPA class transformer
2025-03-27 10:39:44 [restartedMain] INFO  com.zaxxer.hikari.HikariDataSource - HikariPool-152 - Starting...
2025-03-27 10:39:44 [restartedMain] INFO  com.zaxxer.hikari.pool.HikariPool - HikariPool-152 - Added connection com.mysql.cj.jdbc.ConnectionImpl@2eae26f9
2025-03-27 10:39:44 [restartedMain] INFO  com.zaxxer.hikari.HikariDataSource - HikariPool-152 - Start completed.
2025-03-27 10:39:44 [restartedMain] INFO  o.hibernate.orm.connections.pooling - HHH10001005: Database info:
	Database JDBC URL [Connecting through datasource 'HikariDataSource (HikariPool-152)']
	Database driver: undefined/unknown
	Database version: 8.0.41
	Autocommit mode: undefined/unknown
	Isolation level: undefined/unknown
	Minimum pool size: undefined/unknown
	Maximum pool size: undefined/unknown
2025-03-27 10:39:44 [restartedMain] INFO  o.h.e.t.j.p.i.JtaPlatformInitiator - HHH000489: No JTA platform available (set 'hibernate.transaction.jta.platform' to enable JTA platform integration)
2025-03-27 10:39:44 [restartedMain] INFO  o.s.o.j.LocalContainerEntityManagerFactoryBean - Initialized JPA EntityManagerFactory for persistence unit 'default'
2025-03-27 10:39:44 [restartedMain] WARN  o.s.b.w.s.c.AnnotationConfigServletWebServerApplicationContext - Exception encountered during context initialization - cancelling refresh attempt: org.springframework.beans.factory.UnsatisfiedDependencyException: Error creating bean with name 'pollController': Unsatisfied dependency expressed through field 'pollService': Error creating bean with name 'pollServiceImpl' defined in file [D:\PollCreationBackend\PollCreationBackend\target\classes\com\akanksh\service\PollServiceImpl.class]: Failed to instantiate [com.akanksh.service.PollServiceImpl]: Constructor threw exception
2025-03-27 10:39:44 [restartedMain] INFO  o.s.o.j.LocalContainerEntityManagerFactoryBean - Closing JPA EntityManagerFactory for persistence unit 'default'
2025-03-27 10:39:44 [restartedMain] INFO  com.zaxxer.hikari.HikariDataSource - HikariPool-152 - Shutdown initiated...
2025-03-27 10:39:44 [restartedMain] INFO  com.zaxxer.hikari.HikariDataSource - HikariPool-152 - Shutdown completed.
2025-03-27 10:39:44 [restartedMain] INFO  o.a.catalina.core.StandardService - Stopping service [Tomcat]
2025-03-27 10:39:44 [restartedMain] INFO  o.s.b.a.l.ConditionEvaluationReportLogger - 

Error starting ApplicationContext. To display the condition evaluation report re-run your application with 'debug' enabled.
2025-03-27 10:39:44 [restartedMain] ERROR o.s.boot.SpringApplication - Application run failed
org.springframework.beans.factory.UnsatisfiedDependencyException: Error creating bean with name 'pollController': Unsatisfied dependency expressed through field 'pollService': Error creating bean with name 'pollServiceImpl' defined in file [D:\PollCreationBackend\PollCreationBackend\target\classes\com\akanksh\service\PollServiceImpl.class]: Failed to instantiate [com.akanksh.service.PollServiceImpl]: Constructor threw exception
	at org.springframework.beans.factory.annotation.AutowiredAnnotationBeanPostProcessor$AutowiredFieldElement.resolveFieldValue(AutowiredAnnotationBeanPostProcessor.java:788)
	at org.springframework.beans.factory.annotation.AutowiredAnnotationBeanPostProcessor$AutowiredFieldElement.inject(AutowiredAnnotationBeanPostProcessor.java:768)
	at org.springframework.beans.factory.annotation.InjectionMetadata.inject(InjectionMetadata.java:146)
	at org.springframework.beans.factory.annotation.AutowiredAnnotationBeanPostProcessor.postProcessProperties(AutowiredAnnotationBeanPostProcessor.java:509)
	at org.springframework.beans.factory.support.AbstractAutowireCapableBeanFactory.populateBean(AbstractAutowireCapableBeanFactory.java:1445)
	at org.springframework.beans.factory.support.AbstractAutowireCapableBeanFactory.doCreateBean(AbstractAutowireCapableBeanFactory.java:600)
	at org.springframework.beans.factory.support.AbstractAutowireCapableBeanFactory.createBean(AbstractAutowireCapableBeanFactory.java:523)
	at org.springframework.beans.factory.support.AbstractBeanFactory.lambda$doGetBean$0(AbstractBeanFactory.java:339)
	at org.springframework.beans.factory.support.DefaultSingletonBeanRegistry.getSingleton(DefaultSingletonBeanRegistry.java:346)
	at org.springframework.beans.factory.support.AbstractBeanFactory.doGetBean(AbstractBeanFactory.java:337)
	at org.springframework.beans.factory.support.AbstractBeanFactory.getBean(AbstractBeanFactory.java:202)
	at org.springframework.beans.factory.support.DefaultListableBeanFactory.instantiateSingleton(DefaultListableBeanFactory.java:1155)
	at org.springframework.beans.factory.support.DefaultListableBeanFactory.preInstantiateSingleton(DefaultListableBeanFactory.java:1121)
	at org.springframework.beans.factory.support.DefaultListableBeanFactory.preInstantiateSingletons(DefaultListableBeanFactory.java:1056)
	at org.springframework.context.support.AbstractApplicationContext.finishBeanFactoryInitialization(AbstractApplicationContext.java:987)
	at org.springframework.context.support.AbstractApplicationContext.refresh(AbstractApplicationContext.java:627)
	at org.springframework.boot.web.servlet.context.ServletWebServerApplicationContext.refresh(ServletWebServerApplicationContext.java:146)
	at org.springframework.boot.SpringApplication.refresh(SpringApplication.java:752)
	at org.springframework.boot.SpringApplication.refreshContext(SpringApplication.java:439)
	at org.springframework.boot.SpringApplication.run(SpringApplication.java:318)
	at org.springframework.boot.SpringApplication.run(SpringApplication.java:1361)
	at org.springframework.boot.SpringApplication.run(SpringApplication.java:1350)
	at com.akanksh.PollCreationBackendApplication.main(PollCreationBackendApplication.java:21)
	at java.base/jdk.internal.reflect.DirectMethodHandleAccessor.invoke(DirectMethodHandleAccessor.java:103)
	at java.base/java.lang.reflect.Method.invoke(Method.java:580)
	at org.springframework.boot.devtools.restart.RestartLauncher.run(RestartLauncher.java:50)
Caused by: org.springframework.beans.factory.BeanCreationException: Error creating bean with name 'pollServiceImpl' defined in file [D:\PollCreationBackend\PollCreationBackend\target\classes\com\akanksh\service\PollServiceImpl.class]: Failed to instantiate [com.akanksh.service.PollServiceImpl]: Constructor threw exception
	at org.springframework.beans.factory.support.AbstractAutowireCapableBeanFactory.instantiateBean(AbstractAutowireCapableBeanFactory.java:1343)
	at org.springframework.beans.factory.support.AbstractAutowireCapableBeanFactory.createBeanInstance(AbstractAutowireCapableBeanFactory.java:1228)
	at org.springframework.beans.factory.support.AbstractAutowireCapableBeanFactory.doCreateBean(AbstractAutowireCapableBeanFactory.java:563)
	at org.springframework.beans.factory.support.AbstractAutowireCapableBeanFactory.createBean(AbstractAutowireCapableBeanFactory.java:523)
	at org.springframework.beans.factory.support.AbstractBeanFactory.lambda$doGetBean$0(AbstractBeanFactory.java:339)
	at org.springframework.beans.factory.support.DefaultSingletonBeanRegistry.getSingleton(DefaultSingletonBeanRegistry.java:346)
	at org.springframework.beans.factory.support.AbstractBeanFactory.doGetBean(AbstractBeanFactory.java:337)
	at org.springframework.beans.factory.support.AbstractBeanFactory.getBean(AbstractBeanFactory.java:202)
	at org.springframework.beans.factory.config.DependencyDescriptor.resolveCandidate(DependencyDescriptor.java:254)
	at org.springframework.beans.factory.support.DefaultListableBeanFactory.doResolveDependency(DefaultListableBeanFactory.java:1664)
	at org.springframework.beans.factory.support.DefaultListableBeanFactory.resolveDependency(DefaultListableBeanFactory.java:1552)
	at org.springframework.beans.factory.annotation.AutowiredAnnotationBeanPostProcessor$AutowiredFieldElement.resolveFieldValue(AutowiredAnnotationBeanPostProcessor.java:785)
	... 25 common frames omitted
Caused by: org.springframework.beans.BeanInstantiationException: Failed to instantiate [com.akanksh.service.PollServiceImpl]: Constructor threw exception
	at org.springframework.beans.BeanUtils.instantiateClass(BeanUtils.java:222)
	at org.springframework.beans.factory.support.SimpleInstantiationStrategy.instantiate(SimpleInstantiationStrategy.java:122)
	at org.springframework.beans.factory.support.AbstractAutowireCapableBeanFactory.instantiateBean(AbstractAutowireCapableBeanFactory.java:1337)
	... 36 common frames omitted
Caused by: java.lang.Error: Unresolved compilation problems: 
	Syntax error on token ".", @ expected after this token
	Syntax error, insert "SimpleName" to complete QualifiedName
	Syntax error, insert "Identifier (" to complete MethodHeaderName
	Syntax error, insert ")" to complete MethodDeclaration
	Syntax error on token "}", delete this token

	at com.akanksh.service.PollServiceImpl.<init>(PollServiceImpl.java:503)
	at java.base/jdk.internal.reflect.DirectConstructorHandleAccessor.newInstance(DirectConstructorHandleAccessor.java:62)
	at java.base/java.lang.reflect.Constructor.newInstanceWithCaller(Constructor.java:502)
	at java.base/java.lang.reflect.Constructor.newInstance(Constructor.java:486)
	at org.springframework.beans.BeanUtils.instantiateClass(BeanUtils.java:196)
	... 38 common frames omitted
2025-03-27 10:39:49 [restartedMain] INFO  c.a.PollCreationBackendApplication - Starting PollCreationBackendApplication using Java 21.0.6 with PID 28272 (D:\PollCreationBackend\PollCreationBackend\target\classes started by Akanksh in D:\PollCreationBackend\PollCreationBackend)
2025-03-27 10:39:49 [restartedMain] INFO  c.a.PollCreationBackendApplication - No active profile set, falling back to 1 default profile: "default"
2025-03-27 10:39:49 [restartedMain] INFO  o.s.d.r.c.RepositoryConfigurationDelegate - Bootstrapping Spring Data JPA repositories in DEFAULT mode.
2025-03-27 10:39:49 [restartedMain] INFO  o.s.d.r.c.RepositoryConfigurationDelegate - Finished Spring Data repository scanning in 20 ms. Found 5 JPA repository interfaces.
2025-03-27 10:39:49 [restartedMain] INFO  o.s.b.w.e.tomcat.TomcatWebServer - Tomcat initialized with port 8080 (http)
2025-03-27 10:39:49 [restartedMain] INFO  o.a.coyote.http11.Http11NioProtocol - Initializing ProtocolHandler ["http-nio-8080"]
2025-03-27 10:39:49 [restartedMain] INFO  o.a.catalina.core.StandardService - Starting service [Tomcat]
2025-03-27 10:39:49 [restartedMain] INFO  o.a.catalina.core.StandardEngine - Starting Servlet engine: [Apache Tomcat/10.1.36]
2025-03-27 10:39:49 [restartedMain] INFO  o.a.c.c.C.[.[localhost].[/] - Initializing Spring embedded WebApplicationContext
2025-03-27 10:39:49 [restartedMain] INFO  o.s.b.w.s.c.ServletWebServerApplicationContext - Root WebApplicationContext: initialization completed in 327 ms
2025-03-27 10:39:49 [restartedMain] INFO  o.h.jpa.internal.util.LogHelper - HHH000204: Processing PersistenceUnitInfo [name: default]
2025-03-27 10:39:49 [restartedMain] INFO  o.h.c.i.RegionFactoryInitiator - HHH000026: Second-level cache disabled
2025-03-27 10:39:49 [restartedMain] INFO  o.s.o.j.p.SpringPersistenceUnitInfo - No LoadTimeWeaver setup: ignoring JPA class transformer
2025-03-27 10:39:49 [restartedMain] INFO  com.zaxxer.hikari.HikariDataSource - HikariPool-153 - Starting...
2025-03-27 10:39:49 [restartedMain] INFO  com.zaxxer.hikari.pool.HikariPool - HikariPool-153 - Added connection com.mysql.cj.jdbc.ConnectionImpl@35b12386
2025-03-27 10:39:49 [restartedMain] INFO  com.zaxxer.hikari.HikariDataSource - HikariPool-153 - Start completed.
2025-03-27 10:39:49 [restartedMain] INFO  o.hibernate.orm.connections.pooling - HHH10001005: Database info:
	Database JDBC URL [Connecting through datasource 'HikariDataSource (HikariPool-153)']
	Database driver: undefined/unknown
	Database version: 8.0.41
	Autocommit mode: undefined/unknown
	Isolation level: undefined/unknown
	Minimum pool size: undefined/unknown
	Maximum pool size: undefined/unknown
2025-03-27 10:39:49 [restartedMain] INFO  o.h.e.t.j.p.i.JtaPlatformInitiator - HHH000489: No JTA platform available (set 'hibernate.transaction.jta.platform' to enable JTA platform integration)
2025-03-27 10:39:49 [restartedMain] INFO  o.s.o.j.LocalContainerEntityManagerFactoryBean - Initialized JPA EntityManagerFactory for persistence unit 'default'
2025-03-27 10:39:49 [restartedMain] WARN  o.s.b.a.o.j.JpaBaseConfiguration$JpaWebConfiguration - spring.jpa.open-in-view is enabled by default. Therefore, database queries may be performed during view rendering. Explicitly configure spring.jpa.open-in-view to disable this warning
2025-03-27 10:39:49 [restartedMain] INFO  o.s.v.b.OptionalValidatorFactoryBean - Failed to set up a Bean Validation provider: jakarta.validation.NoProviderFoundException: Unable to create a Configuration, because no Jakarta Bean Validation provider could be found. Add a provider like Hibernate Validator (RI) to your classpath.
2025-03-27 10:39:49 [restartedMain] INFO  o.s.b.d.a.OptionalLiveReloadServer - LiveReload server is running on port 35729
2025-03-27 10:39:49 [restartedMain] INFO  o.a.coyote.http11.Http11NioProtocol - Starting ProtocolHandler ["http-nio-8080"]
2025-03-27 10:39:49 [restartedMain] INFO  o.s.b.w.e.tomcat.TomcatWebServer - Tomcat started on port 8080 (http) with context path '/'
2025-03-27 10:39:49 [restartedMain] INFO  c.a.PollCreationBackendApplication - Started PollCreationBackendApplication in 0.936 seconds (process running for 238203.216)
2025-03-27 10:39:49 [restartedMain] INFO  o.s.b.d.a.ConditionEvaluationDeltaLoggingListener - Condition evaluation unchanged
2025-03-27 10:40:07 [File Watcher] INFO  o.s.b.d.a.LocalDevToolsAutoConfiguration$RestartingClassPathChangeChangedEventListener - Restarting due to 1 class path change (0 additions, 0 deletions, 1 modification)
2025-03-27 10:40:07 [Thread-587] INFO  o.s.b.w.e.tomcat.GracefulShutdown - Commencing graceful shutdown. Waiting for active requests to complete
2025-03-27 10:40:07 [tomcat-shutdown] INFO  o.a.coyote.http11.Http11NioProtocol - Pausing ProtocolHandler ["http-nio-8080"]
2025-03-27 10:40:07 [tomcat-shutdown] INFO  o.s.b.w.e.tomcat.GracefulShutdown - Graceful shutdown complete
2025-03-27 10:40:07 [Thread-587] INFO  o.a.coyote.http11.Http11NioProtocol - Stopping ProtocolHandler ["http-nio-8080"]
2025-03-27 10:40:07 [Thread-587] INFO  o.s.o.j.LocalContainerEntityManagerFactoryBean - Closing JPA EntityManagerFactory for persistence unit 'default'
2025-03-27 10:40:07 [Thread-587] INFO  com.zaxxer.hikari.HikariDataSource - HikariPool-153 - Shutdown initiated...
2025-03-27 10:40:07 [Thread-587] INFO  com.zaxxer.hikari.HikariDataSource - HikariPool-153 - Shutdown completed.
2025-03-27 10:40:07 [restartedMain] INFO  c.a.PollCreationBackendApplication - Starting PollCreationBackendApplication using Java 21.0.6 with PID 28272 (D:\PollCreationBackend\PollCreationBackend\target\classes started by Akanksh in D:\PollCreationBackend\PollCreationBackend)
2025-03-27 10:40:07 [restartedMain] INFO  c.a.PollCreationBackendApplication - No active profile set, falling back to 1 default profile: "default"
2025-03-27 10:40:08 [restartedMain] INFO  o.s.d.r.c.RepositoryConfigurationDelegate - Bootstrapping Spring Data JPA repositories in DEFAULT mode.
2025-03-27 10:40:08 [restartedMain] INFO  o.s.d.r.c.RepositoryConfigurationDelegate - Finished Spring Data repository scanning in 17 ms. Found 5 JPA repository interfaces.
2025-03-27 10:40:08 [restartedMain] INFO  o.s.b.w.e.tomcat.TomcatWebServer - Tomcat initialized with port 8080 (http)
2025-03-27 10:40:08 [restartedMain] INFO  o.a.coyote.http11.Http11NioProtocol - Initializing ProtocolHandler ["http-nio-8080"]
2025-03-27 10:40:08 [restartedMain] INFO  o.a.catalina.core.StandardService - Starting service [Tomcat]
2025-03-27 10:40:08 [restartedMain] INFO  o.a.catalina.core.StandardEngine - Starting Servlet engine: [Apache Tomcat/10.1.36]
2025-03-27 10:40:08 [restartedMain] INFO  o.a.c.c.C.[.[localhost].[/] - Initializing Spring embedded WebApplicationContext
2025-03-27 10:40:08 [restartedMain] INFO  o.s.b.w.s.c.ServletWebServerApplicationContext - Root WebApplicationContext: initialization completed in 318 ms
2025-03-27 10:40:08 [restartedMain] INFO  o.h.jpa.internal.util.LogHelper - HHH000204: Processing PersistenceUnitInfo [name: default]
2025-03-27 10:40:08 [restartedMain] INFO  o.h.c.i.RegionFactoryInitiator - HHH000026: Second-level cache disabled
2025-03-27 10:40:08 [restartedMain] INFO  o.s.o.j.p.SpringPersistenceUnitInfo - No LoadTimeWeaver setup: ignoring JPA class transformer
2025-03-27 10:40:08 [restartedMain] INFO  com.zaxxer.hikari.HikariDataSource - HikariPool-154 - Starting...
2025-03-27 10:40:08 [restartedMain] INFO  com.zaxxer.hikari.pool.HikariPool - HikariPool-154 - Added connection com.mysql.cj.jdbc.ConnectionImpl@c9546f4
2025-03-27 10:40:08 [restartedMain] INFO  com.zaxxer.hikari.HikariDataSource - HikariPool-154 - Start completed.
2025-03-27 10:40:08 [restartedMain] INFO  o.hibernate.orm.connections.pooling - HHH10001005: Database info:
	Database JDBC URL [Connecting through datasource 'HikariDataSource (HikariPool-154)']
	Database driver: undefined/unknown
	Database version: 8.0.41
	Autocommit mode: undefined/unknown
	Isolation level: undefined/unknown
	Minimum pool size: undefined/unknown
	Maximum pool size: undefined/unknown
2025-03-27 10:40:08 [restartedMain] INFO  o.h.e.t.j.p.i.JtaPlatformInitiator - HHH000489: No JTA platform available (set 'hibernate.transaction.jta.platform' to enable JTA platform integration)
2025-03-27 10:40:08 [restartedMain] INFO  o.s.o.j.LocalContainerEntityManagerFactoryBean - Initialized JPA EntityManagerFactory for persistence unit 'default'
2025-03-27 10:40:08 [restartedMain] WARN  o.s.b.a.o.j.JpaBaseConfiguration$JpaWebConfiguration - spring.jpa.open-in-view is enabled by default. Therefore, database queries may be performed during view rendering. Explicitly configure spring.jpa.open-in-view to disable this warning
2025-03-27 10:40:08 [restartedMain] INFO  o.s.v.b.OptionalValidatorFactoryBean - Failed to set up a Bean Validation provider: jakarta.validation.NoProviderFoundException: Unable to create a Configuration, because no Jakarta Bean Validation provider could be found. Add a provider like Hibernate Validator (RI) to your classpath.
2025-03-27 10:40:08 [restartedMain] INFO  o.s.b.d.a.OptionalLiveReloadServer - LiveReload server is running on port 35729
2025-03-27 10:40:08 [restartedMain] INFO  o.a.coyote.http11.Http11NioProtocol - Starting ProtocolHandler ["http-nio-8080"]
2025-03-27 10:40:08 [restartedMain] INFO  o.s.b.w.e.tomcat.TomcatWebServer - Tomcat started on port 8080 (http) with context path '/'
2025-03-27 10:40:08 [restartedMain] INFO  c.a.PollCreationBackendApplication - Started PollCreationBackendApplication in 0.919 seconds (process running for 238222.103)
2025-03-27 10:40:08 [restartedMain] INFO  o.s.b.d.a.ConditionEvaluationDeltaLoggingListener - Condition evaluation unchanged
2025-03-27 10:40:31 [http-nio-8080-exec-2] INFO  o.a.c.c.C.[.[localhost].[/] - Initializing Spring DispatcherServlet 'dispatcherServlet'
2025-03-27 10:40:31 [http-nio-8080-exec-2] INFO  o.s.web.servlet.DispatcherServlet - Initializing Servlet 'dispatcherServlet'
2025-03-27 10:40:31 [http-nio-8080-exec-2] INFO  o.s.web.servlet.DispatcherServlet - Completed initialization in 0 ms
2025-03-27 10:41:05 [http-nio-8080-exec-2] WARN  o.s.w.s.m.m.a.ExceptionHandlerExceptionResolver - Resolved [java.lang.IllegalStateException: Cannot change vote. Poll is not active.]
2025-03-27 10:41:11 [http-nio-8080-exec-1] WARN  o.s.w.s.m.m.a.ExceptionHandlerExceptionResolver - Resolved [java.lang.IllegalStateException: Cannot delete vote. Poll is not active.]
2025-03-27 10:47:22 [http-nio-8080-exec-1] WARN  o.s.w.s.m.m.a.ExceptionHandlerExceptionResolver - Resolved [java.lang.IllegalStateException: Cannot delete vote. Poll is not active.]
2025-03-27 10:48:26 [http-nio-8080-exec-3] WARN  o.s.w.s.m.m.a.ExceptionHandlerExceptionResolver - Resolved [java.lang.IllegalStateException: Cannot delete vote. Poll is not active.]
2025-03-27 10:50:09 [http-nio-8080-exec-4] WARN  o.s.w.s.m.m.a.ExceptionHandlerExceptionResolver - Resolved [java.lang.IllegalStateException: Cannot delete vote. Poll is not active.]
2025-03-27 10:51:35 [http-nio-8080-exec-2] WARN  o.s.w.s.m.m.a.ExceptionHandlerExceptionResolver - Resolved [java.lang.IllegalStateException: Cannot delete vote. Poll is not active.]
2025-03-27 10:53:02 [http-nio-8080-exec-1] WARN  o.s.w.s.m.m.a.ExceptionHandlerExceptionResolver - Resolved [java.lang.IllegalStateException: Cannot delete vote. Poll is not active.]
2025-03-27 10:56:28 [http-nio-8080-exec-4] WARN  o.s.w.s.m.m.a.ExceptionHandlerExceptionResolver - Resolved [java.lang.IllegalStateException: Cannot delete vote. Poll is not active.]
2025-03-27 10:56:57 [http-nio-8080-exec-5] WARN  o.s.w.s.m.m.a.ExceptionHandlerExceptionResolver - Resolved [java.lang.IllegalStateException: Cannot delete vote. Poll is not active.]
2025-03-27 10:57:29 [http-nio-8080-exec-9] WARN  o.s.w.s.m.m.a.ExceptionHandlerExceptionResolver - Resolved [java.lang.IllegalStateException: Cannot delete vote. Poll is not active.]
2025-03-27 10:57:50 [http-nio-8080-exec-1] WARN  o.s.w.s.m.m.a.ExceptionHandlerExceptionResolver - Resolved [java.lang.IllegalStateException: Cannot delete vote. Poll is not active.]
2025-03-27 10:58:32 [http-nio-8080-exec-3] WARN  o.s.w.s.m.m.a.ExceptionHandlerExceptionResolver - Resolved [java.lang.IllegalStateException: Cannot change vote. Poll is not active.]
2025-03-27 10:59:14 [http-nio-8080-exec-10] WARN  o.s.w.s.m.m.a.ExceptionHandlerExceptionResolver - Resolved [org.springframework.web.servlet.resource.NoResourceFoundException: No static resource polls/10.]
2025-03-27 11:46:22 [HikariPool-154 housekeeper] WARN  com.zaxxer.hikari.pool.HikariPool - HikariPool-154 - Thread starvation or clock leap detected (housekeeper delta=33m44s30ms818µs100ns).
