2025-03-11 11:20:51,888 [Worker-7: Loading available Gradle versions] INFO  o.e.b.c.i.u.g.PublishedGradleVersions - Gradle version information cache is not available. Remote download required.
2025-03-11 12:49:27,557 [Worker-19: Import Getting Started Content] INFO  o.e.m.c.i.l.LifecycleMappingFactory - Using org.eclipse.m2e.jdt.JarLifecycleMapping lifecycle mapping for MavenProject: com.akanksh:PollCreationBackend:0.0.1-SNAPSHOT @ D:\PollCreationBackend\PollCreationBackend\pom.xml.
2025-03-11 12:49:29,145 [Worker-19: Import Getting Started Content] INFO  o.e.m.j.i.AbstractJavaProjectConfigurator - Adding source folder /PollCreationBackend/src/main/java
2025-03-11 12:49:29,148 [Worker-19: Import Getting Started Content] INFO  o.e.m.j.i.AbstractJavaProjectConfigurator - Adding resource folder /PollCreationBackend/src/main/resources
2025-03-11 12:49:29,156 [Worker-19: Import Getting Started Content] INFO  o.e.m.j.i.AbstractJavaProjectConfigurator - Adding resource folder /PollCreationBackend/src/main/resources
2025-03-11 12:49:29,193 [Worker-19: Import Getting Started Content] INFO  o.e.m.j.i.AbstractJavaProjectConfigurator - Adding source folder /PollCreationBackend/src/test/java
2025-03-11 12:49:29,195 [Worker-19: Import Getting Started Content] INFO  o.e.m.j.i.AbstractJavaProjectConfigurator - Adding resource folder /PollCreationBackend/src/test/resources
2025-03-11 12:49:30,215 [Worker-19: Import Getting Started Content] INFO  o.e.m.c.i.p.ProjectConfigurationManager - Imported and configured 1 project(s) in 5 sec
2025-03-11 12:49:30,220 [Worker-19: Import Getting Started Content] INFO  o.e.m.c.i.p.ProjectConfigurationManager - Update started
2025-03-11 12:49:30,685 [Worker-19: Import Getting Started Content] INFO  o.e.m.c.i.l.LifecycleMappingFactory - Using org.eclipse.m2e.jdt.JarLifecycleMapping lifecycle mapping for MavenProject: com.akanksh:PollCreationBackend:0.0.1-SNAPSHOT @ D:\PollCreationBackend\PollCreationBackend\pom.xml.
2025-03-11 12:49:31,619 [Worker-19: Import Getting Started Content] INFO  o.e.m.j.i.AbstractJavaProjectConfigurator - Adding source folder /PollCreationBackend/src/main/java
2025-03-11 12:49:31,620 [Worker-19: Import Getting Started Content] INFO  o.e.m.j.i.AbstractJavaProjectConfigurator - Adding resource folder /PollCreationBackend/src/main/resources
2025-03-11 12:49:31,620 [Worker-19: Import Getting Started Content] INFO  o.e.m.j.i.AbstractJavaProjectConfigurator - Adding resource folder /PollCreationBackend/src/main/resources
2025-03-11 12:49:31,621 [Worker-19: Import Getting Started Content] INFO  o.e.m.j.i.AbstractJavaProjectConfigurator - Adding source folder /PollCreationBackend/src/test/java
2025-03-11 12:49:31,622 [Worker-19: Import Getting Started Content] INFO  o.e.m.j.i.AbstractJavaProjectConfigurator - Adding resource folder /PollCreationBackend/src/test/resources
2025-03-11 12:49:32,185 [Worker-19: Import Getting Started Content] INFO  o.e.m.c.i.p.ProjectConfigurationManager - Update completed for 1 poms: local refresh takes 0.00 sec, refresh facades takes 1.00 sec, update config takes 0.00 sec 
2025-03-11 12:49:33,117 [Worker-1: Building] INFO  o.a.m.s.f.DefaultMavenResourcesFiltering - Copying 1 resource from src\main\resources to target\classes
2025-03-11 12:49:33,137 [Worker-1: Building] INFO  o.a.m.s.f.DefaultMavenResourcesFiltering - Copying 0 resource from src\main\resources to target\classes
2025-03-11 12:49:33,143 [Worker-1: Building] INFO  o.a.m.s.f.DefaultMavenResourcesFiltering - skip non existing resourceDirectory D:\PollCreationBackend\PollCreationBackend\src\test\resources
2025-03-11 12:53:30,577 [Worker-5: Loading available Gradle versions] INFO  o.e.b.c.i.u.g.PublishedGradleVersions - Gradle version information cache is up-to-date. Trying to read.
2025-03-11 13:55:41,134 [Worker-14: Launching PollCreationBackend - PollCreationBackendApplication] INFO  o.a.m.s.f.DefaultMavenResourcesFiltering - Copying 1 resource from src\main\resources to target\classes
2025-03-11 13:55:41,170 [Worker-14: Launching PollCreationBackend - PollCreationBackendApplication] INFO  o.a.m.s.f.DefaultMavenResourcesFiltering - Copying 0 resource from src\main\resources to target\classes
2025-03-11 13:55:41,180 [Worker-14: Launching PollCreationBackend - PollCreationBackendApplication] INFO  o.a.m.s.f.DefaultMavenResourcesFiltering - skip non existing resourceDirectory D:\PollCreationBackend\PollCreationBackend\src\test\resources
2025-03-11 13:56:08,558 [Worker-15: Building] INFO  o.a.m.s.f.DefaultMavenResourcesFiltering - Copying 1 resource from src\main\resources to target\classes
2025-03-11 13:56:08,570 [Worker-15: Building] INFO  o.a.m.s.f.DefaultMavenResourcesFiltering - Copying 0 resource from src\main\resources to target\classes
2025-03-11 13:56:08,577 [Worker-15: Building] INFO  o.a.m.s.f.DefaultMavenResourcesFiltering - skip non existing resourceDirectory D:\PollCreationBackend\PollCreationBackend\src\test\resources
2025-03-11 13:56:26,781 [Start Help Server] INFO  org.eclipse.jetty.server.Server - jetty-12.0.15; built: 2024-11-05T19:44:57.623Z; git: 8281ae9740d4b4225e8166cc476bad237c70213a; jvm 21.0.6+7-LTS
2025-03-11 13:56:26,889 [Start Help Server] INFO  o.e.j.server.handler.ContextHandler - Started oeje8n.ContextHandler$CoreContextHandler@5debe29{/help,/help,b=null,a=AVAILABLE,h=oeje8n.ContextHandler$CoreContextHandler$CoreToNestedHandler@46a99d5f{STARTED}}
2025-03-11 13:56:26,891 [Start Help Server] INFO  o.e.j.s.DefaultSessionIdManager - Session workerName=node0
2025-03-11 13:56:26,937 [Start Help Server] INFO  o.e.jetty.server.AbstractConnector - Started ServerConnector@670f4d4d{HTTP/1.1, (http/1.1)}{127.0.0.1:62065}
2025-03-11 13:56:26,975 [Start Help Server] INFO  org.eclipse.jetty.server.Server - Started oejs.Server@4c3e5616{STARTING}[12.0.15,sto=0] @3807405ms
2025-03-11 13:57:55,571 [Worker-3: Building] INFO  o.a.m.s.f.DefaultMavenResourcesFiltering - Copying 1 resource from src\main\resources to target\classes
2025-03-11 13:57:55,579 [Worker-3: Building] INFO  o.a.m.s.f.DefaultMavenResourcesFiltering - Copying 0 resource from src\main\resources to target\classes
2025-03-11 13:57:55,585 [Worker-3: Building] INFO  o.a.m.s.f.DefaultMavenResourcesFiltering - skip non existing resourceDirectory D:\PollCreationBackend\PollCreationBackend\src\test\resources
2025-03-11 13:58:13,591 [Worker-16: Building] INFO  o.a.m.s.f.DefaultMavenResourcesFiltering - Copying 1 resource from src\main\resources to target\classes
2025-03-11 13:58:13,597 [Worker-16: Building] INFO  o.a.m.s.f.DefaultMavenResourcesFiltering - Copying 0 resource from src\main\resources to target\classes
2025-03-11 13:58:13,605 [Worker-16: Building] INFO  o.a.m.s.f.DefaultMavenResourcesFiltering - skip non existing resourceDirectory D:\PollCreationBackend\PollCreationBackend\src\test\resources
2025-03-11 13:58:51,215 [Worker-15: Building] INFO  o.a.m.s.f.DefaultMavenResourcesFiltering - Copying 1 resource from src\main\resources to target\classes
2025-03-11 13:58:51,223 [Worker-15: Building] INFO  o.a.m.s.f.DefaultMavenResourcesFiltering - Copying 0 resource from src\main\resources to target\classes
2025-03-11 13:58:51,233 [Worker-15: Building] INFO  o.a.m.s.f.DefaultMavenResourcesFiltering - skip non existing resourceDirectory D:\PollCreationBackend\PollCreationBackend\src\test\resources
2025-03-11 13:59:38,052 [Worker-13: Building] INFO  o.a.m.s.f.DefaultMavenResourcesFiltering - Copying 1 resource from src\main\resources to target\classes
2025-03-11 13:59:38,056 [Worker-13: Building] INFO  o.a.m.s.f.DefaultMavenResourcesFiltering - Copying 0 resource from src\main\resources to target\classes
2025-03-11 13:59:38,059 [Worker-13: Building] INFO  o.a.m.s.f.DefaultMavenResourcesFiltering - skip non existing resourceDirectory D:\PollCreationBackend\PollCreationBackend\src\test\resources
2025-03-11 13:59:40,244 [Worker-16: Building] INFO  o.a.m.s.f.DefaultMavenResourcesFiltering - Copying 1 resource from src\main\resources to target\classes
2025-03-11 13:59:40,250 [Worker-16: Building] INFO  o.a.m.s.f.DefaultMavenResourcesFiltering - Copying 0 resource from src\main\resources to target\classes
2025-03-11 13:59:40,254 [Worker-16: Building] INFO  o.a.m.s.f.DefaultMavenResourcesFiltering - skip non existing resourceDirectory D:\PollCreationBackend\PollCreationBackend\src\test\resources
2025-03-11 14:00:01,194 [Worker-14: Building] INFO  o.a.m.s.f.DefaultMavenResourcesFiltering - Copying 1 resource from src\main\resources to target\classes
2025-03-11 14:00:01,200 [Worker-14: Building] INFO  o.a.m.s.f.DefaultMavenResourcesFiltering - Copying 0 resource from src\main\resources to target\classes
2025-03-11 14:00:01,205 [Worker-14: Building] INFO  o.a.m.s.f.DefaultMavenResourcesFiltering - skip non existing resourceDirectory D:\PollCreationBackend\PollCreationBackend\src\test\resources
2025-03-11 14:02:06,724 [Worker-14: Building] INFO  o.a.m.s.f.DefaultMavenResourcesFiltering - Copying 1 resource from src\main\resources to target\classes
2025-03-11 14:02:06,732 [Worker-14: Building] INFO  o.a.m.s.f.DefaultMavenResourcesFiltering - Copying 0 resource from src\main\resources to target\classes
2025-03-11 14:02:06,735 [Worker-14: Building] INFO  o.a.m.s.f.DefaultMavenResourcesFiltering - skip non existing resourceDirectory D:\PollCreationBackend\PollCreationBackend\src\test\resources
2025-03-11 14:02:24,742 [Worker-3: Building] INFO  o.a.m.s.f.DefaultMavenResourcesFiltering - Copying 1 resource from src\main\resources to target\classes
2025-03-11 14:02:24,748 [Worker-3: Building] INFO  o.a.m.s.f.DefaultMavenResourcesFiltering - Copying 0 resource from src\main\resources to target\classes
2025-03-11 14:02:24,752 [Worker-3: Building] INFO  o.a.m.s.f.DefaultMavenResourcesFiltering - skip non existing resourceDirectory D:\PollCreationBackend\PollCreationBackend\src\test\resources
2025-03-11 14:02:48,986 [Worker-16: Building] INFO  o.a.m.s.f.DefaultMavenResourcesFiltering - Copying 1 resource from src\main\resources to target\classes
2025-03-11 14:02:48,992 [Worker-16: Building] INFO  o.a.m.s.f.DefaultMavenResourcesFiltering - Copying 0 resource from src\main\resources to target\classes
2025-03-11 14:02:48,998 [Worker-16: Building] INFO  o.a.m.s.f.DefaultMavenResourcesFiltering - skip non existing resourceDirectory D:\PollCreationBackend\PollCreationBackend\src\test\resources
2025-03-11 14:03:00,570 [Worker-15: Building] INFO  o.a.m.s.f.DefaultMavenResourcesFiltering - Copying 1 resource from src\main\resources to target\classes
2025-03-11 14:03:00,576 [Worker-15: Building] INFO  o.a.m.s.f.DefaultMavenResourcesFiltering - Copying 0 resource from src\main\resources to target\classes
2025-03-11 14:03:00,580 [Worker-15: Building] INFO  o.a.m.s.f.DefaultMavenResourcesFiltering - skip non existing resourceDirectory D:\PollCreationBackend\PollCreationBackend\src\test\resources
2025-03-11 14:03:33,385 [Worker-13: Building] INFO  o.a.m.s.f.DefaultMavenResourcesFiltering - Copying 1 resource from src\main\resources to target\classes
2025-03-11 14:03:33,390 [Worker-13: Building] INFO  o.a.m.s.f.DefaultMavenResourcesFiltering - Copying 0 resource from src\main\resources to target\classes
2025-03-11 14:03:33,393 [Worker-13: Building] INFO  o.a.m.s.f.DefaultMavenResourcesFiltering - skip non existing resourceDirectory D:\PollCreationBackend\PollCreationBackend\src\test\resources
2025-03-11 14:03:45,901 [Worker-14: Building] INFO  o.a.m.s.f.DefaultMavenResourcesFiltering - Copying 1 resource from src\main\resources to target\classes
2025-03-11 14:03:45,907 [Worker-14: Building] INFO  o.a.m.s.f.DefaultMavenResourcesFiltering - Copying 0 resource from src\main\resources to target\classes
2025-03-11 14:03:45,911 [Worker-14: Building] INFO  o.a.m.s.f.DefaultMavenResourcesFiltering - skip non existing resourceDirectory D:\PollCreationBackend\PollCreationBackend\src\test\resources
2025-03-11 14:04:57,107 [Worker-15: Building] INFO  o.a.m.s.f.DefaultMavenResourcesFiltering - Copying 1 resource from src\main\resources to target\classes
2025-03-11 14:04:57,111 [Worker-15: Building] INFO  o.a.m.s.f.DefaultMavenResourcesFiltering - Copying 0 resource from src\main\resources to target\classes
2025-03-11 14:04:57,115 [Worker-15: Building] INFO  o.a.m.s.f.DefaultMavenResourcesFiltering - skip non existing resourceDirectory D:\PollCreationBackend\PollCreationBackend\src\test\resources
2025-03-11 14:05:06,142 [Worker-15: Building] INFO  o.a.m.s.f.DefaultMavenResourcesFiltering - Copying 1 resource from src\main\resources to target\classes
2025-03-11 14:05:06,146 [Worker-15: Building] INFO  o.a.m.s.f.DefaultMavenResourcesFiltering - Copying 0 resource from src\main\resources to target\classes
2025-03-11 14:05:06,149 [Worker-15: Building] INFO  o.a.m.s.f.DefaultMavenResourcesFiltering - skip non existing resourceDirectory D:\PollCreationBackend\PollCreationBackend\src\test\resources
2025-03-11 14:05:13,603 [Worker-13: Building] INFO  o.a.m.s.f.DefaultMavenResourcesFiltering - Copying 1 resource from src\main\resources to target\classes
2025-03-11 14:05:13,607 [Worker-13: Building] INFO  o.a.m.s.f.DefaultMavenResourcesFiltering - Copying 0 resource from src\main\resources to target\classes
2025-03-11 14:05:13,611 [Worker-13: Building] INFO  o.a.m.s.f.DefaultMavenResourcesFiltering - skip non existing resourceDirectory D:\PollCreationBackend\PollCreationBackend\src\test\resources
2025-03-11 14:05:19,922 [Worker-13: Building] INFO  o.a.m.s.f.DefaultMavenResourcesFiltering - Copying 1 resource from src\main\resources to target\classes
2025-03-11 14:05:19,926 [Worker-13: Building] INFO  o.a.m.s.f.DefaultMavenResourcesFiltering - Copying 0 resource from src\main\resources to target\classes
2025-03-11 14:05:19,933 [Worker-13: Building] INFO  o.a.m.s.f.DefaultMavenResourcesFiltering - skip non existing resourceDirectory D:\PollCreationBackend\PollCreationBackend\src\test\resources
2025-03-11 14:06:17,312 [Worker-15: Building] INFO  o.a.m.s.f.DefaultMavenResourcesFiltering - Copying 1 resource from src\main\resources to target\classes
2025-03-11 14:06:17,316 [Worker-15: Building] INFO  o.a.m.s.f.DefaultMavenResourcesFiltering - Copying 0 resource from src\main\resources to target\classes
2025-03-11 14:06:17,321 [Worker-15: Building] INFO  o.a.m.s.f.DefaultMavenResourcesFiltering - skip non existing resourceDirectory D:\PollCreationBackend\PollCreationBackend\src\test\resources
2025-03-11 14:06:39,772 [Worker-15: Building] INFO  o.a.m.s.f.DefaultMavenResourcesFiltering - Copying 1 resource from src\main\resources to target\classes
2025-03-11 14:06:39,777 [Worker-15: Building] INFO  o.a.m.s.f.DefaultMavenResourcesFiltering - Copying 0 resource from src\main\resources to target\classes
2025-03-11 14:06:39,782 [Worker-15: Building] INFO  o.a.m.s.f.DefaultMavenResourcesFiltering - skip non existing resourceDirectory D:\PollCreationBackend\PollCreationBackend\src\test\resources
2025-03-11 14:08:56,044 [Worker-16: Building] INFO  o.a.m.s.f.DefaultMavenResourcesFiltering - Copying 1 resource from src\main\resources to target\classes
2025-03-11 14:08:56,053 [Worker-16: Building] INFO  o.a.m.s.f.DefaultMavenResourcesFiltering - Copying 0 resource from src\main\resources to target\classes
2025-03-11 14:08:56,057 [Worker-16: Building] INFO  o.a.m.s.f.DefaultMavenResourcesFiltering - skip non existing resourceDirectory D:\PollCreationBackend\PollCreationBackend\src\test\resources
2025-03-11 14:08:59,523 [Worker-18: Building] INFO  o.a.m.s.f.DefaultMavenResourcesFiltering - Copying 1 resource from src\main\resources to target\classes
2025-03-11 14:08:59,529 [Worker-18: Building] INFO  o.a.m.s.f.DefaultMavenResourcesFiltering - Copying 0 resource from src\main\resources to target\classes
2025-03-11 14:08:59,533 [Worker-18: Building] INFO  o.a.m.s.f.DefaultMavenResourcesFiltering - skip non existing resourceDirectory D:\PollCreationBackend\PollCreationBackend\src\test\resources
2025-03-11 14:11:52,071 [Worker-14: Building] INFO  o.e.m.c.i.l.LifecycleMappingFactory - Using org.eclipse.m2e.jdt.JarLifecycleMapping lifecycle mapping for MavenProject: com.akanksh:PollCreationBackend:0.0.1-SNAPSHOT @ D:\PollCreationBackend\PollCreationBackend\pom.xml.
2025-03-11 14:11:53,286 [Worker-14: Building] INFO  o.a.m.s.f.DefaultMavenResourcesFiltering - Copying 0 resource from src\main\resources to target\classes
2025-03-11 14:11:53,288 [Worker-14: Building] INFO  o.a.m.s.f.DefaultMavenResourcesFiltering - Copying 0 resource from src\main\resources to target\classes
2025-03-11 14:11:53,295 [Worker-14: Building] INFO  o.a.m.s.f.DefaultMavenResourcesFiltering - skip non existing resourceDirectory D:\PollCreationBackend\PollCreationBackend\src\test\resources
2025-03-11 14:11:54,593 [Worker-17: Building] INFO  o.a.m.s.f.DefaultMavenResourcesFiltering - Copying 1 resource from src\main\resources to target\classes
2025-03-11 14:11:54,630 [Worker-17: Building] INFO  o.a.m.s.f.DefaultMavenResourcesFiltering - Copying 0 resource from src\main\resources to target\classes
2025-03-11 14:11:54,637 [Worker-17: Building] INFO  o.a.m.s.f.DefaultMavenResourcesFiltering - skip non existing resourceDirectory D:\PollCreationBackend\PollCreationBackend\src\test\resources
2025-03-11 14:11:59,367 [Worker-16: Building] INFO  o.a.m.s.f.DefaultMavenResourcesFiltering - Copying 1 resource from src\main\resources to target\classes
2025-03-11 14:11:59,372 [Worker-16: Building] INFO  o.a.m.s.f.DefaultMavenResourcesFiltering - Copying 0 resource from src\main\resources to target\classes
2025-03-11 14:11:59,376 [Worker-16: Building] INFO  o.a.m.s.f.DefaultMavenResourcesFiltering - skip non existing resourceDirectory D:\PollCreationBackend\PollCreationBackend\src\test\resources
2025-03-11 14:15:09,424 [Worker-21: Building] INFO  o.a.m.s.f.DefaultMavenResourcesFiltering - Copying 1 resource from src\main\resources to target\classes
2025-03-11 14:15:09,432 [Worker-21: Building] INFO  o.a.m.s.f.DefaultMavenResourcesFiltering - Copying 0 resource from src\main\resources to target\classes
2025-03-11 14:15:09,435 [Worker-21: Building] INFO  o.a.m.s.f.DefaultMavenResourcesFiltering - skip non existing resourceDirectory D:\PollCreationBackend\PollCreationBackend\src\test\resources
2025-03-11 14:16:06,049 [Worker-18: Building] INFO  o.e.m.c.i.l.LifecycleMappingFactory - Using org.eclipse.m2e.jdt.JarLifecycleMapping lifecycle mapping for MavenProject: com.akanksh:PollCreationBackend:0.0.1-SNAPSHOT @ D:\PollCreationBackend\PollCreationBackend\pom.xml.
2025-03-11 14:16:06,821 [Worker-18: Building] INFO  o.a.m.s.f.DefaultMavenResourcesFiltering - Copying 0 resource from src\main\resources to target\classes
2025-03-11 14:16:06,821 [Worker-18: Building] INFO  o.a.m.s.f.DefaultMavenResourcesFiltering - Copying 0 resource from src\main\resources to target\classes
2025-03-11 14:16:06,828 [Worker-18: Building] INFO  o.a.m.s.f.DefaultMavenResourcesFiltering - skip non existing resourceDirectory D:\PollCreationBackend\PollCreationBackend\src\test\resources
2025-03-11 14:16:07,179 [Worker-16: Building] INFO  o.a.m.s.f.DefaultMavenResourcesFiltering - Copying 1 resource from src\main\resources to target\classes
2025-03-11 14:16:07,197 [Worker-16: Building] INFO  o.a.m.s.f.DefaultMavenResourcesFiltering - Copying 0 resource from src\main\resources to target\classes
2025-03-11 14:16:07,202 [Worker-16: Building] INFO  o.a.m.s.f.DefaultMavenResourcesFiltering - skip non existing resourceDirectory D:\PollCreationBackend\PollCreationBackend\src\test\resources
2025-03-11 14:16:48,994 [Worker-18: Building] INFO  o.a.m.s.f.DefaultMavenResourcesFiltering - Copying 1 resource from src\main\resources to target\classes
2025-03-11 14:16:48,997 [Worker-18: Building] INFO  o.a.m.s.f.DefaultMavenResourcesFiltering - Copying 0 resource from src\main\resources to target\classes
2025-03-11 14:16:49,000 [Worker-18: Building] INFO  o.a.m.s.f.DefaultMavenResourcesFiltering - skip non existing resourceDirectory D:\PollCreationBackend\PollCreationBackend\src\test\resources
2025-03-11 14:18:31,970 [Worker-25: Building] INFO  o.a.m.s.f.DefaultMavenResourcesFiltering - Copying 1 resource from src\main\resources to target\classes
2025-03-11 14:18:31,977 [Worker-25: Building] INFO  o.a.m.s.f.DefaultMavenResourcesFiltering - Copying 0 resource from src\main\resources to target\classes
2025-03-11 14:18:31,982 [Worker-25: Building] INFO  o.a.m.s.f.DefaultMavenResourcesFiltering - skip non existing resourceDirectory D:\PollCreationBackend\PollCreationBackend\src\test\resources
2025-03-11 14:20:22,332 [Worker-22: Building] INFO  o.a.m.s.f.DefaultMavenResourcesFiltering - Copying 1 resource from src\main\resources to target\classes
2025-03-11 14:20:22,339 [Worker-22: Building] INFO  o.a.m.s.f.DefaultMavenResourcesFiltering - Copying 0 resource from src\main\resources to target\classes
2025-03-11 14:20:22,342 [Worker-22: Building] INFO  o.a.m.s.f.DefaultMavenResourcesFiltering - skip non existing resourceDirectory D:\PollCreationBackend\PollCreationBackend\src\test\resources
2025-03-11 14:20:41,493 [Worker-16: Building] INFO  o.a.m.s.f.DefaultMavenResourcesFiltering - Copying 1 resource from src\main\resources to target\classes
2025-03-11 14:20:41,498 [Worker-16: Building] INFO  o.a.m.s.f.DefaultMavenResourcesFiltering - Copying 0 resource from src\main\resources to target\classes
2025-03-11 14:20:41,501 [Worker-16: Building] INFO  o.a.m.s.f.DefaultMavenResourcesFiltering - skip non existing resourceDirectory D:\PollCreationBackend\PollCreationBackend\src\test\resources
2025-03-11 14:23:43,611 [Worker-23: Building] INFO  o.a.m.s.f.DefaultMavenResourcesFiltering - Copying 1 resource from src\main\resources to target\classes
2025-03-11 14:23:43,617 [Worker-23: Building] INFO  o.a.m.s.f.DefaultMavenResourcesFiltering - Copying 0 resource from src\main\resources to target\classes
2025-03-11 14:23:43,620 [Worker-23: Building] INFO  o.a.m.s.f.DefaultMavenResourcesFiltering - skip non existing resourceDirectory D:\PollCreationBackend\PollCreationBackend\src\test\resources
2025-03-11 14:23:51,284 [Worker-19: Building] INFO  o.a.m.s.f.DefaultMavenResourcesFiltering - Copying 1 resource from src\main\resources to target\classes
2025-03-11 14:23:51,289 [Worker-19: Building] INFO  o.a.m.s.f.DefaultMavenResourcesFiltering - Copying 0 resource from src\main\resources to target\classes
2025-03-11 14:23:51,293 [Worker-19: Building] INFO  o.a.m.s.f.DefaultMavenResourcesFiltering - skip non existing resourceDirectory D:\PollCreationBackend\PollCreationBackend\src\test\resources
2025-03-11 14:27:31,141 [Worker-17: Building] INFO  o.a.m.s.f.DefaultMavenResourcesFiltering - Copying 1 resource from src\main\resources to target\classes
2025-03-11 14:27:31,158 [Worker-17: Building] INFO  o.a.m.s.f.DefaultMavenResourcesFiltering - Copying 0 resource from src\main\resources to target\classes
2025-03-11 14:27:31,162 [Worker-17: Building] INFO  o.a.m.s.f.DefaultMavenResourcesFiltering - skip non existing resourceDirectory D:\PollCreationBackend\PollCreationBackend\src\test\resources
2025-03-11 14:27:40,949 [Worker-19: Building] INFO  o.a.m.s.f.DefaultMavenResourcesFiltering - Copying 1 resource from src\main\resources to target\classes
2025-03-11 14:27:40,952 [Worker-19: Building] INFO  o.a.m.s.f.DefaultMavenResourcesFiltering - Copying 0 resource from src\main\resources to target\classes
2025-03-11 14:27:40,955 [Worker-19: Building] INFO  o.a.m.s.f.DefaultMavenResourcesFiltering - skip non existing resourceDirectory D:\PollCreationBackend\PollCreationBackend\src\test\resources
2025-03-11 14:28:06,907 [Worker-19: Building] INFO  o.a.m.s.f.DefaultMavenResourcesFiltering - Copying 1 resource from src\main\resources to target\classes
2025-03-11 14:28:06,913 [Worker-19: Building] INFO  o.a.m.s.f.DefaultMavenResourcesFiltering - Copying 0 resource from src\main\resources to target\classes
2025-03-11 14:28:06,917 [Worker-19: Building] INFO  o.a.m.s.f.DefaultMavenResourcesFiltering - skip non existing resourceDirectory D:\PollCreationBackend\PollCreationBackend\src\test\resources
2025-03-11 14:28:44,292 [Worker-16: Building] INFO  o.a.m.s.f.DefaultMavenResourcesFiltering - Copying 1 resource from src\main\resources to target\classes
2025-03-11 14:28:44,301 [Worker-16: Building] INFO  o.a.m.s.f.DefaultMavenResourcesFiltering - Copying 0 resource from src\main\resources to target\classes
2025-03-11 14:28:44,304 [Worker-16: Building] INFO  o.a.m.s.f.DefaultMavenResourcesFiltering - skip non existing resourceDirectory D:\PollCreationBackend\PollCreationBackend\src\test\resources
2025-03-11 14:29:04,000 [Worker-16: Building] INFO  o.a.m.s.f.DefaultMavenResourcesFiltering - Copying 1 resource from src\main\resources to target\classes
2025-03-11 14:29:04,010 [Worker-16: Building] INFO  o.a.m.s.f.DefaultMavenResourcesFiltering - Copying 0 resource from src\main\resources to target\classes
2025-03-11 14:29:04,012 [Worker-16: Building] INFO  o.a.m.s.f.DefaultMavenResourcesFiltering - skip non existing resourceDirectory D:\PollCreationBackend\PollCreationBackend\src\test\resources
2025-03-11 14:29:15,366 [Worker-30: Building] INFO  o.a.m.s.f.DefaultMavenResourcesFiltering - Copying 1 resource from src\main\resources to target\classes
2025-03-11 14:29:15,372 [Worker-30: Building] INFO  o.a.m.s.f.DefaultMavenResourcesFiltering - Copying 0 resource from src\main\resources to target\classes
2025-03-11 14:29:15,376 [Worker-30: Building] INFO  o.a.m.s.f.DefaultMavenResourcesFiltering - skip non existing resourceDirectory D:\PollCreationBackend\PollCreationBackend\src\test\resources
2025-03-11 14:29:21,729 [Worker-17: Building] INFO  o.a.m.s.f.DefaultMavenResourcesFiltering - Copying 1 resource from src\main\resources to target\classes
2025-03-11 14:29:21,733 [Worker-17: Building] INFO  o.a.m.s.f.DefaultMavenResourcesFiltering - Copying 0 resource from src\main\resources to target\classes
2025-03-11 14:29:21,738 [Worker-17: Building] INFO  o.a.m.s.f.DefaultMavenResourcesFiltering - skip non existing resourceDirectory D:\PollCreationBackend\PollCreationBackend\src\test\resources
2025-03-11 14:30:02,542 [Worker-29: Building] INFO  o.a.m.s.f.DefaultMavenResourcesFiltering - Copying 1 resource from src\main\resources to target\classes
2025-03-11 14:30:02,553 [Worker-29: Building] INFO  o.a.m.s.f.DefaultMavenResourcesFiltering - Copying 0 resource from src\main\resources to target\classes
2025-03-11 14:30:02,557 [Worker-29: Building] INFO  o.a.m.s.f.DefaultMavenResourcesFiltering - skip non existing resourceDirectory D:\PollCreationBackend\PollCreationBackend\src\test\resources
2025-03-11 14:30:08,579 [Worker-16: Building] INFO  o.a.m.s.f.DefaultMavenResourcesFiltering - Copying 1 resource from src\main\resources to target\classes
2025-03-11 14:30:08,585 [Worker-16: Building] INFO  o.a.m.s.f.DefaultMavenResourcesFiltering - Copying 0 resource from src\main\resources to target\classes
2025-03-11 14:30:08,588 [Worker-16: Building] INFO  o.a.m.s.f.DefaultMavenResourcesFiltering - skip non existing resourceDirectory D:\PollCreationBackend\PollCreationBackend\src\test\resources
2025-03-11 14:30:59,392 [Worker-29: Building] INFO  o.a.m.s.f.DefaultMavenResourcesFiltering - Copying 1 resource from src\main\resources to target\classes
2025-03-11 14:30:59,398 [Worker-29: Building] INFO  o.a.m.s.f.DefaultMavenResourcesFiltering - Copying 0 resource from src\main\resources to target\classes
2025-03-11 14:30:59,403 [Worker-29: Building] INFO  o.a.m.s.f.DefaultMavenResourcesFiltering - skip non existing resourceDirectory D:\PollCreationBackend\PollCreationBackend\src\test\resources
2025-03-11 14:31:59,434 [Worker-16: Building] INFO  o.a.m.s.f.DefaultMavenResourcesFiltering - Copying 1 resource from src\main\resources to target\classes
2025-03-11 14:31:59,440 [Worker-16: Building] INFO  o.a.m.s.f.DefaultMavenResourcesFiltering - Copying 0 resource from src\main\resources to target\classes
2025-03-11 14:31:59,444 [Worker-16: Building] INFO  o.a.m.s.f.DefaultMavenResourcesFiltering - skip non existing resourceDirectory D:\PollCreationBackend\PollCreationBackend\src\test\resources
2025-03-11 14:32:19,942 [Worker-30: Building] INFO  o.a.m.s.f.DefaultMavenResourcesFiltering - Copying 1 resource from src\main\resources to target\classes
2025-03-11 14:32:19,945 [Worker-30: Building] INFO  o.a.m.s.f.DefaultMavenResourcesFiltering - Copying 0 resource from src\main\resources to target\classes
2025-03-11 14:32:19,948 [Worker-30: Building] INFO  o.a.m.s.f.DefaultMavenResourcesFiltering - skip non existing resourceDirectory D:\PollCreationBackend\PollCreationBackend\src\test\resources
2025-03-11 14:32:39,699 [Worker-19: Building] INFO  o.a.m.s.f.DefaultMavenResourcesFiltering - Copying 1 resource from src\main\resources to target\classes
2025-03-11 14:32:39,702 [Worker-19: Building] INFO  o.a.m.s.f.DefaultMavenResourcesFiltering - Copying 0 resource from src\main\resources to target\classes
2025-03-11 14:32:39,705 [Worker-19: Building] INFO  o.a.m.s.f.DefaultMavenResourcesFiltering - skip non existing resourceDirectory D:\PollCreationBackend\PollCreationBackend\src\test\resources
2025-03-11 14:32:50,877 [Worker-19: Building] INFO  o.a.m.s.f.DefaultMavenResourcesFiltering - Copying 1 resource from src\main\resources to target\classes
2025-03-11 14:32:50,881 [Worker-19: Building] INFO  o.a.m.s.f.DefaultMavenResourcesFiltering - Copying 0 resource from src\main\resources to target\classes
2025-03-11 14:32:50,885 [Worker-19: Building] INFO  o.a.m.s.f.DefaultMavenResourcesFiltering - skip non existing resourceDirectory D:\PollCreationBackend\PollCreationBackend\src\test\resources
2025-03-11 14:33:30,043 [Worker-30: Building] INFO  o.a.m.s.f.DefaultMavenResourcesFiltering - Copying 1 resource from src\main\resources to target\classes
2025-03-11 14:33:30,047 [Worker-30: Building] INFO  o.a.m.s.f.DefaultMavenResourcesFiltering - Copying 0 resource from src\main\resources to target\classes
2025-03-11 14:33:30,050 [Worker-30: Building] INFO  o.a.m.s.f.DefaultMavenResourcesFiltering - skip non existing resourceDirectory D:\PollCreationBackend\PollCreationBackend\src\test\resources
2025-03-11 14:33:44,747 [Worker-29: Building] INFO  o.a.m.s.f.DefaultMavenResourcesFiltering - Copying 1 resource from src\main\resources to target\classes
2025-03-11 14:33:44,752 [Worker-29: Building] INFO  o.a.m.s.f.DefaultMavenResourcesFiltering - Copying 0 resource from src\main\resources to target\classes
2025-03-11 14:33:44,754 [Worker-29: Building] INFO  o.a.m.s.f.DefaultMavenResourcesFiltering - skip non existing resourceDirectory D:\PollCreationBackend\PollCreationBackend\src\test\resources
2025-03-11 14:34:12,941 [Worker-30: Building] INFO  o.a.m.s.f.DefaultMavenResourcesFiltering - Copying 1 resource from src\main\resources to target\classes
2025-03-11 14:34:12,945 [Worker-30: Building] INFO  o.a.m.s.f.DefaultMavenResourcesFiltering - Copying 0 resource from src\main\resources to target\classes
2025-03-11 14:34:12,948 [Worker-30: Building] INFO  o.a.m.s.f.DefaultMavenResourcesFiltering - skip non existing resourceDirectory D:\PollCreationBackend\PollCreationBackend\src\test\resources
2025-03-11 14:35:25,595 [Worker-16: Building] INFO  o.a.m.s.f.DefaultMavenResourcesFiltering - Copying 1 resource from src\main\resources to target\classes
2025-03-11 14:35:25,603 [Worker-16: Building] INFO  o.a.m.s.f.DefaultMavenResourcesFiltering - Copying 0 resource from src\main\resources to target\classes
2025-03-11 14:35:25,607 [Worker-16: Building] INFO  o.a.m.s.f.DefaultMavenResourcesFiltering - skip non existing resourceDirectory D:\PollCreationBackend\PollCreationBackend\src\test\resources
2025-03-11 14:35:57,579 [Worker-28: Building] INFO  o.a.m.s.f.DefaultMavenResourcesFiltering - Copying 1 resource from src\main\resources to target\classes
2025-03-11 14:35:57,584 [Worker-28: Building] INFO  o.a.m.s.f.DefaultMavenResourcesFiltering - Copying 0 resource from src\main\resources to target\classes
2025-03-11 14:35:57,586 [Worker-28: Building] INFO  o.a.m.s.f.DefaultMavenResourcesFiltering - skip non existing resourceDirectory D:\PollCreationBackend\PollCreationBackend\src\test\resources
2025-03-11 14:36:02,070 [Worker-17: Building] INFO  o.a.m.s.f.DefaultMavenResourcesFiltering - Copying 1 resource from src\main\resources to target\classes
2025-03-11 14:36:02,074 [Worker-17: Building] INFO  o.a.m.s.f.DefaultMavenResourcesFiltering - Copying 0 resource from src\main\resources to target\classes
2025-03-11 14:36:02,077 [Worker-17: Building] INFO  o.a.m.s.f.DefaultMavenResourcesFiltering - skip non existing resourceDirectory D:\PollCreationBackend\PollCreationBackend\src\test\resources
2025-03-11 14:36:25,825 [Worker-31: Building] INFO  o.a.m.s.f.DefaultMavenResourcesFiltering - Copying 1 resource from src\main\resources to target\classes
2025-03-11 14:36:25,828 [Worker-31: Building] INFO  o.a.m.s.f.DefaultMavenResourcesFiltering - Copying 0 resource from src\main\resources to target\classes
2025-03-11 14:36:25,832 [Worker-31: Building] INFO  o.a.m.s.f.DefaultMavenResourcesFiltering - skip non existing resourceDirectory D:\PollCreationBackend\PollCreationBackend\src\test\resources
2025-03-11 14:36:33,296 [Worker-19: Building] INFO  o.a.m.s.f.DefaultMavenResourcesFiltering - Copying 1 resource from src\main\resources to target\classes
2025-03-11 14:36:33,301 [Worker-19: Building] INFO  o.a.m.s.f.DefaultMavenResourcesFiltering - Copying 0 resource from src\main\resources to target\classes
2025-03-11 14:36:33,305 [Worker-19: Building] INFO  o.a.m.s.f.DefaultMavenResourcesFiltering - skip non existing resourceDirectory D:\PollCreationBackend\PollCreationBackend\src\test\resources
2025-03-11 14:38:17,925 [Worker-16: Building] INFO  o.a.m.s.f.DefaultMavenResourcesFiltering - Copying 1 resource from src\main\resources to target\classes
2025-03-11 14:38:17,929 [Worker-16: Building] INFO  o.a.m.s.f.DefaultMavenResourcesFiltering - Copying 0 resource from src\main\resources to target\classes
2025-03-11 14:38:17,934 [Worker-16: Building] INFO  o.a.m.s.f.DefaultMavenResourcesFiltering - skip non existing resourceDirectory D:\PollCreationBackend\PollCreationBackend\src\test\resources
2025-03-11 14:38:42,803 [Worker-28: Building] INFO  o.a.m.s.f.DefaultMavenResourcesFiltering - Copying 1 resource from src\main\resources to target\classes
2025-03-11 14:38:42,805 [Worker-28: Building] INFO  o.a.m.s.f.DefaultMavenResourcesFiltering - Copying 0 resource from src\main\resources to target\classes
2025-03-11 14:38:42,807 [Worker-28: Building] INFO  o.a.m.s.f.DefaultMavenResourcesFiltering - skip non existing resourceDirectory D:\PollCreationBackend\PollCreationBackend\src\test\resources
2025-03-11 14:43:08,043 [Worker-29: Building] INFO  o.e.m.c.i.l.LifecycleMappingFactory - Using org.eclipse.m2e.jdt.JarLifecycleMapping lifecycle mapping for MavenProject: com.akanksh:PollCreationBackend:0.0.1-SNAPSHOT @ D:\PollCreationBackend\PollCreationBackend\pom.xml.
2025-03-11 14:43:08,921 [Worker-29: Building] INFO  o.e.m.c.i.e.AbstractTransferListenerAdapter - Downloading https://repo.maven.apache.org/maven2/org/slf4j/slf4j-api/2.0.9/slf4j-api-2.0.9.pom
2025-03-11 14:43:08,935 [Worker-29: Building] INFO  o.e.m.c.i.e.AbstractTransferListenerAdapter - Downloaded https://repo.maven.apache.org/maven2/org/slf4j/slf4j-api/2.0.9/slf4j-api-2.0.9.pom
2025-03-11 14:43:08,953 [Worker-29: Building] INFO  o.e.m.c.i.e.AbstractTransferListenerAdapter - Downloading https://repo.maven.apache.org/maven2/org/slf4j/slf4j-parent/2.0.9/slf4j-parent-2.0.9.pom
2025-03-11 14:43:08,987 [Worker-29: Building] INFO  o.e.m.c.i.e.AbstractTransferListenerAdapter - Downloaded https://repo.maven.apache.org/maven2/org/slf4j/slf4j-parent/2.0.9/slf4j-parent-2.0.9.pom
2025-03-11 14:43:09,003 [Worker-29: Building] INFO  o.e.m.c.i.e.AbstractTransferListenerAdapter - Downloading https://repo.maven.apache.org/maven2/org/slf4j/slf4j-bom/2.0.9/slf4j-bom-2.0.9.pom
2025-03-11 14:43:09,009 [Worker-29: Building] INFO  o.e.m.c.i.e.AbstractTransferListenerAdapter - Downloaded https://repo.maven.apache.org/maven2/org/slf4j/slf4j-bom/2.0.9/slf4j-bom-2.0.9.pom
2025-03-11 14:43:09,306 [Worker-29: Building] INFO  o.e.m.c.i.e.AbstractTransferListenerAdapter - Downloading https://repo.maven.apache.org/maven2/org/slf4j/slf4j-api/2.0.9/slf4j-api-2.0.9.jar
2025-03-11 14:43:09,340 [Worker-29: Building] INFO  o.e.m.c.i.e.AbstractTransferListenerAdapter - Downloaded https://repo.maven.apache.org/maven2/org/slf4j/slf4j-api/2.0.9/slf4j-api-2.0.9.jar
2025-03-11 14:43:09,940 [Worker-29: Building] INFO  o.a.m.s.f.DefaultMavenResourcesFiltering - Copying 0 resource from src\main\resources to target\classes
2025-03-11 14:43:09,941 [Worker-29: Building] INFO  o.a.m.s.f.DefaultMavenResourcesFiltering - Copying 0 resource from src\main\resources to target\classes
2025-03-11 14:43:09,946 [Worker-29: Building] INFO  o.a.m.s.f.DefaultMavenResourcesFiltering - skip non existing resourceDirectory D:\PollCreationBackend\PollCreationBackend\src\test\resources
2025-03-11 14:43:10,428 [Worker-35: Building] INFO  o.a.m.s.f.DefaultMavenResourcesFiltering - Copying 1 resource from src\main\resources to target\classes
2025-03-11 14:43:10,468 [Worker-35: Building] INFO  o.a.m.s.f.DefaultMavenResourcesFiltering - Copying 0 resource from src\main\resources to target\classes
2025-03-11 14:43:10,473 [Worker-35: Building] INFO  o.a.m.s.f.DefaultMavenResourcesFiltering - skip non existing resourceDirectory D:\PollCreationBackend\PollCreationBackend\src\test\resources
2025-03-11 14:43:10,645 [Worker-38: Download sources and javadoc] INFO  o.e.m.c.i.e.AbstractTransferListenerAdapter - Downloading https://repo.maven.apache.org/maven2/org/slf4j/slf4j-api/2.0.9/slf4j-api-2.0.9-sources.jar
2025-03-11 14:43:10,659 [Worker-38: Download sources and javadoc] INFO  o.e.m.c.i.e.AbstractTransferListenerAdapter - Downloaded https://repo.maven.apache.org/maven2/org/slf4j/slf4j-api/2.0.9/slf4j-api-2.0.9-sources.jar
2025-03-11 14:43:10,665 [Worker-38: Download sources and javadoc] INFO  o.e.m.j.internal.DownloadSourcesJob - Downloaded sources for org.slf4j:slf4j-api:2.0.9
2025-03-11 14:44:02,209 [Worker-35: Building] INFO  o.e.m.c.i.l.LifecycleMappingFactory - Using org.eclipse.m2e.jdt.JarLifecycleMapping lifecycle mapping for MavenProject: com.akanksh:PollCreationBackend:0.0.1-SNAPSHOT @ D:\PollCreationBackend\PollCreationBackend\pom.xml.
2025-03-11 14:44:02,496 [Worker-35: Building] INFO  o.e.m.c.i.e.AbstractTransferListenerAdapter - Downloading https://repo.maven.apache.org/maven2/ch/qos/logback/logback-classic/1.4.11/logback-classic-1.4.11.pom
2025-03-11 14:44:02,503 [Worker-35: Building] INFO  o.e.m.c.i.e.AbstractTransferListenerAdapter - Downloaded https://repo.maven.apache.org/maven2/ch/qos/logback/logback-classic/1.4.11/logback-classic-1.4.11.pom
2025-03-11 14:44:02,516 [Worker-35: Building] INFO  o.e.m.c.i.e.AbstractTransferListenerAdapter - Downloading https://repo.maven.apache.org/maven2/ch/qos/logback/logback-parent/1.4.11/logback-parent-1.4.11.pom
2025-03-11 14:44:02,521 [Worker-35: Building] INFO  o.e.m.c.i.e.AbstractTransferListenerAdapter - Downloaded https://repo.maven.apache.org/maven2/ch/qos/logback/logback-parent/1.4.11/logback-parent-1.4.11.pom
2025-03-11 14:44:02,701 [Worker-35: Building] INFO  o.e.m.c.i.e.AbstractTransferListenerAdapter - Downloading https://repo.maven.apache.org/maven2/ch/qos/logback/logback-classic/1.4.11/logback-classic-1.4.11.jar
2025-03-11 14:44:02,788 [Worker-35: Building] INFO  o.e.m.c.i.e.AbstractTransferListenerAdapter - Downloaded https://repo.maven.apache.org/maven2/ch/qos/logback/logback-classic/1.4.11/logback-classic-1.4.11.jar
2025-03-11 14:44:03,032 [Worker-35: Building] INFO  o.a.m.s.f.DefaultMavenResourcesFiltering - Copying 0 resource from src\main\resources to target\classes
2025-03-11 14:44:03,034 [Worker-35: Building] INFO  o.a.m.s.f.DefaultMavenResourcesFiltering - Copying 0 resource from src\main\resources to target\classes
2025-03-11 14:44:03,038 [Worker-35: Building] INFO  o.a.m.s.f.DefaultMavenResourcesFiltering - skip non existing resourceDirectory D:\PollCreationBackend\PollCreationBackend\src\test\resources
2025-03-11 14:44:03,974 [Worker-33: Download sources and javadoc] INFO  o.e.m.c.i.e.AbstractTransferListenerAdapter - Downloading https://repo.maven.apache.org/maven2/ch/qos/logback/logback-classic/1.4.11/logback-classic-1.4.11-sources.jar
2025-03-11 14:44:04,013 [Worker-33: Download sources and javadoc] INFO  o.e.m.c.i.e.AbstractTransferListenerAdapter - Downloaded https://repo.maven.apache.org/maven2/ch/qos/logback/logback-classic/1.4.11/logback-classic-1.4.11-sources.jar
2025-03-11 14:44:04,018 [Worker-33: Download sources and javadoc] INFO  o.e.m.j.internal.DownloadSourcesJob - Downloaded sources for ch.qos.logback:logback-classic:1.4.11
2025-03-11 14:44:04,420 [Worker-29: Building] INFO  o.a.m.s.f.DefaultMavenResourcesFiltering - Copying 1 resource from src\main\resources to target\classes
2025-03-11 14:44:04,440 [Worker-29: Building] INFO  o.a.m.s.f.DefaultMavenResourcesFiltering - Copying 0 resource from src\main\resources to target\classes
2025-03-11 14:44:04,444 [Worker-29: Building] INFO  o.a.m.s.f.DefaultMavenResourcesFiltering - skip non existing resourceDirectory D:\PollCreationBackend\PollCreationBackend\src\test\resources
2025-03-11 14:48:00,271 [Worker-29: Building] INFO  o.a.m.s.f.DefaultMavenResourcesFiltering - Copying 0 resource from src\main\resources to target\classes
2025-03-11 14:48:00,272 [Worker-29: Building] INFO  o.a.m.s.f.DefaultMavenResourcesFiltering - Copying 1 resource from src\main\resources to target\classes
2025-03-11 14:48:00,276 [Worker-29: Building] INFO  o.a.m.s.f.DefaultMavenResourcesFiltering - skip non existing resourceDirectory D:\PollCreationBackend\PollCreationBackend\src\test\resources
2025-03-11 14:48:09,861 [Worker-37: Building] INFO  o.a.m.s.f.DefaultMavenResourcesFiltering - Copying 0 resource from src\main\resources to target\classes
2025-03-11 14:48:09,862 [Worker-37: Building] INFO  o.a.m.s.f.DefaultMavenResourcesFiltering - Copying 1 resource from src\main\resources to target\classes
2025-03-11 14:48:09,867 [Worker-37: Building] INFO  o.a.m.s.f.DefaultMavenResourcesFiltering - skip non existing resourceDirectory D:\PollCreationBackend\PollCreationBackend\src\test\resources
2025-03-11 14:49:08,251 [Worker-37: Building] INFO  o.a.m.s.f.DefaultMavenResourcesFiltering - Copying 1 resource from src\main\resources to target\classes
2025-03-11 14:49:08,256 [Worker-37: Building] INFO  o.a.m.s.f.DefaultMavenResourcesFiltering - Copying 1 resource from src\main\resources to target\classes
2025-03-11 14:49:08,260 [Worker-37: Building] INFO  o.a.m.s.f.DefaultMavenResourcesFiltering - skip non existing resourceDirectory D:\PollCreationBackend\PollCreationBackend\src\test\resources
2025-03-11 14:53:29,405 [Worker-7: Loading available Gradle versions] INFO  o.e.b.c.i.u.g.PublishedGradleVersions - Gradle version information cache is up-to-date. Trying to read.
2025-03-11 14:53:37,142 [Worker-5: Building] INFO  o.a.m.s.f.DefaultMavenResourcesFiltering - Copying 1 resource from src\main\resources to target\classes
2025-03-11 14:53:37,184 [Worker-5: Building] INFO  o.a.m.s.f.DefaultMavenResourcesFiltering - Copying 1 resource from src\main\resources to target\classes
2025-03-11 14:53:37,193 [Worker-5: Building] INFO  o.a.m.s.f.DefaultMavenResourcesFiltering - skip non existing resourceDirectory D:\PollCreationBackend\PollCreationBackend\src\test\resources
2025-03-11 15:07:01,427 [Worker-2: Building] INFO  o.a.m.s.f.DefaultMavenResourcesFiltering - Copying 1 resource from src\main\resources to target\classes
2025-03-11 15:07:01,435 [Worker-2: Building] INFO  o.a.m.s.f.DefaultMavenResourcesFiltering - Copying 1 resource from src\main\resources to target\classes
2025-03-11 15:07:01,440 [Worker-2: Building] INFO  o.a.m.s.f.DefaultMavenResourcesFiltering - skip non existing resourceDirectory D:\PollCreationBackend\PollCreationBackend\src\test\resources
2025-03-11 15:08:48,647 [Worker-23: Building] INFO  o.a.m.s.f.DefaultMavenResourcesFiltering - Copying 0 resource from src\main\resources to target\classes
2025-03-11 15:08:48,650 [Worker-23: Building] INFO  o.a.m.s.f.DefaultMavenResourcesFiltering - Copying 1 resource from src\main\resources to target\classes
2025-03-11 15:08:48,654 [Worker-23: Building] INFO  o.a.m.s.f.DefaultMavenResourcesFiltering - skip non existing resourceDirectory D:\PollCreationBackend\PollCreationBackend\src\test\resources
2025-03-11 15:09:44,578 [Worker-27: Building] INFO  o.e.m.c.i.l.LifecycleMappingFactory - Using org.eclipse.m2e.jdt.JarLifecycleMapping lifecycle mapping for MavenProject: com.akanksh:PollCreationBackend:0.0.1-SNAPSHOT @ D:\PollCreationBackend\PollCreationBackend\pom.xml.
2025-03-11 15:09:45,207 [Worker-27: Building] INFO  o.e.m.c.i.e.AbstractTransferListenerAdapter - Downloading https://repo.maven.apache.org/maven2/org/codehaus/janino/janino/3.1.10/janino-3.1.10.pom
2025-03-11 15:09:45,223 [Worker-27: Building] INFO  o.e.m.c.i.e.AbstractTransferListenerAdapter - Downloaded https://repo.maven.apache.org/maven2/org/codehaus/janino/janino/3.1.10/janino-3.1.10.pom
2025-03-11 15:09:45,243 [Worker-27: Building] INFO  o.e.m.c.i.e.AbstractTransferListenerAdapter - Downloading https://repo.maven.apache.org/maven2/org/codehaus/janino/janino-parent/3.1.10/janino-parent-3.1.10.pom
2025-03-11 15:09:45,261 [Worker-27: Building] INFO  o.e.m.c.i.e.AbstractTransferListenerAdapter - Downloaded https://repo.maven.apache.org/maven2/org/codehaus/janino/janino-parent/3.1.10/janino-parent-3.1.10.pom
2025-03-11 15:09:45,313 [Worker-27: Building] INFO  o.e.m.c.i.e.AbstractTransferListenerAdapter - Downloading https://repo.maven.apache.org/maven2/org/codehaus/janino/commons-compiler/3.1.12/commons-compiler-3.1.12.pom
2025-03-11 15:09:45,323 [Worker-27: Building] INFO  o.e.m.c.i.e.AbstractTransferListenerAdapter - Downloaded https://repo.maven.apache.org/maven2/org/codehaus/janino/commons-compiler/3.1.12/commons-compiler-3.1.12.pom
2025-03-11 15:09:45,415 [Worker-27: Building] INFO  o.e.m.c.i.e.AbstractTransferListenerAdapter - Downloading https://repo.maven.apache.org/maven2/org/codehaus/janino/janino-parent/3.1.12/janino-parent-3.1.12.pom
2025-03-11 15:09:45,425 [Worker-27: Building] INFO  o.e.m.c.i.e.AbstractTransferListenerAdapter - Downloaded https://repo.maven.apache.org/maven2/org/codehaus/janino/janino-parent/3.1.12/janino-parent-3.1.12.pom
2025-03-11 15:09:45,615 [Worker-27: Building] INFO  o.e.m.c.i.e.AbstractTransferListenerAdapter - Downloading https://repo.maven.apache.org/maven2/org/codehaus/janino/janino/3.1.10/janino-3.1.10.jar
2025-03-11 15:09:45,722 [Worker-27: Building] INFO  o.e.m.c.i.e.AbstractTransferListenerAdapter - Downloaded https://repo.maven.apache.org/maven2/org/codehaus/janino/janino/3.1.10/janino-3.1.10.jar
2025-03-11 15:09:45,743 [BasicRepositoryConnector-repo.maven.apache.org-0-0] INFO  o.e.m.c.i.e.AbstractTransferListenerAdapter - Downloading https://repo.maven.apache.org/maven2/org/codehaus/janino/commons-compiler/3.1.12/commons-compiler-3.1.12.jar
2025-03-11 15:09:45,751 [BasicRepositoryConnector-repo.maven.apache.org-0-0] INFO  o.e.m.c.i.e.AbstractTransferListenerAdapter - Downloaded https://repo.maven.apache.org/maven2/org/codehaus/janino/commons-compiler/3.1.12/commons-compiler-3.1.12.jar
2025-03-11 15:09:46,000 [Worker-27: Building] INFO  o.a.m.s.f.DefaultMavenResourcesFiltering - Copying 0 resource from src\main\resources to target\classes
2025-03-11 15:09:46,000 [Worker-27: Building] INFO  o.a.m.s.f.DefaultMavenResourcesFiltering - Copying 0 resource from src\main\resources to target\classes
2025-03-11 15:09:46,004 [Worker-27: Building] INFO  o.a.m.s.f.DefaultMavenResourcesFiltering - skip non existing resourceDirectory D:\PollCreationBackend\PollCreationBackend\src\test\resources
2025-03-11 15:09:46,951 [Worker-23: Download sources and javadoc] INFO  o.e.m.c.i.e.AbstractTransferListenerAdapter - Downloading https://repo.maven.apache.org/maven2/org/codehaus/janino/janino/3.1.10/janino-3.1.10-sources.jar
2025-03-11 15:09:47,268 [Worker-23: Download sources and javadoc] INFO  o.e.m.c.i.e.AbstractTransferListenerAdapter - Downloaded https://repo.maven.apache.org/maven2/org/codehaus/janino/janino/3.1.10/janino-3.1.10-sources.jar
2025-03-11 15:09:47,274 [Worker-23: Download sources and javadoc] INFO  o.e.m.j.internal.DownloadSourcesJob - Downloaded sources for org.codehaus.janino:janino:3.1.10
2025-03-11 15:09:47,308 [Worker-22: Building] INFO  o.a.m.s.f.DefaultMavenResourcesFiltering - Copying 1 resource from src\main\resources to target\classes
2025-03-11 15:09:47,322 [Worker-22: Building] INFO  o.a.m.s.f.DefaultMavenResourcesFiltering - Copying 1 resource from src\main\resources to target\classes
2025-03-11 15:09:47,329 [Worker-22: Building] INFO  o.a.m.s.f.DefaultMavenResourcesFiltering - skip non existing resourceDirectory D:\PollCreationBackend\PollCreationBackend\src\test\resources
2025-03-11 15:09:47,347 [Worker-23: Download sources and javadoc] INFO  o.e.m.c.i.e.AbstractTransferListenerAdapter - Downloading https://repo.maven.apache.org/maven2/org/codehaus/janino/commons-compiler/3.1.12/commons-compiler-3.1.12-sources.jar
2025-03-11 15:09:47,379 [Worker-23: Download sources and javadoc] INFO  o.e.m.c.i.e.AbstractTransferListenerAdapter - Downloaded https://repo.maven.apache.org/maven2/org/codehaus/janino/commons-compiler/3.1.12/commons-compiler-3.1.12-sources.jar
2025-03-11 15:09:47,383 [Worker-23: Download sources and javadoc] INFO  o.e.m.j.internal.DownloadSourcesJob - Downloaded sources for org.codehaus.janino:commons-compiler:3.1.12
2025-03-11 15:10:40,599 [Worker-26: Updating Maven Project] INFO  o.e.m.c.i.p.ProjectConfigurationManager - Update started
2025-03-11 15:10:40,832 [Worker-26: Updating Maven Project] INFO  o.e.m.c.i.l.LifecycleMappingFactory - Using org.eclipse.m2e.jdt.JarLifecycleMapping lifecycle mapping for MavenProject: com.akanksh:PollCreationBackend:0.0.1-SNAPSHOT @ D:\PollCreationBackend\PollCreationBackend\pom.xml.
2025-03-11 15:10:41,351 [Worker-26: Updating Maven Project] INFO  o.e.m.j.i.AbstractJavaProjectConfigurator - Adding source folder /PollCreationBackend/src/main/java
2025-03-11 15:10:41,356 [Worker-26: Updating Maven Project] INFO  o.e.m.j.i.AbstractJavaProjectConfigurator - Adding resource folder /PollCreationBackend/src/main/resources
2025-03-11 15:10:41,357 [Worker-26: Updating Maven Project] INFO  o.e.m.j.i.AbstractJavaProjectConfigurator - Adding resource folder /PollCreationBackend/src/main/resources
2025-03-11 15:10:41,358 [Worker-26: Updating Maven Project] INFO  o.e.m.j.i.AbstractJavaProjectConfigurator - Adding source folder /PollCreationBackend/src/test/java
2025-03-11 15:10:41,359 [Worker-26: Updating Maven Project] INFO  o.e.m.j.i.AbstractJavaProjectConfigurator - Adding resource folder /PollCreationBackend/src/test/resources
2025-03-11 15:10:41,598 [Worker-26: Updating Maven Project] INFO  o.e.m.c.i.p.ProjectConfigurationManager - Update completed for 1 poms: local refresh takes 0.00 sec, refresh facades takes 0.00 sec, update config takes 0.00 sec 
2025-03-11 15:10:41,944 [Worker-23: Building] INFO  o.a.m.s.f.DefaultMavenResourcesFiltering - Copying 1 resource from src\main\resources to target\classes
2025-03-11 15:10:41,954 [Worker-23: Building] INFO  o.a.m.s.f.DefaultMavenResourcesFiltering - Copying 1 resource from src\main\resources to target\classes
2025-03-11 15:10:41,960 [Worker-23: Building] INFO  o.a.m.s.f.DefaultMavenResourcesFiltering - skip non existing resourceDirectory D:\PollCreationBackend\PollCreationBackend\src\test\resources
2025-03-11 15:12:14,550 [Worker-24: Building] INFO  o.e.m.c.i.l.LifecycleMappingFactory - Using org.eclipse.m2e.jdt.JarLifecycleMapping lifecycle mapping for MavenProject: com.akanksh:PollCreationBackend:0.0.1-SNAPSHOT @ D:\PollCreationBackend\PollCreationBackend\pom.xml.
2025-03-11 15:12:14,939 [Worker-24: Building] INFO  o.e.m.c.i.e.AbstractTransferListenerAdapter - Downloading https://repo.maven.apache.org/maven2/org/codehaus/janino/janino/3.1.11/janino-3.1.11.pom
2025-03-11 15:12:14,947 [Worker-24: Building] INFO  o.e.m.c.i.e.AbstractTransferListenerAdapter - Downloaded https://repo.maven.apache.org/maven2/org/codehaus/janino/janino/3.1.11/janino-3.1.11.pom
2025-03-11 15:12:15,040 [Worker-24: Building] INFO  o.e.m.c.i.e.AbstractTransferListenerAdapter - Downloading https://repo.maven.apache.org/maven2/org/codehaus/janino/janino-parent/3.1.11/janino-parent-3.1.11.pom
2025-03-11 15:12:15,047 [Worker-24: Building] INFO  o.e.m.c.i.e.AbstractTransferListenerAdapter - Downloaded https://repo.maven.apache.org/maven2/org/codehaus/janino/janino-parent/3.1.11/janino-parent-3.1.11.pom
2025-03-11 15:12:15,251 [Worker-24: Building] INFO  o.e.m.c.i.e.AbstractTransferListenerAdapter - Downloading https://repo.maven.apache.org/maven2/org/codehaus/janino/janino/3.1.11/janino-3.1.11.jar
2025-03-11 15:12:15,560 [Worker-24: Building] INFO  o.e.m.c.i.e.AbstractTransferListenerAdapter - Downloaded https://repo.maven.apache.org/maven2/org/codehaus/janino/janino/3.1.11/janino-3.1.11.jar
2025-03-11 15:12:15,837 [Worker-24: Building] INFO  o.a.m.s.f.DefaultMavenResourcesFiltering - Copying 0 resource from src\main\resources to target\classes
2025-03-11 15:12:15,838 [Worker-24: Building] INFO  o.a.m.s.f.DefaultMavenResourcesFiltering - Copying 0 resource from src\main\resources to target\classes
2025-03-11 15:12:15,842 [Worker-24: Building] INFO  o.a.m.s.f.DefaultMavenResourcesFiltering - skip non existing resourceDirectory D:\PollCreationBackend\PollCreationBackend\src\test\resources
2025-03-11 15:12:16,700 [Worker-27: Download sources and javadoc] INFO  o.e.m.c.i.e.AbstractTransferListenerAdapter - Downloading https://repo.maven.apache.org/maven2/org/codehaus/janino/janino/3.1.11/janino-3.1.11-sources.jar
2025-03-11 15:12:16,744 [Worker-27: Download sources and javadoc] INFO  o.e.m.c.i.e.AbstractTransferListenerAdapter - Downloaded https://repo.maven.apache.org/maven2/org/codehaus/janino/janino/3.1.11/janino-3.1.11-sources.jar
2025-03-11 15:12:16,748 [Worker-27: Download sources and javadoc] INFO  o.e.m.j.internal.DownloadSourcesJob - Downloaded sources for org.codehaus.janino:janino:3.1.11
2025-03-11 15:12:17,228 [Worker-36: Building] INFO  o.a.m.s.f.DefaultMavenResourcesFiltering - Copying 1 resource from src\main\resources to target\classes
2025-03-11 15:12:17,245 [Worker-36: Building] INFO  o.a.m.s.f.DefaultMavenResourcesFiltering - Copying 1 resource from src\main\resources to target\classes
2025-03-11 15:12:17,250 [Worker-36: Building] INFO  o.a.m.s.f.DefaultMavenResourcesFiltering - skip non existing resourceDirectory D:\PollCreationBackend\PollCreationBackend\src\test\resources
2025-03-11 15:13:08,646 [Worker-37: Launching Executing clean in D__PollCreationBackend_PollCreationBackend] INFO  o.eclipse.m2e.core.internal.Bundles - getClasspathEntries(Bundle=org.eclipse.m2e.maven.runtime_3.9.900.20240824-1409 [364])
2025-03-11 15:13:08,648 [Worker-37: Launching Executing clean in D__PollCreationBackend_PollCreationBackend] INFO  o.eclipse.m2e.core.internal.Bundles - 	Entry: D:\Downloads\SpringToolSuite\sts-4.28.1.RELEASE\plugins\org.eclipse.m2e.maven.runtime_3.9.900.20240824-1409
2025-03-11 15:13:08,648 [Worker-37: Launching Executing clean in D__PollCreationBackend_PollCreationBackend] INFO  o.eclipse.m2e.core.internal.Bundles - 	Entry: D:\Downloads\SpringToolSuite\sts-4.28.1.RELEASE\plugins\org.eclipse.m2e.maven.runtime_3.9.900.20240824-1409\jars\aopalliance-1.0.jar
2025-03-11 15:13:08,648 [Worker-37: Launching Executing clean in D__PollCreationBackend_PollCreationBackend] INFO  o.eclipse.m2e.core.internal.Bundles - 	Entry: D:\Downloads\SpringToolSuite\sts-4.28.1.RELEASE\plugins\org.eclipse.m2e.maven.runtime_3.9.900.20240824-1409\jars\guice-5.1.0.jar
2025-03-11 15:13:08,648 [Worker-37: Launching Executing clean in D__PollCreationBackend_PollCreationBackend] INFO  o.eclipse.m2e.core.internal.Bundles - 	Entry: D:\Downloads\SpringToolSuite\sts-4.28.1.RELEASE\plugins\org.eclipse.m2e.maven.runtime_3.9.900.20240824-1409\jars\httpclient-4.5.14.jar
2025-03-11 15:13:08,648 [Worker-37: Launching Executing clean in D__PollCreationBackend_PollCreationBackend] INFO  o.eclipse.m2e.core.internal.Bundles - 	Entry: D:\Downloads\SpringToolSuite\sts-4.28.1.RELEASE\plugins\org.eclipse.m2e.maven.runtime_3.9.900.20240824-1409\jars\httpcore-4.4.16.jar
2025-03-11 15:13:08,648 [Worker-37: Launching Executing clean in D__PollCreationBackend_PollCreationBackend] INFO  o.eclipse.m2e.core.internal.Bundles - 	Entry: D:\Downloads\SpringToolSuite\sts-4.28.1.RELEASE\plugins\org.eclipse.m2e.maven.runtime_3.9.900.20240824-1409\jars\jansi-2.4.1.jar
2025-03-11 15:13:08,648 [Worker-37: Launching Executing clean in D__PollCreationBackend_PollCreationBackend] INFO  o.eclipse.m2e.core.internal.Bundles - 	Entry: D:\Downloads\SpringToolSuite\sts-4.28.1.RELEASE\plugins\org.eclipse.m2e.maven.runtime_3.9.900.20240824-1409\jars\jcl-over-slf4j-1.7.36.jar
2025-03-11 15:13:08,650 [Worker-37: Launching Executing clean in D__PollCreationBackend_PollCreationBackend] INFO  o.eclipse.m2e.core.internal.Bundles - 	Entry: D:\Downloads\SpringToolSuite\sts-4.28.1.RELEASE\plugins\org.eclipse.m2e.maven.runtime_3.9.900.20240824-1409\jars\maven-artifact-3.9.9.jar
2025-03-11 15:13:08,650 [Worker-37: Launching Executing clean in D__PollCreationBackend_PollCreationBackend] INFO  o.eclipse.m2e.core.internal.Bundles - 	Entry: D:\Downloads\SpringToolSuite\sts-4.28.1.RELEASE\plugins\org.eclipse.m2e.maven.runtime_3.9.900.20240824-1409\jars\maven-builder-support-3.9.9.jar
2025-03-11 15:13:08,650 [Worker-37: Launching Executing clean in D__PollCreationBackend_PollCreationBackend] INFO  o.eclipse.m2e.core.internal.Bundles - 	Entry: D:\Downloads\SpringToolSuite\sts-4.28.1.RELEASE\plugins\org.eclipse.m2e.maven.runtime_3.9.900.20240824-1409\jars\maven-compat-3.9.9.jar
2025-03-11 15:13:08,650 [Worker-37: Launching Executing clean in D__PollCreationBackend_PollCreationBackend] INFO  o.eclipse.m2e.core.internal.Bundles - 	Entry: D:\Downloads\SpringToolSuite\sts-4.28.1.RELEASE\plugins\org.eclipse.m2e.maven.runtime_3.9.900.20240824-1409\jars\maven-core-3.9.9.jar
2025-03-11 15:13:08,650 [Worker-37: Launching Executing clean in D__PollCreationBackend_PollCreationBackend] INFO  o.eclipse.m2e.core.internal.Bundles - 	Entry: D:\Downloads\SpringToolSuite\sts-4.28.1.RELEASE\plugins\org.eclipse.m2e.maven.runtime_3.9.900.20240824-1409\jars\maven-embedder-3.9.9.jar
2025-03-11 15:13:08,651 [Worker-37: Launching Executing clean in D__PollCreationBackend_PollCreationBackend] INFO  o.eclipse.m2e.core.internal.Bundles - 	Entry: D:\Downloads\SpringToolSuite\sts-4.28.1.RELEASE\plugins\org.eclipse.m2e.maven.runtime_3.9.900.20240824-1409\jars\maven-model-3.9.9.jar
2025-03-11 15:13:08,651 [Worker-37: Launching Executing clean in D__PollCreationBackend_PollCreationBackend] INFO  o.eclipse.m2e.core.internal.Bundles - 	Entry: D:\Downloads\SpringToolSuite\sts-4.28.1.RELEASE\plugins\org.eclipse.m2e.maven.runtime_3.9.900.20240824-1409\jars\maven-model-builder-3.9.9.jar
2025-03-11 15:13:08,651 [Worker-37: Launching Executing clean in D__PollCreationBackend_PollCreationBackend] INFO  o.eclipse.m2e.core.internal.Bundles - 	Entry: D:\Downloads\SpringToolSuite\sts-4.28.1.RELEASE\plugins\org.eclipse.m2e.maven.runtime_3.9.900.20240824-1409\jars\maven-plugin-api-3.9.9.jar
2025-03-11 15:13:08,651 [Worker-37: Launching Executing clean in D__PollCreationBackend_PollCreationBackend] INFO  o.eclipse.m2e.core.internal.Bundles - 	Entry: D:\Downloads\SpringToolSuite\sts-4.28.1.RELEASE\plugins\org.eclipse.m2e.maven.runtime_3.9.900.20240824-1409\jars\maven-repository-metadata-3.9.9.jar
2025-03-11 15:13:08,651 [Worker-37: Launching Executing clean in D__PollCreationBackend_PollCreationBackend] INFO  o.eclipse.m2e.core.internal.Bundles - 	Entry: D:\Downloads\SpringToolSuite\sts-4.28.1.RELEASE\plugins\org.eclipse.m2e.maven.runtime_3.9.900.20240824-1409\jars\maven-resolver-api-1.9.22.jar
2025-03-11 15:13:08,651 [Worker-37: Launching Executing clean in D__PollCreationBackend_PollCreationBackend] INFO  o.eclipse.m2e.core.internal.Bundles - 	Entry: D:\Downloads\SpringToolSuite\sts-4.28.1.RELEASE\plugins\org.eclipse.m2e.maven.runtime_3.9.900.20240824-1409\jars\maven-resolver-connector-basic-1.9.22.jar
2025-03-11 15:13:08,651 [Worker-37: Launching Executing clean in D__PollCreationBackend_PollCreationBackend] INFO  o.eclipse.m2e.core.internal.Bundles - 	Entry: D:\Downloads\SpringToolSuite\sts-4.28.1.RELEASE\plugins\org.eclipse.m2e.maven.runtime_3.9.900.20240824-1409\jars\maven-resolver-impl-1.9.22.jar
2025-03-11 15:13:08,651 [Worker-37: Launching Executing clean in D__PollCreationBackend_PollCreationBackend] INFO  o.eclipse.m2e.core.internal.Bundles - 	Entry: D:\Downloads\SpringToolSuite\sts-4.28.1.RELEASE\plugins\org.eclipse.m2e.maven.runtime_3.9.900.20240824-1409\jars\maven-resolver-named-locks-1.9.22.jar
2025-03-11 15:13:08,651 [Worker-37: Launching Executing clean in D__PollCreationBackend_PollCreationBackend] INFO  o.eclipse.m2e.core.internal.Bundles - 	Entry: D:\Downloads\SpringToolSuite\sts-4.28.1.RELEASE\plugins\org.eclipse.m2e.maven.runtime_3.9.900.20240824-1409\jars\maven-resolver-provider-3.9.9.jar
2025-03-11 15:13:08,651 [Worker-37: Launching Executing clean in D__PollCreationBackend_PollCreationBackend] INFO  o.eclipse.m2e.core.internal.Bundles - 	Entry: D:\Downloads\SpringToolSuite\sts-4.28.1.RELEASE\plugins\org.eclipse.m2e.maven.runtime_3.9.900.20240824-1409\jars\maven-resolver-spi-1.9.22.jar
2025-03-11 15:13:08,651 [Worker-37: Launching Executing clean in D__PollCreationBackend_PollCreationBackend] INFO  o.eclipse.m2e.core.internal.Bundles - 	Entry: D:\Downloads\SpringToolSuite\sts-4.28.1.RELEASE\plugins\org.eclipse.m2e.maven.runtime_3.9.900.20240824-1409\jars\maven-resolver-transport-file-1.9.22.jar
2025-03-11 15:13:08,652 [Worker-37: Launching Executing clean in D__PollCreationBackend_PollCreationBackend] INFO  o.eclipse.m2e.core.internal.Bundles - 	Entry: D:\Downloads\SpringToolSuite\sts-4.28.1.RELEASE\plugins\org.eclipse.m2e.maven.runtime_3.9.900.20240824-1409\jars\maven-resolver-transport-http-1.9.22.jar
2025-03-11 15:13:08,652 [Worker-37: Launching Executing clean in D__PollCreationBackend_PollCreationBackend] INFO  o.eclipse.m2e.core.internal.Bundles - 	Entry: D:\Downloads\SpringToolSuite\sts-4.28.1.RELEASE\plugins\org.eclipse.m2e.maven.runtime_3.9.900.20240824-1409\jars\maven-resolver-transport-wagon-1.9.22.jar
2025-03-11 15:13:08,652 [Worker-37: Launching Executing clean in D__PollCreationBackend_PollCreationBackend] INFO  o.eclipse.m2e.core.internal.Bundles - 	Entry: D:\Downloads\SpringToolSuite\sts-4.28.1.RELEASE\plugins\org.eclipse.m2e.maven.runtime_3.9.900.20240824-1409\jars\maven-resolver-util-1.9.22.jar
2025-03-11 15:13:08,652 [Worker-37: Launching Executing clean in D__PollCreationBackend_PollCreationBackend] INFO  o.eclipse.m2e.core.internal.Bundles - 	Entry: D:\Downloads\SpringToolSuite\sts-4.28.1.RELEASE\plugins\org.eclipse.m2e.maven.runtime_3.9.900.20240824-1409\jars\maven-settings-3.9.9.jar
2025-03-11 15:13:08,652 [Worker-37: Launching Executing clean in D__PollCreationBackend_PollCreationBackend] INFO  o.eclipse.m2e.core.internal.Bundles - 	Entry: D:\Downloads\SpringToolSuite\sts-4.28.1.RELEASE\plugins\org.eclipse.m2e.maven.runtime_3.9.900.20240824-1409\jars\maven-settings-builder-3.9.9.jar
2025-03-11 15:13:08,652 [Worker-37: Launching Executing clean in D__PollCreationBackend_PollCreationBackend] INFO  o.eclipse.m2e.core.internal.Bundles - 	Entry: D:\Downloads\SpringToolSuite\sts-4.28.1.RELEASE\plugins\org.eclipse.m2e.maven.runtime_3.9.900.20240824-1409\jars\maven-shared-utils-3.4.2.jar
2025-03-11 15:13:08,652 [Worker-37: Launching Executing clean in D__PollCreationBackend_PollCreationBackend] INFO  o.eclipse.m2e.core.internal.Bundles - 	Entry: D:\Downloads\SpringToolSuite\sts-4.28.1.RELEASE\plugins\org.eclipse.m2e.maven.runtime_3.9.900.20240824-1409\jars\org.eclipse.sisu.inject-0.9.0.M3.jar
2025-03-11 15:13:08,653 [Worker-37: Launching Executing clean in D__PollCreationBackend_PollCreationBackend] INFO  o.eclipse.m2e.core.internal.Bundles - 	Entry: D:\Downloads\SpringToolSuite\sts-4.28.1.RELEASE\plugins\org.eclipse.m2e.maven.runtime_3.9.900.20240824-1409\jars\org.eclipse.sisu.plexus-0.9.0.M3.jar
2025-03-11 15:13:08,653 [Worker-37: Launching Executing clean in D__PollCreationBackend_PollCreationBackend] INFO  o.eclipse.m2e.core.internal.Bundles - 	Entry: D:\Downloads\SpringToolSuite\sts-4.28.1.RELEASE\plugins\org.eclipse.m2e.maven.runtime_3.9.900.20240824-1409\jars\plexus-build-api-0.0.7.jar
2025-03-11 15:13:08,653 [Worker-37: Launching Executing clean in D__PollCreationBackend_PollCreationBackend] INFO  o.eclipse.m2e.core.internal.Bundles - 	Entry: D:\Downloads\SpringToolSuite\sts-4.28.1.RELEASE\plugins\org.eclipse.m2e.maven.runtime_3.9.900.20240824-1409\jars\plexus-build-api-1.2.0.jar
2025-03-11 15:13:08,653 [Worker-37: Launching Executing clean in D__PollCreationBackend_PollCreationBackend] INFO  o.eclipse.m2e.core.internal.Bundles - 	Entry: D:\Downloads\SpringToolSuite\sts-4.28.1.RELEASE\plugins\org.eclipse.m2e.maven.runtime_3.9.900.20240824-1409\jars\plexus-cipher-2.0.jar
2025-03-11 15:13:08,653 [Worker-37: Launching Executing clean in D__PollCreationBackend_PollCreationBackend] INFO  o.eclipse.m2e.core.internal.Bundles - 	Entry: D:\Downloads\SpringToolSuite\sts-4.28.1.RELEASE\plugins\org.eclipse.m2e.maven.runtime_3.9.900.20240824-1409\jars\plexus-classworlds-2.8.0.jar
2025-03-11 15:13:08,653 [Worker-37: Launching Executing clean in D__PollCreationBackend_PollCreationBackend] INFO  o.eclipse.m2e.core.internal.Bundles - 	Entry: D:\Downloads\SpringToolSuite\sts-4.28.1.RELEASE\plugins\org.eclipse.m2e.maven.runtime_3.9.900.20240824-1409\jars\plexus-component-annotations-2.1.0.jar
2025-03-11 15:13:08,654 [Worker-37: Launching Executing clean in D__PollCreationBackend_PollCreationBackend] INFO  o.eclipse.m2e.core.internal.Bundles - 	Entry: D:\Downloads\SpringToolSuite\sts-4.28.1.RELEASE\plugins\org.eclipse.m2e.maven.runtime_3.9.900.20240824-1409\jars\plexus-interpolation-1.27.jar
2025-03-11 15:13:08,654 [Worker-37: Launching Executing clean in D__PollCreationBackend_PollCreationBackend] INFO  o.eclipse.m2e.core.internal.Bundles - 	Entry: D:\Downloads\SpringToolSuite\sts-4.28.1.RELEASE\plugins\org.eclipse.m2e.maven.runtime_3.9.900.20240824-1409\jars\plexus-sec-dispatcher-2.0.jar
2025-03-11 15:13:08,654 [Worker-37: Launching Executing clean in D__PollCreationBackend_PollCreationBackend] INFO  o.eclipse.m2e.core.internal.Bundles - 	Entry: D:\Downloads\SpringToolSuite\sts-4.28.1.RELEASE\plugins\org.eclipse.m2e.maven.runtime_3.9.900.20240824-1409\jars\plexus-utils-3.5.1.jar
2025-03-11 15:13:08,654 [Worker-37: Launching Executing clean in D__PollCreationBackend_PollCreationBackend] INFO  o.eclipse.m2e.core.internal.Bundles - 	Entry: D:\Downloads\SpringToolSuite\sts-4.28.1.RELEASE\plugins\org.eclipse.m2e.maven.runtime_3.9.900.20240824-1409\jars\plexus-xml-3.0.1.jar
2025-03-11 15:13:08,654 [Worker-37: Launching Executing clean in D__PollCreationBackend_PollCreationBackend] INFO  o.eclipse.m2e.core.internal.Bundles - 	Entry: D:\Downloads\SpringToolSuite\sts-4.28.1.RELEASE\plugins\org.eclipse.m2e.maven.runtime_3.9.900.20240824-1409\jars\wagon-file-3.5.3.jar
2025-03-11 15:13:08,655 [Worker-37: Launching Executing clean in D__PollCreationBackend_PollCreationBackend] INFO  o.eclipse.m2e.core.internal.Bundles - 	Entry: D:\Downloads\SpringToolSuite\sts-4.28.1.RELEASE\plugins\org.eclipse.m2e.maven.runtime_3.9.900.20240824-1409\jars\wagon-http-3.5.3.jar
2025-03-11 15:13:08,655 [Worker-37: Launching Executing clean in D__PollCreationBackend_PollCreationBackend] INFO  o.eclipse.m2e.core.internal.Bundles - 	Entry: D:\Downloads\SpringToolSuite\sts-4.28.1.RELEASE\plugins\org.eclipse.m2e.maven.runtime_3.9.900.20240824-1409\jars\wagon-http-shared-3.5.3.jar
2025-03-11 15:13:08,655 [Worker-37: Launching Executing clean in D__PollCreationBackend_PollCreationBackend] INFO  o.eclipse.m2e.core.internal.Bundles - 	Entry: D:\Downloads\SpringToolSuite\sts-4.28.1.RELEASE\plugins\org.eclipse.m2e.maven.runtime_3.9.900.20240824-1409\jars\wagon-provider-api-3.5.3.jar
2025-03-11 15:13:08,657 [Worker-37: Launching Executing clean in D__PollCreationBackend_PollCreationBackend] INFO  o.eclipse.m2e.core.internal.Bundles - getClasspathEntries(Bundle=com.google.guava_33.3.1.jre [29])
2025-03-11 15:13:08,658 [Worker-37: Launching Executing clean in D__PollCreationBackend_PollCreationBackend] INFO  o.eclipse.m2e.core.internal.Bundles - 	Entry: D:\Downloads\SpringToolSuite\sts-4.28.1.RELEASE\plugins\com.google.guava_33.3.1.jre.jar
2025-03-11 15:13:08,658 [Worker-37: Launching Executing clean in D__PollCreationBackend_PollCreationBackend] INFO  o.eclipse.m2e.core.internal.Bundles - getClasspathEntries(Bundle=slf4j.api_2.0.16 [615])
2025-03-11 15:13:08,658 [Worker-37: Launching Executing clean in D__PollCreationBackend_PollCreationBackend] INFO  o.eclipse.m2e.core.internal.Bundles - 	Entry: D:\Downloads\SpringToolSuite\sts-4.28.1.RELEASE\plugins\slf4j.api_2.0.16.jar
2025-03-11 15:13:08,658 [Worker-37: Launching Executing clean in D__PollCreationBackend_PollCreationBackend] INFO  o.eclipse.m2e.core.internal.Bundles - getClasspathEntries(Bundle=jakarta.inject.jakarta.inject-api_1.0.5 [45])
2025-03-11 15:13:08,658 [Worker-37: Launching Executing clean in D__PollCreationBackend_PollCreationBackend] INFO  o.eclipse.m2e.core.internal.Bundles - 	Entry: D:\Downloads\SpringToolSuite\sts-4.28.1.RELEASE\plugins\jakarta.inject.jakarta.inject-api_1.0.5.jar
2025-03-11 15:13:08,658 [Worker-37: Launching Executing clean in D__PollCreationBackend_PollCreationBackend] INFO  o.eclipse.m2e.core.internal.Bundles - getClasspathEntries(Bundle=jakarta.annotation-api_1.3.5 [41])
2025-03-11 15:13:08,658 [Worker-37: Launching Executing clean in D__PollCreationBackend_PollCreationBackend] INFO  o.eclipse.m2e.core.internal.Bundles - 	Entry: D:\Downloads\SpringToolSuite\sts-4.28.1.RELEASE\plugins\jakarta.annotation-api_1.3.5.jar
2025-03-11 15:13:08,658 [Worker-37: Launching Executing clean in D__PollCreationBackend_PollCreationBackend] INFO  o.eclipse.m2e.core.internal.Bundles - getClasspathEntries(Bundle=org.apache.commons.cli_1.9.0 [78])
2025-03-11 15:13:08,658 [Worker-37: Launching Executing clean in D__PollCreationBackend_PollCreationBackend] INFO  o.eclipse.m2e.core.internal.Bundles - 	Entry: D:\Downloads\SpringToolSuite\sts-4.28.1.RELEASE\plugins\org.apache.commons.cli_1.9.0.jar
2025-03-11 15:13:08,658 [Worker-37: Launching Executing clean in D__PollCreationBackend_PollCreationBackend] INFO  o.eclipse.m2e.core.internal.Bundles - getClasspathEntries(Bundle=org.apache.commons.commons-codec_1.16.0 [81])
2025-03-11 15:13:08,660 [Worker-37: Launching Executing clean in D__PollCreationBackend_PollCreationBackend] INFO  o.eclipse.m2e.core.internal.Bundles - 	Entry: D:\Downloads\SpringToolSuite\sts-4.28.1.RELEASE\plugins\org.apache.commons.commons-codec_1.16.0.jar
2025-03-11 15:13:08,660 [Worker-37: Launching Executing clean in D__PollCreationBackend_PollCreationBackend] INFO  o.eclipse.m2e.core.internal.Bundles - getClasspathEntries(Bundle=com.google.guava.failureaccess_1.0.2 [30])
2025-03-11 15:13:08,660 [Worker-37: Launching Executing clean in D__PollCreationBackend_PollCreationBackend] INFO  o.eclipse.m2e.core.internal.Bundles - 	Entry: D:\Downloads\SpringToolSuite\sts-4.28.1.RELEASE\plugins\com.google.guava.failureaccess_1.0.2.jar
2025-03-11 15:13:08,663 [Worker-37: Launching Executing clean in D__PollCreationBackend_PollCreationBackend] INFO  o.e.m.i.launch.MavenLaunchDelegate - Run build in "D:\PollCreationBackend\PollCreationBackend":
2025-03-11 15:13:08,664 [Worker-37: Launching Executing clean in D__PollCreationBackend_PollCreationBackend] INFO  o.e.m.i.launch.MavenLaunchDelegate -  mvn  -Ppom.xml -B -Dstyle.color=always clean
2025-03-11 15:13:12,118 [Worker-29: Building] INFO  o.a.m.s.f.DefaultMavenResourcesFiltering - Copying 1 resource from src\main\resources to target\classes
2025-03-11 15:13:12,120 [Worker-29: Building] INFO  o.a.m.s.f.DefaultMavenResourcesFiltering - Copying 1 resource from src\main\resources to target\classes
2025-03-11 15:13:12,125 [Worker-29: Building] INFO  o.a.m.s.f.DefaultMavenResourcesFiltering - skip non existing resourceDirectory D:\PollCreationBackend\PollCreationBackend\src\test\resources
2025-03-11 15:13:24,911 [Worker-30: Updating Maven Project] INFO  o.e.m.c.i.p.ProjectConfigurationManager - Update started
2025-03-11 15:13:25,153 [Worker-30: Updating Maven Project] INFO  o.e.m.c.i.l.LifecycleMappingFactory - Using org.eclipse.m2e.jdt.JarLifecycleMapping lifecycle mapping for MavenProject: com.akanksh:PollCreationBackend:0.0.1-SNAPSHOT @ D:\PollCreationBackend\PollCreationBackend\pom.xml.
2025-03-11 15:13:25,588 [Worker-30: Updating Maven Project] INFO  o.e.m.j.i.AbstractJavaProjectConfigurator - Adding source folder /PollCreationBackend/src/main/java
2025-03-11 15:13:25,590 [Worker-30: Updating Maven Project] INFO  o.e.m.j.i.AbstractJavaProjectConfigurator - Adding resource folder /PollCreationBackend/src/main/resources
2025-03-11 15:13:25,590 [Worker-30: Updating Maven Project] INFO  o.e.m.j.i.AbstractJavaProjectConfigurator - Adding resource folder /PollCreationBackend/src/main/resources
2025-03-11 15:13:25,590 [Worker-30: Updating Maven Project] INFO  o.e.m.j.i.AbstractJavaProjectConfigurator - Adding source folder /PollCreationBackend/src/test/java
2025-03-11 15:13:25,590 [Worker-30: Updating Maven Project] INFO  o.e.m.j.i.AbstractJavaProjectConfigurator - Adding resource folder /PollCreationBackend/src/test/resources
2025-03-11 15:13:25,813 [Worker-30: Updating Maven Project] INFO  o.e.m.c.i.p.ProjectConfigurationManager - Update completed for 1 poms: local refresh takes 0.00 sec, refresh facades takes 0.00 sec, update config takes 0.00 sec 
2025-03-11 15:13:26,122 [Worker-31: Building] INFO  o.a.m.s.f.DefaultMavenResourcesFiltering - Copying 1 resource from src\main\resources to target\classes
2025-03-11 15:13:26,137 [Worker-31: Building] INFO  o.a.m.s.f.DefaultMavenResourcesFiltering - Copying 1 resource from src\main\resources to target\classes
2025-03-11 15:13:26,144 [Worker-31: Building] INFO  o.a.m.s.f.DefaultMavenResourcesFiltering - skip non existing resourceDirectory D:\PollCreationBackend\PollCreationBackend\src\test\resources
2025-03-11 15:14:12,824 [Worker-39: Building] INFO  o.e.m.c.i.l.LifecycleMappingFactory - Using org.eclipse.m2e.jdt.JarLifecycleMapping lifecycle mapping for MavenProject: com.akanksh:PollCreationBackend:0.0.1-SNAPSHOT @ D:\PollCreationBackend\PollCreationBackend\pom.xml.
2025-03-11 15:14:13,056 [Worker-39: Building] INFO  o.e.m.c.i.e.AbstractTransferListenerAdapter - Downloading https://repo.maven.apache.org/maven2/ch/qos/logback/logback-core/1.4.11/logback-core-1.4.11.pom
2025-03-11 15:14:13,066 [Worker-39: Building] INFO  o.e.m.c.i.e.AbstractTransferListenerAdapter - Downloaded https://repo.maven.apache.org/maven2/ch/qos/logback/logback-core/1.4.11/logback-core-1.4.11.pom
2025-03-11 15:14:13,219 [Worker-39: Building] INFO  o.e.m.c.i.e.AbstractTransferListenerAdapter - Downloading https://repo.maven.apache.org/maven2/ch/qos/logback/logback-core/1.4.11/logback-core-1.4.11.jar
2025-03-11 15:14:13,285 [Worker-39: Building] INFO  o.e.m.c.i.e.AbstractTransferListenerAdapter - Downloaded https://repo.maven.apache.org/maven2/ch/qos/logback/logback-core/1.4.11/logback-core-1.4.11.jar
2025-03-11 15:14:13,652 [Worker-39: Building] INFO  o.a.m.s.f.DefaultMavenResourcesFiltering - Copying 0 resource from src\main\resources to target\classes
2025-03-11 15:14:13,653 [Worker-39: Building] INFO  o.a.m.s.f.DefaultMavenResourcesFiltering - Copying 0 resource from src\main\resources to target\classes
2025-03-11 15:14:13,656 [Worker-39: Building] INFO  o.a.m.s.f.DefaultMavenResourcesFiltering - skip non existing resourceDirectory D:\PollCreationBackend\PollCreationBackend\src\test\resources
2025-03-11 15:14:14,502 [Worker-25: Download sources and javadoc] INFO  o.e.m.c.i.e.AbstractTransferListenerAdapter - Downloading https://repo.maven.apache.org/maven2/ch/qos/logback/logback-core/1.4.11/logback-core-1.4.11-sources.jar
2025-03-11 15:14:14,541 [Worker-25: Download sources and javadoc] INFO  o.e.m.c.i.e.AbstractTransferListenerAdapter - Downloaded https://repo.maven.apache.org/maven2/ch/qos/logback/logback-core/1.4.11/logback-core-1.4.11-sources.jar
2025-03-11 15:14:14,544 [Worker-25: Download sources and javadoc] INFO  o.e.m.j.internal.DownloadSourcesJob - Downloaded sources for ch.qos.logback:logback-core:1.4.11
2025-03-11 15:14:14,991 [Worker-28: Building] INFO  o.a.m.s.f.DefaultMavenResourcesFiltering - Copying 1 resource from src\main\resources to target\classes
2025-03-11 15:14:15,008 [Worker-28: Building] INFO  o.a.m.s.f.DefaultMavenResourcesFiltering - Copying 1 resource from src\main\resources to target\classes
2025-03-11 15:14:15,013 [Worker-28: Building] INFO  o.a.m.s.f.DefaultMavenResourcesFiltering - skip non existing resourceDirectory D:\PollCreationBackend\PollCreationBackend\src\test\resources
2025-03-11 15:14:33,142 [Worker-22: Building] INFO  o.a.m.s.f.DefaultMavenResourcesFiltering - Copying 0 resource from src\main\resources to target\classes
2025-03-11 15:14:33,142 [Worker-22: Building] INFO  o.a.m.s.f.DefaultMavenResourcesFiltering - Copying 1 resource from src\main\resources to target\classes
2025-03-11 15:14:33,146 [Worker-22: Building] INFO  o.a.m.s.f.DefaultMavenResourcesFiltering - skip non existing resourceDirectory D:\PollCreationBackend\PollCreationBackend\src\test\resources
2025-03-11 15:16:12,696 [Worker-23: Building] INFO  o.e.m.c.i.l.LifecycleMappingFactory - Using org.eclipse.m2e.jdt.JarLifecycleMapping lifecycle mapping for MavenProject: com.akanksh:PollCreationBackend:0.0.1-SNAPSHOT @ D:\PollCreationBackend\PollCreationBackend\pom.xml.
2025-03-11 15:16:13,106 [Worker-23: Building] INFO  o.e.m.c.i.e.AbstractTransferListenerAdapter - Downloading https://repo.maven.apache.org/maven2/ch/qos/logback/logback-classic/1.4.14/logback-classic-1.4.14.pom
2025-03-11 15:16:13,120 [Worker-23: Building] INFO  o.e.m.c.i.e.AbstractTransferListenerAdapter - Downloaded https://repo.maven.apache.org/maven2/ch/qos/logback/logback-classic/1.4.14/logback-classic-1.4.14.pom
2025-03-11 15:16:13,187 [Worker-23: Building] INFO  o.e.m.c.i.e.AbstractTransferListenerAdapter - Downloading https://repo.maven.apache.org/maven2/ch/qos/logback/logback-parent/1.4.14/logback-parent-1.4.14.pom
2025-03-11 15:16:13,192 [Worker-23: Building] INFO  o.e.m.c.i.e.AbstractTransferListenerAdapter - Downloaded https://repo.maven.apache.org/maven2/ch/qos/logback/logback-parent/1.4.14/logback-parent-1.4.14.pom
2025-03-11 15:16:13,336 [Worker-23: Building] INFO  o.e.m.c.i.e.AbstractTransferListenerAdapter - Downloading https://repo.maven.apache.org/maven2/ch/qos/logback/logback-classic/1.4.14/logback-classic-1.4.14.jar
2025-03-11 15:16:13,423 [Worker-23: Building] INFO  o.e.m.c.i.e.AbstractTransferListenerAdapter - Downloaded https://repo.maven.apache.org/maven2/ch/qos/logback/logback-classic/1.4.14/logback-classic-1.4.14.jar
2025-03-11 15:16:13,644 [Worker-23: Building] INFO  o.a.m.s.f.DefaultMavenResourcesFiltering - Copying 0 resource from src\main\resources to target\classes
2025-03-11 15:16:13,645 [Worker-23: Building] INFO  o.a.m.s.f.DefaultMavenResourcesFiltering - Copying 0 resource from src\main\resources to target\classes
2025-03-11 15:16:13,648 [Worker-23: Building] INFO  o.a.m.s.f.DefaultMavenResourcesFiltering - skip non existing resourceDirectory D:\PollCreationBackend\PollCreationBackend\src\test\resources
2025-03-11 15:16:14,584 [Worker-23: Download sources and javadoc] INFO  o.e.m.c.i.e.AbstractTransferListenerAdapter - Downloading https://repo.maven.apache.org/maven2/ch/qos/logback/logback-classic/1.4.14/logback-classic-1.4.14-sources.jar
2025-03-11 15:16:14,622 [Worker-23: Download sources and javadoc] INFO  o.e.m.c.i.e.AbstractTransferListenerAdapter - Downloaded https://repo.maven.apache.org/maven2/ch/qos/logback/logback-classic/1.4.14/logback-classic-1.4.14-sources.jar
2025-03-11 15:16:14,625 [Worker-23: Download sources and javadoc] INFO  o.e.m.j.internal.DownloadSourcesJob - Downloaded sources for ch.qos.logback:logback-classic:1.4.14
2025-03-11 15:16:15,118 [Worker-23: Building] INFO  o.a.m.s.f.DefaultMavenResourcesFiltering - Copying 1 resource from src\main\resources to target\classes
2025-03-11 15:16:15,137 [Worker-23: Building] INFO  o.a.m.s.f.DefaultMavenResourcesFiltering - Copying 1 resource from src\main\resources to target\classes
2025-03-11 15:16:15,140 [Worker-23: Building] INFO  o.a.m.s.f.DefaultMavenResourcesFiltering - skip non existing resourceDirectory D:\PollCreationBackend\PollCreationBackend\src\test\resources
2025-03-11 15:18:41,187 [Worker-41: Building] INFO  o.e.m.c.i.l.LifecycleMappingFactory - Using org.eclipse.m2e.jdt.JarLifecycleMapping lifecycle mapping for MavenProject: com.akanksh:PollCreationBackend:0.0.1-SNAPSHOT @ D:\PollCreationBackend\PollCreationBackend\pom.xml.
2025-03-11 15:18:41,733 [Worker-41: Building] INFO  o.a.m.s.f.DefaultMavenResourcesFiltering - Copying 0 resource from src\main\resources to target\classes
2025-03-11 15:18:41,734 [Worker-41: Building] INFO  o.a.m.s.f.DefaultMavenResourcesFiltering - Copying 0 resource from src\main\resources to target\classes
2025-03-11 15:18:41,738 [Worker-41: Building] INFO  o.a.m.s.f.DefaultMavenResourcesFiltering - skip non existing resourceDirectory D:\PollCreationBackend\PollCreationBackend\src\test\resources
2025-03-11 15:18:42,897 [Worker-44: Building] INFO  o.a.m.s.f.DefaultMavenResourcesFiltering - Copying 1 resource from src\main\resources to target\classes
2025-03-11 15:18:42,909 [Worker-44: Building] INFO  o.a.m.s.f.DefaultMavenResourcesFiltering - Copying 1 resource from src\main\resources to target\classes
2025-03-11 15:18:42,912 [Worker-44: Building] INFO  o.a.m.s.f.DefaultMavenResourcesFiltering - skip non existing resourceDirectory D:\PollCreationBackend\PollCreationBackend\src\test\resources
2025-03-11 15:23:33,321 [Worker-40: Building] INFO  o.a.m.s.f.DefaultMavenResourcesFiltering - Copying 0 resource from src\main\resources to target\classes
2025-03-11 15:23:33,322 [Worker-40: Building] INFO  o.a.m.s.f.DefaultMavenResourcesFiltering - Copying 0 resource from src\main\resources to target\classes
2025-03-11 15:23:33,326 [Worker-40: Building] INFO  o.a.m.s.f.DefaultMavenResourcesFiltering - skip non existing resourceDirectory D:\PollCreationBackend\PollCreationBackend\src\test\resources
2025-03-11 15:23:49,510 [Worker-44: Building] INFO  o.a.m.s.f.DefaultMavenResourcesFiltering - Copying 0 resource from src\main\resources to target\classes
2025-03-11 15:23:49,511 [Worker-44: Building] INFO  o.a.m.s.f.DefaultMavenResourcesFiltering - Copying 1 resource from src\main\resources to target\classes
2025-03-11 15:23:49,514 [Worker-44: Building] INFO  o.a.m.s.f.DefaultMavenResourcesFiltering - skip non existing resourceDirectory D:\PollCreationBackend\PollCreationBackend\src\test\resources
2025-03-11 15:23:56,831 [Worker-40: Building] INFO  o.a.m.s.f.DefaultMavenResourcesFiltering - Copying 0 resource from src\main\resources to target\classes
2025-03-11 15:23:56,832 [Worker-40: Building] INFO  o.a.m.s.f.DefaultMavenResourcesFiltering - Copying 1 resource from src\main\resources to target\classes
2025-03-11 15:23:56,835 [Worker-40: Building] INFO  o.a.m.s.f.DefaultMavenResourcesFiltering - skip non existing resourceDirectory D:\PollCreationBackend\PollCreationBackend\src\test\resources
2025-03-11 15:23:59,373 [Worker-48: Building] INFO  o.e.m.c.i.l.LifecycleMappingFactory - Using org.eclipse.m2e.jdt.JarLifecycleMapping lifecycle mapping for MavenProject: com.akanksh:PollCreationBackend:0.0.1-SNAPSHOT @ D:\PollCreationBackend\PollCreationBackend\pom.xml.
2025-03-11 15:23:59,810 [Worker-48: Building] INFO  o.a.m.s.f.DefaultMavenResourcesFiltering - Copying 1 resource from src\main\resources to target\classes
2025-03-11 15:23:59,824 [Worker-48: Building] INFO  o.a.m.s.f.DefaultMavenResourcesFiltering - Copying 1 resource from src\main\resources to target\classes
2025-03-11 15:23:59,828 [Worker-48: Building] INFO  o.a.m.s.f.DefaultMavenResourcesFiltering - skip non existing resourceDirectory D:\PollCreationBackend\PollCreationBackend\src\test\resources
2025-03-11 15:25:26,373 [Worker-40: Building] INFO  o.a.m.s.f.DefaultMavenResourcesFiltering - Copying 1 resource from src\main\resources to target\classes
2025-03-11 15:25:26,376 [Worker-40: Building] INFO  o.a.m.s.f.DefaultMavenResourcesFiltering - Copying 1 resource from src\main\resources to target\classes
2025-03-11 15:25:26,379 [Worker-40: Building] INFO  o.a.m.s.f.DefaultMavenResourcesFiltering - skip non existing resourceDirectory D:\PollCreationBackend\PollCreationBackend\src\test\resources
2025-03-11 15:25:49,065 [Worker-44: Building] INFO  o.e.m.c.i.l.LifecycleMappingFactory - Using org.eclipse.m2e.jdt.JarLifecycleMapping lifecycle mapping for MavenProject: com.akanksh:PollCreationBackend:0.0.1-SNAPSHOT @ D:\PollCreationBackend\PollCreationBackend\pom.xml.
2025-03-11 15:25:49,521 [Worker-44: Building] INFO  o.a.m.s.f.DefaultMavenResourcesFiltering - Copying 0 resource from src\main\resources to target\classes
2025-03-11 15:25:49,522 [Worker-44: Building] INFO  o.a.m.s.f.DefaultMavenResourcesFiltering - Copying 0 resource from src\main\resources to target\classes
2025-03-11 15:25:49,526 [Worker-44: Building] INFO  o.a.m.s.f.DefaultMavenResourcesFiltering - skip non existing resourceDirectory D:\PollCreationBackend\PollCreationBackend\src\test\resources
2025-03-11 15:25:50,750 [Worker-50: Building] INFO  o.a.m.s.f.DefaultMavenResourcesFiltering - Copying 1 resource from src\main\resources to target\classes
2025-03-11 15:25:50,761 [Worker-50: Building] INFO  o.a.m.s.f.DefaultMavenResourcesFiltering - Copying 1 resource from src\main\resources to target\classes
2025-03-11 15:25:50,764 [Worker-50: Building] INFO  o.a.m.s.f.DefaultMavenResourcesFiltering - skip non existing resourceDirectory D:\PollCreationBackend\PollCreationBackend\src\test\resources
2025-03-11 15:26:27,258 [Worker-47: Building] INFO  o.e.m.c.i.l.LifecycleMappingFactory - Using org.eclipse.m2e.jdt.JarLifecycleMapping lifecycle mapping for MavenProject: com.akanksh:PollCreationBackend:0.0.1-SNAPSHOT @ D:\PollCreationBackend\PollCreationBackend\pom.xml.
2025-03-11 15:26:27,430 [Worker-47: Building] INFO  o.e.m.c.i.e.AbstractTransferListenerAdapter - Downloading https://repo.maven.apache.org/maven2/at/favre/lib/bcrypt/0.9.0/bcrypt-0.9.0.pom
2025-03-11 15:26:27,433 [Worker-47: Building] INFO  o.e.m.c.i.e.AbstractTransferListenerAdapter - Downloaded https://repo.maven.apache.org/maven2/at/favre/lib/bcrypt/0.9.0/bcrypt-0.9.0.pom
2025-03-11 15:26:27,448 [Worker-47: Building] INFO  o.e.m.c.i.e.AbstractTransferListenerAdapter - Downloading https://repo.maven.apache.org/maven2/at/favre/lib/bcrypt-parent/0.9.0/bcrypt-parent-0.9.0.pom
2025-03-11 15:26:27,452 [Worker-47: Building] INFO  o.e.m.c.i.e.AbstractTransferListenerAdapter - Downloaded https://repo.maven.apache.org/maven2/at/favre/lib/bcrypt-parent/0.9.0/bcrypt-parent-0.9.0.pom
2025-03-11 15:26:27,470 [Worker-47: Building] INFO  o.e.m.c.i.e.AbstractTransferListenerAdapter - Downloading https://repo.maven.apache.org/maven2/at/favre/lib/bytes/1.3.0/bytes-1.3.0.pom
2025-03-11 15:26:27,473 [Worker-47: Building] INFO  o.e.m.c.i.e.AbstractTransferListenerAdapter - Downloaded https://repo.maven.apache.org/maven2/at/favre/lib/bytes/1.3.0/bytes-1.3.0.pom
2025-03-11 15:26:27,612 [Worker-47: Building] INFO  o.e.m.c.i.e.AbstractTransferListenerAdapter - Downloading https://repo.maven.apache.org/maven2/at/favre/lib/bcrypt/0.9.0/bcrypt-0.9.0.jar
2025-03-11 15:26:27,621 [Worker-47: Building] INFO  o.e.m.c.i.e.AbstractTransferListenerAdapter - Downloaded https://repo.maven.apache.org/maven2/at/favre/lib/bcrypt/0.9.0/bcrypt-0.9.0.jar
2025-03-11 15:26:27,634 [BasicRepositoryConnector-repo.maven.apache.org-1-0] INFO  o.e.m.c.i.e.AbstractTransferListenerAdapter - Downloading https://repo.maven.apache.org/maven2/at/favre/lib/bytes/1.3.0/bytes-1.3.0.jar
2025-03-11 15:26:27,652 [BasicRepositoryConnector-repo.maven.apache.org-1-0] INFO  o.e.m.c.i.e.AbstractTransferListenerAdapter - Downloaded https://repo.maven.apache.org/maven2/at/favre/lib/bytes/1.3.0/bytes-1.3.0.jar
2025-03-11 15:26:27,853 [Worker-47: Building] INFO  o.a.m.s.f.DefaultMavenResourcesFiltering - Copying 0 resource from src\main\resources to target\classes
2025-03-11 15:26:27,854 [Worker-47: Building] INFO  o.a.m.s.f.DefaultMavenResourcesFiltering - Copying 0 resource from src\main\resources to target\classes
2025-03-11 15:26:27,857 [Worker-47: Building] INFO  o.a.m.s.f.DefaultMavenResourcesFiltering - skip non existing resourceDirectory D:\PollCreationBackend\PollCreationBackend\src\test\resources
2025-03-11 15:26:28,784 [Worker-52: Download sources and javadoc] INFO  o.e.m.c.i.e.AbstractTransferListenerAdapter - Downloading https://repo.maven.apache.org/maven2/at/favre/lib/bcrypt/0.9.0/bcrypt-0.9.0-sources.jar
2025-03-11 15:26:28,789 [Worker-52: Download sources and javadoc] INFO  o.e.m.c.i.e.AbstractTransferListenerAdapter - Downloaded https://repo.maven.apache.org/maven2/at/favre/lib/bcrypt/0.9.0/bcrypt-0.9.0-sources.jar
2025-03-11 15:26:28,791 [Worker-52: Download sources and javadoc] INFO  o.e.m.j.internal.DownloadSourcesJob - Downloaded sources for at.favre.lib:bcrypt:0.9.0
2025-03-11 15:26:28,823 [Worker-52: Download sources and javadoc] INFO  o.e.m.c.i.e.AbstractTransferListenerAdapter - Downloading https://repo.maven.apache.org/maven2/at/favre/lib/bytes/1.3.0/bytes-1.3.0-sources.jar
2025-03-11 15:26:28,835 [Worker-52: Download sources and javadoc] INFO  o.e.m.c.i.e.AbstractTransferListenerAdapter - Downloaded https://repo.maven.apache.org/maven2/at/favre/lib/bytes/1.3.0/bytes-1.3.0-sources.jar
2025-03-11 15:26:28,838 [Worker-52: Download sources and javadoc] INFO  o.e.m.j.internal.DownloadSourcesJob - Downloaded sources for at.favre.lib:bytes:1.3.0
2025-03-11 15:26:29,281 [Worker-40: Building] INFO  o.a.m.s.f.DefaultMavenResourcesFiltering - Copying 1 resource from src\main\resources to target\classes
2025-03-11 15:26:29,299 [Worker-40: Building] INFO  o.a.m.s.f.DefaultMavenResourcesFiltering - Copying 1 resource from src\main\resources to target\classes
2025-03-11 15:26:29,302 [Worker-40: Building] INFO  o.a.m.s.f.DefaultMavenResourcesFiltering - skip non existing resourceDirectory D:\PollCreationBackend\PollCreationBackend\src\test\resources
2025-03-11 15:49:41,840 [Worker-5: Loading available Gradle versions] INFO  o.e.b.c.i.u.g.PublishedGradleVersions - Gradle version information cache is up-to-date. Trying to read.
2025-03-11 15:50:09,796 [Worker-4: Building] INFO  o.e.m.c.i.l.LifecycleMappingFactory - Using org.eclipse.m2e.jdt.JarLifecycleMapping lifecycle mapping for MavenProject: com.akanksh:PollCreationBackend:0.0.1-SNAPSHOT @ D:\PollCreationBackend\PollCreationBackend\pom.xml.
2025-03-11 15:50:10,626 [Worker-4: Building] INFO  o.a.m.s.f.DefaultMavenResourcesFiltering - Copying 1 resource from src\main\resources to target\classes
2025-03-11 15:50:10,641 [Worker-4: Building] INFO  o.a.m.s.f.DefaultMavenResourcesFiltering - Copying 1 resource from src\main\resources to target\classes
2025-03-11 15:50:10,647 [Worker-4: Building] INFO  o.a.m.s.f.DefaultMavenResourcesFiltering - skip non existing resourceDirectory D:\PollCreationBackend\PollCreationBackend\src\test\resources
2025-03-11 15:50:13,127 [Worker-11: Building] INFO  o.a.m.s.f.DefaultMavenResourcesFiltering - Copying 1 resource from src\main\resources to target\classes
2025-03-11 15:50:13,137 [Worker-11: Building] INFO  o.a.m.s.f.DefaultMavenResourcesFiltering - Copying 1 resource from src\main\resources to target\classes
2025-03-11 15:50:13,143 [Worker-11: Building] INFO  o.a.m.s.f.DefaultMavenResourcesFiltering - skip non existing resourceDirectory D:\PollCreationBackend\PollCreationBackend\src\test\resources
2025-03-11 16:00:26,062 [Worker-6: Building] INFO  o.a.m.s.f.DefaultMavenResourcesFiltering - Copying 0 resource from src\main\resources to target\classes
2025-03-11 16:00:26,064 [Worker-6: Building] INFO  o.a.m.s.f.DefaultMavenResourcesFiltering - Copying 0 resource from src\main\resources to target\classes
2025-03-11 16:00:26,067 [Worker-6: Building] INFO  o.a.m.s.f.DefaultMavenResourcesFiltering - skip non existing resourceDirectory D:\PollCreationBackend\PollCreationBackend\src\test\resources
2025-03-11 16:01:09,630 [Worker-10: Building] INFO  o.a.m.s.f.DefaultMavenResourcesFiltering - Copying 0 resource from src\main\resources to target\classes
2025-03-11 16:01:09,630 [Worker-10: Building] INFO  o.a.m.s.f.DefaultMavenResourcesFiltering - Copying 0 resource from src\main\resources to target\classes
2025-03-11 16:01:09,633 [Worker-10: Building] INFO  o.a.m.s.f.DefaultMavenResourcesFiltering - skip non existing resourceDirectory D:\PollCreationBackend\PollCreationBackend\src\test\resources
2025-03-11 16:01:15,254 [Worker-6: Building] INFO  o.a.m.s.f.DefaultMavenResourcesFiltering - Copying 0 resource from src\main\resources to target\classes
2025-03-11 16:01:15,254 [Worker-6: Building] INFO  o.a.m.s.f.DefaultMavenResourcesFiltering - Copying 0 resource from src\main\resources to target\classes
2025-03-11 16:01:15,256 [Worker-6: Building] INFO  o.a.m.s.f.DefaultMavenResourcesFiltering - skip non existing resourceDirectory D:\PollCreationBackend\PollCreationBackend\src\test\resources
2025-03-11 16:01:35,280 [Worker-2: Building] INFO  o.a.m.s.f.DefaultMavenResourcesFiltering - Copying 0 resource from src\main\resources to target\classes
2025-03-11 16:01:35,280 [Worker-2: Building] INFO  o.a.m.s.f.DefaultMavenResourcesFiltering - Copying 0 resource from src\main\resources to target\classes
2025-03-11 16:01:35,283 [Worker-2: Building] INFO  o.a.m.s.f.DefaultMavenResourcesFiltering - skip non existing resourceDirectory D:\PollCreationBackend\PollCreationBackend\src\test\resources
2025-03-11 16:04:15,224 [Worker-8: Building] INFO  o.a.m.s.f.DefaultMavenResourcesFiltering - Copying 1 resource from src\main\resources to target\classes
2025-03-11 16:04:15,229 [Worker-8: Building] INFO  o.a.m.s.f.DefaultMavenResourcesFiltering - Copying 1 resource from src\main\resources to target\classes
2025-03-11 16:04:15,233 [Worker-8: Building] INFO  o.a.m.s.f.DefaultMavenResourcesFiltering - skip non existing resourceDirectory D:\PollCreationBackend\PollCreationBackend\src\test\resources
2025-03-11 16:04:49,880 [Worker-13: Building] INFO  o.a.m.s.f.DefaultMavenResourcesFiltering - Copying 1 resource from src\main\resources to target\classes
2025-03-11 16:04:49,883 [Worker-13: Building] INFO  o.a.m.s.f.DefaultMavenResourcesFiltering - Copying 1 resource from src\main\resources to target\classes
2025-03-11 16:04:49,885 [Worker-13: Building] INFO  o.a.m.s.f.DefaultMavenResourcesFiltering - skip non existing resourceDirectory D:\PollCreationBackend\PollCreationBackend\src\test\resources
2025-03-11 16:04:50,968 [Worker-15: Building] INFO  o.a.m.s.f.DefaultMavenResourcesFiltering - Copying 0 resource from src\main\resources to target\classes
2025-03-11 16:04:50,968 [Worker-15: Building] INFO  o.a.m.s.f.DefaultMavenResourcesFiltering - Copying 0 resource from src\main\resources to target\classes
2025-03-11 16:04:50,970 [Worker-15: Building] INFO  o.a.m.s.f.DefaultMavenResourcesFiltering - skip non existing resourceDirectory D:\PollCreationBackend\PollCreationBackend\src\test\resources
2025-03-11 16:05:24,774 [Worker-1: Building] INFO  o.a.m.s.f.DefaultMavenResourcesFiltering - Copying 1 resource from src\main\resources to target\classes
2025-03-11 16:05:24,777 [Worker-1: Building] INFO  o.a.m.s.f.DefaultMavenResourcesFiltering - Copying 1 resource from src\main\resources to target\classes
2025-03-11 16:05:24,779 [Worker-1: Building] INFO  o.a.m.s.f.DefaultMavenResourcesFiltering - skip non existing resourceDirectory D:\PollCreationBackend\PollCreationBackend\src\test\resources
2025-03-11 16:05:25,808 [Worker-0: Building] INFO  o.a.m.s.f.DefaultMavenResourcesFiltering - Copying 0 resource from src\main\resources to target\classes
2025-03-11 16:05:25,808 [Worker-0: Building] INFO  o.a.m.s.f.DefaultMavenResourcesFiltering - Copying 0 resource from src\main\resources to target\classes
2025-03-11 16:05:25,811 [Worker-0: Building] INFO  o.a.m.s.f.DefaultMavenResourcesFiltering - skip non existing resourceDirectory D:\PollCreationBackend\PollCreationBackend\src\test\resources
2025-03-11 16:06:46,414 [Worker-11: Building] INFO  o.a.m.s.f.DefaultMavenResourcesFiltering - Copying 1 resource from src\main\resources to target\classes
2025-03-11 16:06:46,417 [Worker-11: Building] INFO  o.a.m.s.f.DefaultMavenResourcesFiltering - Copying 1 resource from src\main\resources to target\classes
2025-03-11 16:06:46,419 [Worker-11: Building] INFO  o.a.m.s.f.DefaultMavenResourcesFiltering - skip non existing resourceDirectory D:\PollCreationBackend\PollCreationBackend\src\test\resources
2025-03-11 16:06:47,451 [Worker-1: Building] INFO  o.a.m.s.f.DefaultMavenResourcesFiltering - Copying 0 resource from src\main\resources to target\classes
2025-03-11 16:06:47,452 [Worker-1: Building] INFO  o.a.m.s.f.DefaultMavenResourcesFiltering - Copying 0 resource from src\main\resources to target\classes
2025-03-11 16:06:47,455 [Worker-1: Building] INFO  o.a.m.s.f.DefaultMavenResourcesFiltering - skip non existing resourceDirectory D:\PollCreationBackend\PollCreationBackend\src\test\resources
2025-03-11 16:10:01,816 [Worker-7: Building] INFO  o.a.m.s.f.DefaultMavenResourcesFiltering - Copying 1 resource from src\main\resources to target\classes
2025-03-11 16:10:01,822 [Worker-7: Building] INFO  o.a.m.s.f.DefaultMavenResourcesFiltering - Copying 1 resource from src\main\resources to target\classes
2025-03-11 16:10:01,825 [Worker-7: Building] INFO  o.a.m.s.f.DefaultMavenResourcesFiltering - skip non existing resourceDirectory D:\PollCreationBackend\PollCreationBackend\src\test\resources
2025-03-11 16:10:02,852 [Worker-0: Building] INFO  o.a.m.s.f.DefaultMavenResourcesFiltering - Copying 0 resource from src\main\resources to target\classes
2025-03-11 16:10:02,853 [Worker-0: Building] INFO  o.a.m.s.f.DefaultMavenResourcesFiltering - Copying 0 resource from src\main\resources to target\classes
2025-03-11 16:10:02,856 [Worker-0: Building] INFO  o.a.m.s.f.DefaultMavenResourcesFiltering - skip non existing resourceDirectory D:\PollCreationBackend\PollCreationBackend\src\test\resources
2025-03-11 16:10:07,147 [Worker-9: Building] INFO  o.a.m.s.f.DefaultMavenResourcesFiltering - Copying 1 resource from src\main\resources to target\classes
2025-03-11 16:10:07,150 [Worker-9: Building] INFO  o.a.m.s.f.DefaultMavenResourcesFiltering - Copying 1 resource from src\main\resources to target\classes
2025-03-11 16:10:07,152 [Worker-9: Building] INFO  o.a.m.s.f.DefaultMavenResourcesFiltering - skip non existing resourceDirectory D:\PollCreationBackend\PollCreationBackend\src\test\resources
2025-03-11 16:10:08,184 [Worker-5: Building] INFO  o.a.m.s.f.DefaultMavenResourcesFiltering - Copying 0 resource from src\main\resources to target\classes
2025-03-11 16:10:08,185 [Worker-5: Building] INFO  o.a.m.s.f.DefaultMavenResourcesFiltering - Copying 0 resource from src\main\resources to target\classes
2025-03-11 16:10:08,189 [Worker-5: Building] INFO  o.a.m.s.f.DefaultMavenResourcesFiltering - skip non existing resourceDirectory D:\PollCreationBackend\PollCreationBackend\src\test\resources
2025-03-11 16:10:58,553 [Worker-11: Building] INFO  o.a.m.s.f.DefaultMavenResourcesFiltering - Copying 1 resource from src\main\resources to target\classes
2025-03-11 16:10:58,557 [Worker-11: Building] INFO  o.a.m.s.f.DefaultMavenResourcesFiltering - Copying 1 resource from src\main\resources to target\classes
2025-03-11 16:10:58,561 [Worker-11: Building] INFO  o.a.m.s.f.DefaultMavenResourcesFiltering - skip non existing resourceDirectory D:\PollCreationBackend\PollCreationBackend\src\test\resources
2025-03-11 16:10:59,596 [Worker-3: Building] INFO  o.a.m.s.f.DefaultMavenResourcesFiltering - Copying 0 resource from src\main\resources to target\classes
2025-03-11 16:10:59,597 [Worker-3: Building] INFO  o.a.m.s.f.DefaultMavenResourcesFiltering - Copying 0 resource from src\main\resources to target\classes
2025-03-11 16:10:59,600 [Worker-3: Building] INFO  o.a.m.s.f.DefaultMavenResourcesFiltering - skip non existing resourceDirectory D:\PollCreationBackend\PollCreationBackend\src\test\resources
2025-03-11 16:11:56,834 [Worker-1: Building] INFO  o.a.m.s.f.DefaultMavenResourcesFiltering - Copying 1 resource from src\main\resources to target\classes
2025-03-11 16:11:56,837 [Worker-1: Building] INFO  o.a.m.s.f.DefaultMavenResourcesFiltering - Copying 1 resource from src\main\resources to target\classes
2025-03-11 16:11:56,841 [Worker-1: Building] INFO  o.a.m.s.f.DefaultMavenResourcesFiltering - skip non existing resourceDirectory D:\PollCreationBackend\PollCreationBackend\src\test\resources
2025-03-11 16:11:57,884 [Worker-7: Building] INFO  o.a.m.s.f.DefaultMavenResourcesFiltering - Copying 0 resource from src\main\resources to target\classes
2025-03-11 16:11:57,885 [Worker-7: Building] INFO  o.a.m.s.f.DefaultMavenResourcesFiltering - Copying 0 resource from src\main\resources to target\classes
2025-03-11 16:11:57,889 [Worker-7: Building] INFO  o.a.m.s.f.DefaultMavenResourcesFiltering - skip non existing resourceDirectory D:\PollCreationBackend\PollCreationBackend\src\test\resources
2025-03-11 16:12:12,968 [Worker-4: Building] INFO  o.a.m.s.f.DefaultMavenResourcesFiltering - Copying 0 resource from src\main\resources to target\classes
2025-03-11 16:12:12,969 [Worker-4: Building] INFO  o.a.m.s.f.DefaultMavenResourcesFiltering - Copying 0 resource from src\main\resources to target\classes
2025-03-11 16:12:12,971 [Worker-4: Building] INFO  o.a.m.s.f.DefaultMavenResourcesFiltering - skip non existing resourceDirectory D:\PollCreationBackend\PollCreationBackend\src\test\resources
2025-03-11 16:13:43,965 [Worker-1: Building] INFO  o.a.m.s.f.DefaultMavenResourcesFiltering - Copying 1 resource from src\main\resources to target\classes
2025-03-11 16:13:43,970 [Worker-1: Building] INFO  o.a.m.s.f.DefaultMavenResourcesFiltering - Copying 1 resource from src\main\resources to target\classes
2025-03-11 16:13:43,972 [Worker-1: Building] INFO  o.a.m.s.f.DefaultMavenResourcesFiltering - skip non existing resourceDirectory D:\PollCreationBackend\PollCreationBackend\src\test\resources
2025-03-11 16:14:48,662 [Worker-12: Launching Executing clean in D__PollCreationBackend_PollCreationBackend] INFO  o.eclipse.m2e.core.internal.Bundles - getClasspathEntries(Bundle=org.eclipse.m2e.maven.runtime_3.9.900.20240824-1409 [364])
2025-03-11 16:14:48,663 [Worker-12: Launching Executing clean in D__PollCreationBackend_PollCreationBackend] INFO  o.eclipse.m2e.core.internal.Bundles - 	Entry: D:\Downloads\SpringToolSuite\sts-4.28.1.RELEASE\plugins\org.eclipse.m2e.maven.runtime_3.9.900.20240824-1409
2025-03-11 16:14:48,663 [Worker-12: Launching Executing clean in D__PollCreationBackend_PollCreationBackend] INFO  o.eclipse.m2e.core.internal.Bundles - 	Entry: D:\Downloads\SpringToolSuite\sts-4.28.1.RELEASE\plugins\org.eclipse.m2e.maven.runtime_3.9.900.20240824-1409\jars\aopalliance-1.0.jar
2025-03-11 16:14:48,663 [Worker-12: Launching Executing clean in D__PollCreationBackend_PollCreationBackend] INFO  o.eclipse.m2e.core.internal.Bundles - 	Entry: D:\Downloads\SpringToolSuite\sts-4.28.1.RELEASE\plugins\org.eclipse.m2e.maven.runtime_3.9.900.20240824-1409\jars\guice-5.1.0.jar
2025-03-11 16:14:48,663 [Worker-12: Launching Executing clean in D__PollCreationBackend_PollCreationBackend] INFO  o.eclipse.m2e.core.internal.Bundles - 	Entry: D:\Downloads\SpringToolSuite\sts-4.28.1.RELEASE\plugins\org.eclipse.m2e.maven.runtime_3.9.900.20240824-1409\jars\httpclient-4.5.14.jar
2025-03-11 16:14:48,663 [Worker-12: Launching Executing clean in D__PollCreationBackend_PollCreationBackend] INFO  o.eclipse.m2e.core.internal.Bundles - 	Entry: D:\Downloads\SpringToolSuite\sts-4.28.1.RELEASE\plugins\org.eclipse.m2e.maven.runtime_3.9.900.20240824-1409\jars\httpcore-4.4.16.jar
2025-03-11 16:14:48,664 [Worker-12: Launching Executing clean in D__PollCreationBackend_PollCreationBackend] INFO  o.eclipse.m2e.core.internal.Bundles - 	Entry: D:\Downloads\SpringToolSuite\sts-4.28.1.RELEASE\plugins\org.eclipse.m2e.maven.runtime_3.9.900.20240824-1409\jars\jansi-2.4.1.jar
2025-03-11 16:14:48,664 [Worker-12: Launching Executing clean in D__PollCreationBackend_PollCreationBackend] INFO  o.eclipse.m2e.core.internal.Bundles - 	Entry: D:\Downloads\SpringToolSuite\sts-4.28.1.RELEASE\plugins\org.eclipse.m2e.maven.runtime_3.9.900.20240824-1409\jars\jcl-over-slf4j-1.7.36.jar
2025-03-11 16:14:48,664 [Worker-12: Launching Executing clean in D__PollCreationBackend_PollCreationBackend] INFO  o.eclipse.m2e.core.internal.Bundles - 	Entry: D:\Downloads\SpringToolSuite\sts-4.28.1.RELEASE\plugins\org.eclipse.m2e.maven.runtime_3.9.900.20240824-1409\jars\maven-artifact-3.9.9.jar
2025-03-11 16:14:48,664 [Worker-12: Launching Executing clean in D__PollCreationBackend_PollCreationBackend] INFO  o.eclipse.m2e.core.internal.Bundles - 	Entry: D:\Downloads\SpringToolSuite\sts-4.28.1.RELEASE\plugins\org.eclipse.m2e.maven.runtime_3.9.900.20240824-1409\jars\maven-builder-support-3.9.9.jar
2025-03-11 16:14:48,664 [Worker-12: Launching Executing clean in D__PollCreationBackend_PollCreationBackend] INFO  o.eclipse.m2e.core.internal.Bundles - 	Entry: D:\Downloads\SpringToolSuite\sts-4.28.1.RELEASE\plugins\org.eclipse.m2e.maven.runtime_3.9.900.20240824-1409\jars\maven-compat-3.9.9.jar
2025-03-11 16:14:48,664 [Worker-12: Launching Executing clean in D__PollCreationBackend_PollCreationBackend] INFO  o.eclipse.m2e.core.internal.Bundles - 	Entry: D:\Downloads\SpringToolSuite\sts-4.28.1.RELEASE\plugins\org.eclipse.m2e.maven.runtime_3.9.900.20240824-1409\jars\maven-core-3.9.9.jar
2025-03-11 16:14:48,664 [Worker-12: Launching Executing clean in D__PollCreationBackend_PollCreationBackend] INFO  o.eclipse.m2e.core.internal.Bundles - 	Entry: D:\Downloads\SpringToolSuite\sts-4.28.1.RELEASE\plugins\org.eclipse.m2e.maven.runtime_3.9.900.20240824-1409\jars\maven-embedder-3.9.9.jar
2025-03-11 16:14:48,664 [Worker-12: Launching Executing clean in D__PollCreationBackend_PollCreationBackend] INFO  o.eclipse.m2e.core.internal.Bundles - 	Entry: D:\Downloads\SpringToolSuite\sts-4.28.1.RELEASE\plugins\org.eclipse.m2e.maven.runtime_3.9.900.20240824-1409\jars\maven-model-3.9.9.jar
2025-03-11 16:14:48,664 [Worker-12: Launching Executing clean in D__PollCreationBackend_PollCreationBackend] INFO  o.eclipse.m2e.core.internal.Bundles - 	Entry: D:\Downloads\SpringToolSuite\sts-4.28.1.RELEASE\plugins\org.eclipse.m2e.maven.runtime_3.9.900.20240824-1409\jars\maven-model-builder-3.9.9.jar
2025-03-11 16:14:48,664 [Worker-12: Launching Executing clean in D__PollCreationBackend_PollCreationBackend] INFO  o.eclipse.m2e.core.internal.Bundles - 	Entry: D:\Downloads\SpringToolSuite\sts-4.28.1.RELEASE\plugins\org.eclipse.m2e.maven.runtime_3.9.900.20240824-1409\jars\maven-plugin-api-3.9.9.jar
2025-03-11 16:14:48,664 [Worker-12: Launching Executing clean in D__PollCreationBackend_PollCreationBackend] INFO  o.eclipse.m2e.core.internal.Bundles - 	Entry: D:\Downloads\SpringToolSuite\sts-4.28.1.RELEASE\plugins\org.eclipse.m2e.maven.runtime_3.9.900.20240824-1409\jars\maven-repository-metadata-3.9.9.jar
2025-03-11 16:14:48,665 [Worker-12: Launching Executing clean in D__PollCreationBackend_PollCreationBackend] INFO  o.eclipse.m2e.core.internal.Bundles - 	Entry: D:\Downloads\SpringToolSuite\sts-4.28.1.RELEASE\plugins\org.eclipse.m2e.maven.runtime_3.9.900.20240824-1409\jars\maven-resolver-api-1.9.22.jar
2025-03-11 16:14:48,665 [Worker-12: Launching Executing clean in D__PollCreationBackend_PollCreationBackend] INFO  o.eclipse.m2e.core.internal.Bundles - 	Entry: D:\Downloads\SpringToolSuite\sts-4.28.1.RELEASE\plugins\org.eclipse.m2e.maven.runtime_3.9.900.20240824-1409\jars\maven-resolver-connector-basic-1.9.22.jar
2025-03-11 16:14:48,665 [Worker-12: Launching Executing clean in D__PollCreationBackend_PollCreationBackend] INFO  o.eclipse.m2e.core.internal.Bundles - 	Entry: D:\Downloads\SpringToolSuite\sts-4.28.1.RELEASE\plugins\org.eclipse.m2e.maven.runtime_3.9.900.20240824-1409\jars\maven-resolver-impl-1.9.22.jar
2025-03-11 16:14:48,665 [Worker-12: Launching Executing clean in D__PollCreationBackend_PollCreationBackend] INFO  o.eclipse.m2e.core.internal.Bundles - 	Entry: D:\Downloads\SpringToolSuite\sts-4.28.1.RELEASE\plugins\org.eclipse.m2e.maven.runtime_3.9.900.20240824-1409\jars\maven-resolver-named-locks-1.9.22.jar
2025-03-11 16:14:48,665 [Worker-12: Launching Executing clean in D__PollCreationBackend_PollCreationBackend] INFO  o.eclipse.m2e.core.internal.Bundles - 	Entry: D:\Downloads\SpringToolSuite\sts-4.28.1.RELEASE\plugins\org.eclipse.m2e.maven.runtime_3.9.900.20240824-1409\jars\maven-resolver-provider-3.9.9.jar
2025-03-11 16:14:48,665 [Worker-12: Launching Executing clean in D__PollCreationBackend_PollCreationBackend] INFO  o.eclipse.m2e.core.internal.Bundles - 	Entry: D:\Downloads\SpringToolSuite\sts-4.28.1.RELEASE\plugins\org.eclipse.m2e.maven.runtime_3.9.900.20240824-1409\jars\maven-resolver-spi-1.9.22.jar
2025-03-11 16:14:48,665 [Worker-12: Launching Executing clean in D__PollCreationBackend_PollCreationBackend] INFO  o.eclipse.m2e.core.internal.Bundles - 	Entry: D:\Downloads\SpringToolSuite\sts-4.28.1.RELEASE\plugins\org.eclipse.m2e.maven.runtime_3.9.900.20240824-1409\jars\maven-resolver-transport-file-1.9.22.jar
2025-03-11 16:14:48,665 [Worker-12: Launching Executing clean in D__PollCreationBackend_PollCreationBackend] INFO  o.eclipse.m2e.core.internal.Bundles - 	Entry: D:\Downloads\SpringToolSuite\sts-4.28.1.RELEASE\plugins\org.eclipse.m2e.maven.runtime_3.9.900.20240824-1409\jars\maven-resolver-transport-http-1.9.22.jar
2025-03-11 16:14:48,665 [Worker-12: Launching Executing clean in D__PollCreationBackend_PollCreationBackend] INFO  o.eclipse.m2e.core.internal.Bundles - 	Entry: D:\Downloads\SpringToolSuite\sts-4.28.1.RELEASE\plugins\org.eclipse.m2e.maven.runtime_3.9.900.20240824-1409\jars\maven-resolver-transport-wagon-1.9.22.jar
2025-03-11 16:14:48,665 [Worker-12: Launching Executing clean in D__PollCreationBackend_PollCreationBackend] INFO  o.eclipse.m2e.core.internal.Bundles - 	Entry: D:\Downloads\SpringToolSuite\sts-4.28.1.RELEASE\plugins\org.eclipse.m2e.maven.runtime_3.9.900.20240824-1409\jars\maven-resolver-util-1.9.22.jar
2025-03-11 16:14:48,665 [Worker-12: Launching Executing clean in D__PollCreationBackend_PollCreationBackend] INFO  o.eclipse.m2e.core.internal.Bundles - 	Entry: D:\Downloads\SpringToolSuite\sts-4.28.1.RELEASE\plugins\org.eclipse.m2e.maven.runtime_3.9.900.20240824-1409\jars\maven-settings-3.9.9.jar
2025-03-11 16:14:48,665 [Worker-12: Launching Executing clean in D__PollCreationBackend_PollCreationBackend] INFO  o.eclipse.m2e.core.internal.Bundles - 	Entry: D:\Downloads\SpringToolSuite\sts-4.28.1.RELEASE\plugins\org.eclipse.m2e.maven.runtime_3.9.900.20240824-1409\jars\maven-settings-builder-3.9.9.jar
2025-03-11 16:14:48,665 [Worker-12: Launching Executing clean in D__PollCreationBackend_PollCreationBackend] INFO  o.eclipse.m2e.core.internal.Bundles - 	Entry: D:\Downloads\SpringToolSuite\sts-4.28.1.RELEASE\plugins\org.eclipse.m2e.maven.runtime_3.9.900.20240824-1409\jars\maven-shared-utils-3.4.2.jar
2025-03-11 16:14:48,665 [Worker-12: Launching Executing clean in D__PollCreationBackend_PollCreationBackend] INFO  o.eclipse.m2e.core.internal.Bundles - 	Entry: D:\Downloads\SpringToolSuite\sts-4.28.1.RELEASE\plugins\org.eclipse.m2e.maven.runtime_3.9.900.20240824-1409\jars\org.eclipse.sisu.inject-0.9.0.M3.jar
2025-03-11 16:14:48,667 [Worker-12: Launching Executing clean in D__PollCreationBackend_PollCreationBackend] INFO  o.eclipse.m2e.core.internal.Bundles - 	Entry: D:\Downloads\SpringToolSuite\sts-4.28.1.RELEASE\plugins\org.eclipse.m2e.maven.runtime_3.9.900.20240824-1409\jars\org.eclipse.sisu.plexus-0.9.0.M3.jar
2025-03-11 16:14:48,667 [Worker-12: Launching Executing clean in D__PollCreationBackend_PollCreationBackend] INFO  o.eclipse.m2e.core.internal.Bundles - 	Entry: D:\Downloads\SpringToolSuite\sts-4.28.1.RELEASE\plugins\org.eclipse.m2e.maven.runtime_3.9.900.20240824-1409\jars\plexus-build-api-0.0.7.jar
2025-03-11 16:14:48,667 [Worker-12: Launching Executing clean in D__PollCreationBackend_PollCreationBackend] INFO  o.eclipse.m2e.core.internal.Bundles - 	Entry: D:\Downloads\SpringToolSuite\sts-4.28.1.RELEASE\plugins\org.eclipse.m2e.maven.runtime_3.9.900.20240824-1409\jars\plexus-build-api-1.2.0.jar
2025-03-11 16:14:48,667 [Worker-12: Launching Executing clean in D__PollCreationBackend_PollCreationBackend] INFO  o.eclipse.m2e.core.internal.Bundles - 	Entry: D:\Downloads\SpringToolSuite\sts-4.28.1.RELEASE\plugins\org.eclipse.m2e.maven.runtime_3.9.900.20240824-1409\jars\plexus-cipher-2.0.jar
2025-03-11 16:14:48,667 [Worker-12: Launching Executing clean in D__PollCreationBackend_PollCreationBackend] INFO  o.eclipse.m2e.core.internal.Bundles - 	Entry: D:\Downloads\SpringToolSuite\sts-4.28.1.RELEASE\plugins\org.eclipse.m2e.maven.runtime_3.9.900.20240824-1409\jars\plexus-classworlds-2.8.0.jar
2025-03-11 16:14:48,667 [Worker-12: Launching Executing clean in D__PollCreationBackend_PollCreationBackend] INFO  o.eclipse.m2e.core.internal.Bundles - 	Entry: D:\Downloads\SpringToolSuite\sts-4.28.1.RELEASE\plugins\org.eclipse.m2e.maven.runtime_3.9.900.20240824-1409\jars\plexus-component-annotations-2.1.0.jar
2025-03-11 16:14:48,667 [Worker-12: Launching Executing clean in D__PollCreationBackend_PollCreationBackend] INFO  o.eclipse.m2e.core.internal.Bundles - 	Entry: D:\Downloads\SpringToolSuite\sts-4.28.1.RELEASE\plugins\org.eclipse.m2e.maven.runtime_3.9.900.20240824-1409\jars\plexus-interpolation-1.27.jar
2025-03-11 16:14:48,668 [Worker-12: Launching Executing clean in D__PollCreationBackend_PollCreationBackend] INFO  o.eclipse.m2e.core.internal.Bundles - 	Entry: D:\Downloads\SpringToolSuite\sts-4.28.1.RELEASE\plugins\org.eclipse.m2e.maven.runtime_3.9.900.20240824-1409\jars\plexus-sec-dispatcher-2.0.jar
2025-03-11 16:14:48,668 [Worker-12: Launching Executing clean in D__PollCreationBackend_PollCreationBackend] INFO  o.eclipse.m2e.core.internal.Bundles - 	Entry: D:\Downloads\SpringToolSuite\sts-4.28.1.RELEASE\plugins\org.eclipse.m2e.maven.runtime_3.9.900.20240824-1409\jars\plexus-utils-3.5.1.jar
2025-03-11 16:14:48,668 [Worker-12: Launching Executing clean in D__PollCreationBackend_PollCreationBackend] INFO  o.eclipse.m2e.core.internal.Bundles - 	Entry: D:\Downloads\SpringToolSuite\sts-4.28.1.RELEASE\plugins\org.eclipse.m2e.maven.runtime_3.9.900.20240824-1409\jars\plexus-xml-3.0.1.jar
2025-03-11 16:14:48,668 [Worker-12: Launching Executing clean in D__PollCreationBackend_PollCreationBackend] INFO  o.eclipse.m2e.core.internal.Bundles - 	Entry: D:\Downloads\SpringToolSuite\sts-4.28.1.RELEASE\plugins\org.eclipse.m2e.maven.runtime_3.9.900.20240824-1409\jars\wagon-file-3.5.3.jar
2025-03-11 16:14:48,668 [Worker-12: Launching Executing clean in D__PollCreationBackend_PollCreationBackend] INFO  o.eclipse.m2e.core.internal.Bundles - 	Entry: D:\Downloads\SpringToolSuite\sts-4.28.1.RELEASE\plugins\org.eclipse.m2e.maven.runtime_3.9.900.20240824-1409\jars\wagon-http-3.5.3.jar
2025-03-11 16:14:48,668 [Worker-12: Launching Executing clean in D__PollCreationBackend_PollCreationBackend] INFO  o.eclipse.m2e.core.internal.Bundles - 	Entry: D:\Downloads\SpringToolSuite\sts-4.28.1.RELEASE\plugins\org.eclipse.m2e.maven.runtime_3.9.900.20240824-1409\jars\wagon-http-shared-3.5.3.jar
2025-03-11 16:14:48,668 [Worker-12: Launching Executing clean in D__PollCreationBackend_PollCreationBackend] INFO  o.eclipse.m2e.core.internal.Bundles - 	Entry: D:\Downloads\SpringToolSuite\sts-4.28.1.RELEASE\plugins\org.eclipse.m2e.maven.runtime_3.9.900.20240824-1409\jars\wagon-provider-api-3.5.3.jar
2025-03-11 16:14:48,669 [Worker-12: Launching Executing clean in D__PollCreationBackend_PollCreationBackend] INFO  o.eclipse.m2e.core.internal.Bundles - getClasspathEntries(Bundle=com.google.guava_33.3.1.jre [29])
2025-03-11 16:14:48,670 [Worker-12: Launching Executing clean in D__PollCreationBackend_PollCreationBackend] INFO  o.eclipse.m2e.core.internal.Bundles - 	Entry: D:\Downloads\SpringToolSuite\sts-4.28.1.RELEASE\plugins\com.google.guava_33.3.1.jre.jar
2025-03-11 16:14:48,670 [Worker-12: Launching Executing clean in D__PollCreationBackend_PollCreationBackend] INFO  o.eclipse.m2e.core.internal.Bundles - getClasspathEntries(Bundle=slf4j.api_2.0.16 [615])
2025-03-11 16:14:48,670 [Worker-12: Launching Executing clean in D__PollCreationBackend_PollCreationBackend] INFO  o.eclipse.m2e.core.internal.Bundles - 	Entry: D:\Downloads\SpringToolSuite\sts-4.28.1.RELEASE\plugins\slf4j.api_2.0.16.jar
2025-03-11 16:14:48,670 [Worker-12: Launching Executing clean in D__PollCreationBackend_PollCreationBackend] INFO  o.eclipse.m2e.core.internal.Bundles - getClasspathEntries(Bundle=jakarta.inject.jakarta.inject-api_1.0.5 [45])
2025-03-11 16:14:48,670 [Worker-12: Launching Executing clean in D__PollCreationBackend_PollCreationBackend] INFO  o.eclipse.m2e.core.internal.Bundles - 	Entry: D:\Downloads\SpringToolSuite\sts-4.28.1.RELEASE\plugins\jakarta.inject.jakarta.inject-api_1.0.5.jar
2025-03-11 16:14:48,670 [Worker-12: Launching Executing clean in D__PollCreationBackend_PollCreationBackend] INFO  o.eclipse.m2e.core.internal.Bundles - getClasspathEntries(Bundle=jakarta.annotation-api_1.3.5 [41])
2025-03-11 16:14:48,670 [Worker-12: Launching Executing clean in D__PollCreationBackend_PollCreationBackend] INFO  o.eclipse.m2e.core.internal.Bundles - 	Entry: D:\Downloads\SpringToolSuite\sts-4.28.1.RELEASE\plugins\jakarta.annotation-api_1.3.5.jar
2025-03-11 16:14:48,670 [Worker-12: Launching Executing clean in D__PollCreationBackend_PollCreationBackend] INFO  o.eclipse.m2e.core.internal.Bundles - getClasspathEntries(Bundle=org.apache.commons.cli_1.9.0 [78])
2025-03-11 16:14:48,670 [Worker-12: Launching Executing clean in D__PollCreationBackend_PollCreationBackend] INFO  o.eclipse.m2e.core.internal.Bundles - 	Entry: D:\Downloads\SpringToolSuite\sts-4.28.1.RELEASE\plugins\org.apache.commons.cli_1.9.0.jar
2025-03-11 16:14:48,670 [Worker-12: Launching Executing clean in D__PollCreationBackend_PollCreationBackend] INFO  o.eclipse.m2e.core.internal.Bundles - getClasspathEntries(Bundle=org.apache.commons.commons-codec_1.16.0 [81])
2025-03-11 16:14:48,670 [Worker-12: Launching Executing clean in D__PollCreationBackend_PollCreationBackend] INFO  o.eclipse.m2e.core.internal.Bundles - 	Entry: D:\Downloads\SpringToolSuite\sts-4.28.1.RELEASE\plugins\org.apache.commons.commons-codec_1.16.0.jar
2025-03-11 16:14:48,671 [Worker-12: Launching Executing clean in D__PollCreationBackend_PollCreationBackend] INFO  o.eclipse.m2e.core.internal.Bundles - getClasspathEntries(Bundle=com.google.guava.failureaccess_1.0.2 [30])
2025-03-11 16:14:48,671 [Worker-12: Launching Executing clean in D__PollCreationBackend_PollCreationBackend] INFO  o.eclipse.m2e.core.internal.Bundles - 	Entry: D:\Downloads\SpringToolSuite\sts-4.28.1.RELEASE\plugins\com.google.guava.failureaccess_1.0.2.jar
2025-03-11 16:14:48,675 [Worker-12: Launching Executing clean in D__PollCreationBackend_PollCreationBackend] INFO  o.e.m.i.launch.MavenLaunchDelegate - Run build in "D:\PollCreationBackend\PollCreationBackend":
2025-03-11 16:14:48,679 [Worker-12: Launching Executing clean in D__PollCreationBackend_PollCreationBackend] INFO  o.e.m.i.launch.MavenLaunchDelegate -  mvn  -Ppom.xml -B -Dstyle.color=always clean
2025-03-11 16:14:51,155 [Worker-4: Building] INFO  o.a.m.s.f.DefaultMavenResourcesFiltering - Copying 1 resource from src\main\resources to target\classes
2025-03-11 16:14:51,156 [Worker-4: Building] INFO  o.a.m.s.f.DefaultMavenResourcesFiltering - Copying 1 resource from src\main\resources to target\classes
2025-03-11 16:14:51,159 [Worker-4: Building] INFO  o.a.m.s.f.DefaultMavenResourcesFiltering - skip non existing resourceDirectory D:\PollCreationBackend\PollCreationBackend\src\test\resources
2025-03-11 16:15:59,366 [Worker-9: Building] INFO  o.a.m.s.f.DefaultMavenResourcesFiltering - Copying 1 resource from src\main\resources to target\classes
2025-03-11 16:15:59,370 [Worker-9: Building] INFO  o.a.m.s.f.DefaultMavenResourcesFiltering - Copying 1 resource from src\main\resources to target\classes
2025-03-11 16:15:59,372 [Worker-9: Building] INFO  o.a.m.s.f.DefaultMavenResourcesFiltering - skip non existing resourceDirectory D:\PollCreationBackend\PollCreationBackend\src\test\resources
2025-03-11 16:16:10,211 [Worker-15: Launching Executing clean in D__PollCreationBackend_PollCreationBackend] INFO  o.eclipse.m2e.core.internal.Bundles - getClasspathEntries(Bundle=org.eclipse.m2e.maven.runtime_3.9.900.20240824-1409 [364])
2025-03-11 16:16:10,211 [Worker-15: Launching Executing clean in D__PollCreationBackend_PollCreationBackend] INFO  o.eclipse.m2e.core.internal.Bundles - 	Entry: D:\Downloads\SpringToolSuite\sts-4.28.1.RELEASE\plugins\org.eclipse.m2e.maven.runtime_3.9.900.20240824-1409
2025-03-11 16:16:10,211 [Worker-15: Launching Executing clean in D__PollCreationBackend_PollCreationBackend] INFO  o.eclipse.m2e.core.internal.Bundles - 	Entry: D:\Downloads\SpringToolSuite\sts-4.28.1.RELEASE\plugins\org.eclipse.m2e.maven.runtime_3.9.900.20240824-1409\jars\aopalliance-1.0.jar
2025-03-11 16:16:10,211 [Worker-15: Launching Executing clean in D__PollCreationBackend_PollCreationBackend] INFO  o.eclipse.m2e.core.internal.Bundles - 	Entry: D:\Downloads\SpringToolSuite\sts-4.28.1.RELEASE\plugins\org.eclipse.m2e.maven.runtime_3.9.900.20240824-1409\jars\guice-5.1.0.jar
2025-03-11 16:16:10,212 [Worker-15: Launching Executing clean in D__PollCreationBackend_PollCreationBackend] INFO  o.eclipse.m2e.core.internal.Bundles - 	Entry: D:\Downloads\SpringToolSuite\sts-4.28.1.RELEASE\plugins\org.eclipse.m2e.maven.runtime_3.9.900.20240824-1409\jars\httpclient-4.5.14.jar
2025-03-11 16:16:10,212 [Worker-15: Launching Executing clean in D__PollCreationBackend_PollCreationBackend] INFO  o.eclipse.m2e.core.internal.Bundles - 	Entry: D:\Downloads\SpringToolSuite\sts-4.28.1.RELEASE\plugins\org.eclipse.m2e.maven.runtime_3.9.900.20240824-1409\jars\httpcore-4.4.16.jar
2025-03-11 16:16:10,212 [Worker-15: Launching Executing clean in D__PollCreationBackend_PollCreationBackend] INFO  o.eclipse.m2e.core.internal.Bundles - 	Entry: D:\Downloads\SpringToolSuite\sts-4.28.1.RELEASE\plugins\org.eclipse.m2e.maven.runtime_3.9.900.20240824-1409\jars\jansi-2.4.1.jar
2025-03-11 16:16:10,212 [Worker-15: Launching Executing clean in D__PollCreationBackend_PollCreationBackend] INFO  o.eclipse.m2e.core.internal.Bundles - 	Entry: D:\Downloads\SpringToolSuite\sts-4.28.1.RELEASE\plugins\org.eclipse.m2e.maven.runtime_3.9.900.20240824-1409\jars\jcl-over-slf4j-1.7.36.jar
2025-03-11 16:16:10,212 [Worker-15: Launching Executing clean in D__PollCreationBackend_PollCreationBackend] INFO  o.eclipse.m2e.core.internal.Bundles - 	Entry: D:\Downloads\SpringToolSuite\sts-4.28.1.RELEASE\plugins\org.eclipse.m2e.maven.runtime_3.9.900.20240824-1409\jars\maven-artifact-3.9.9.jar
2025-03-11 16:16:10,212 [Worker-15: Launching Executing clean in D__PollCreationBackend_PollCreationBackend] INFO  o.eclipse.m2e.core.internal.Bundles - 	Entry: D:\Downloads\SpringToolSuite\sts-4.28.1.RELEASE\plugins\org.eclipse.m2e.maven.runtime_3.9.900.20240824-1409\jars\maven-builder-support-3.9.9.jar
2025-03-11 16:16:10,212 [Worker-15: Launching Executing clean in D__PollCreationBackend_PollCreationBackend] INFO  o.eclipse.m2e.core.internal.Bundles - 	Entry: D:\Downloads\SpringToolSuite\sts-4.28.1.RELEASE\plugins\org.eclipse.m2e.maven.runtime_3.9.900.20240824-1409\jars\maven-compat-3.9.9.jar
2025-03-11 16:16:10,212 [Worker-15: Launching Executing clean in D__PollCreationBackend_PollCreationBackend] INFO  o.eclipse.m2e.core.internal.Bundles - 	Entry: D:\Downloads\SpringToolSuite\sts-4.28.1.RELEASE\plugins\org.eclipse.m2e.maven.runtime_3.9.900.20240824-1409\jars\maven-core-3.9.9.jar
2025-03-11 16:16:10,212 [Worker-15: Launching Executing clean in D__PollCreationBackend_PollCreationBackend] INFO  o.eclipse.m2e.core.internal.Bundles - 	Entry: D:\Downloads\SpringToolSuite\sts-4.28.1.RELEASE\plugins\org.eclipse.m2e.maven.runtime_3.9.900.20240824-1409\jars\maven-embedder-3.9.9.jar
2025-03-11 16:16:10,212 [Worker-15: Launching Executing clean in D__PollCreationBackend_PollCreationBackend] INFO  o.eclipse.m2e.core.internal.Bundles - 	Entry: D:\Downloads\SpringToolSuite\sts-4.28.1.RELEASE\plugins\org.eclipse.m2e.maven.runtime_3.9.900.20240824-1409\jars\maven-model-3.9.9.jar
2025-03-11 16:16:10,213 [Worker-15: Launching Executing clean in D__PollCreationBackend_PollCreationBackend] INFO  o.eclipse.m2e.core.internal.Bundles - 	Entry: D:\Downloads\SpringToolSuite\sts-4.28.1.RELEASE\plugins\org.eclipse.m2e.maven.runtime_3.9.900.20240824-1409\jars\maven-model-builder-3.9.9.jar
2025-03-11 16:16:10,213 [Worker-15: Launching Executing clean in D__PollCreationBackend_PollCreationBackend] INFO  o.eclipse.m2e.core.internal.Bundles - 	Entry: D:\Downloads\SpringToolSuite\sts-4.28.1.RELEASE\plugins\org.eclipse.m2e.maven.runtime_3.9.900.20240824-1409\jars\maven-plugin-api-3.9.9.jar
2025-03-11 16:16:10,213 [Worker-15: Launching Executing clean in D__PollCreationBackend_PollCreationBackend] INFO  o.eclipse.m2e.core.internal.Bundles - 	Entry: D:\Downloads\SpringToolSuite\sts-4.28.1.RELEASE\plugins\org.eclipse.m2e.maven.runtime_3.9.900.20240824-1409\jars\maven-repository-metadata-3.9.9.jar
2025-03-11 16:16:10,213 [Worker-15: Launching Executing clean in D__PollCreationBackend_PollCreationBackend] INFO  o.eclipse.m2e.core.internal.Bundles - 	Entry: D:\Downloads\SpringToolSuite\sts-4.28.1.RELEASE\plugins\org.eclipse.m2e.maven.runtime_3.9.900.20240824-1409\jars\maven-resolver-api-1.9.22.jar
2025-03-11 16:16:10,213 [Worker-15: Launching Executing clean in D__PollCreationBackend_PollCreationBackend] INFO  o.eclipse.m2e.core.internal.Bundles - 	Entry: D:\Downloads\SpringToolSuite\sts-4.28.1.RELEASE\plugins\org.eclipse.m2e.maven.runtime_3.9.900.20240824-1409\jars\maven-resolver-connector-basic-1.9.22.jar
2025-03-11 16:16:10,213 [Worker-15: Launching Executing clean in D__PollCreationBackend_PollCreationBackend] INFO  o.eclipse.m2e.core.internal.Bundles - 	Entry: D:\Downloads\SpringToolSuite\sts-4.28.1.RELEASE\plugins\org.eclipse.m2e.maven.runtime_3.9.900.20240824-1409\jars\maven-resolver-impl-1.9.22.jar
2025-03-11 16:16:10,213 [Worker-15: Launching Executing clean in D__PollCreationBackend_PollCreationBackend] INFO  o.eclipse.m2e.core.internal.Bundles - 	Entry: D:\Downloads\SpringToolSuite\sts-4.28.1.RELEASE\plugins\org.eclipse.m2e.maven.runtime_3.9.900.20240824-1409\jars\maven-resolver-named-locks-1.9.22.jar
2025-03-11 16:16:10,213 [Worker-15: Launching Executing clean in D__PollCreationBackend_PollCreationBackend] INFO  o.eclipse.m2e.core.internal.Bundles - 	Entry: D:\Downloads\SpringToolSuite\sts-4.28.1.RELEASE\plugins\org.eclipse.m2e.maven.runtime_3.9.900.20240824-1409\jars\maven-resolver-provider-3.9.9.jar
2025-03-11 16:16:10,213 [Worker-15: Launching Executing clean in D__PollCreationBackend_PollCreationBackend] INFO  o.eclipse.m2e.core.internal.Bundles - 	Entry: D:\Downloads\SpringToolSuite\sts-4.28.1.RELEASE\plugins\org.eclipse.m2e.maven.runtime_3.9.900.20240824-1409\jars\maven-resolver-spi-1.9.22.jar
2025-03-11 16:16:10,213 [Worker-15: Launching Executing clean in D__PollCreationBackend_PollCreationBackend] INFO  o.eclipse.m2e.core.internal.Bundles - 	Entry: D:\Downloads\SpringToolSuite\sts-4.28.1.RELEASE\plugins\org.eclipse.m2e.maven.runtime_3.9.900.20240824-1409\jars\maven-resolver-transport-file-1.9.22.jar
2025-03-11 16:16:10,213 [Worker-15: Launching Executing clean in D__PollCreationBackend_PollCreationBackend] INFO  o.eclipse.m2e.core.internal.Bundles - 	Entry: D:\Downloads\SpringToolSuite\sts-4.28.1.RELEASE\plugins\org.eclipse.m2e.maven.runtime_3.9.900.20240824-1409\jars\maven-resolver-transport-http-1.9.22.jar
2025-03-11 16:16:10,213 [Worker-15: Launching Executing clean in D__PollCreationBackend_PollCreationBackend] INFO  o.eclipse.m2e.core.internal.Bundles - 	Entry: D:\Downloads\SpringToolSuite\sts-4.28.1.RELEASE\plugins\org.eclipse.m2e.maven.runtime_3.9.900.20240824-1409\jars\maven-resolver-transport-wagon-1.9.22.jar
2025-03-11 16:16:10,213 [Worker-15: Launching Executing clean in D__PollCreationBackend_PollCreationBackend] INFO  o.eclipse.m2e.core.internal.Bundles - 	Entry: D:\Downloads\SpringToolSuite\sts-4.28.1.RELEASE\plugins\org.eclipse.m2e.maven.runtime_3.9.900.20240824-1409\jars\maven-resolver-util-1.9.22.jar
2025-03-11 16:16:10,213 [Worker-15: Launching Executing clean in D__PollCreationBackend_PollCreationBackend] INFO  o.eclipse.m2e.core.internal.Bundles - 	Entry: D:\Downloads\SpringToolSuite\sts-4.28.1.RELEASE\plugins\org.eclipse.m2e.maven.runtime_3.9.900.20240824-1409\jars\maven-settings-3.9.9.jar
2025-03-11 16:16:10,213 [Worker-15: Launching Executing clean in D__PollCreationBackend_PollCreationBackend] INFO  o.eclipse.m2e.core.internal.Bundles - 	Entry: D:\Downloads\SpringToolSuite\sts-4.28.1.RELEASE\plugins\org.eclipse.m2e.maven.runtime_3.9.900.20240824-1409\jars\maven-settings-builder-3.9.9.jar
2025-03-11 16:16:10,213 [Worker-15: Launching Executing clean in D__PollCreationBackend_PollCreationBackend] INFO  o.eclipse.m2e.core.internal.Bundles - 	Entry: D:\Downloads\SpringToolSuite\sts-4.28.1.RELEASE\plugins\org.eclipse.m2e.maven.runtime_3.9.900.20240824-1409\jars\maven-shared-utils-3.4.2.jar
2025-03-11 16:16:10,213 [Worker-15: Launching Executing clean in D__PollCreationBackend_PollCreationBackend] INFO  o.eclipse.m2e.core.internal.Bundles - 	Entry: D:\Downloads\SpringToolSuite\sts-4.28.1.RELEASE\plugins\org.eclipse.m2e.maven.runtime_3.9.900.20240824-1409\jars\org.eclipse.sisu.inject-0.9.0.M3.jar
2025-03-11 16:16:10,215 [Worker-15: Launching Executing clean in D__PollCreationBackend_PollCreationBackend] INFO  o.eclipse.m2e.core.internal.Bundles - 	Entry: D:\Downloads\SpringToolSuite\sts-4.28.1.RELEASE\plugins\org.eclipse.m2e.maven.runtime_3.9.900.20240824-1409\jars\org.eclipse.sisu.plexus-0.9.0.M3.jar
2025-03-11 16:16:10,215 [Worker-15: Launching Executing clean in D__PollCreationBackend_PollCreationBackend] INFO  o.eclipse.m2e.core.internal.Bundles - 	Entry: D:\Downloads\SpringToolSuite\sts-4.28.1.RELEASE\plugins\org.eclipse.m2e.maven.runtime_3.9.900.20240824-1409\jars\plexus-build-api-0.0.7.jar
2025-03-11 16:16:10,215 [Worker-15: Launching Executing clean in D__PollCreationBackend_PollCreationBackend] INFO  o.eclipse.m2e.core.internal.Bundles - 	Entry: D:\Downloads\SpringToolSuite\sts-4.28.1.RELEASE\plugins\org.eclipse.m2e.maven.runtime_3.9.900.20240824-1409\jars\plexus-build-api-1.2.0.jar
2025-03-11 16:16:10,215 [Worker-15: Launching Executing clean in D__PollCreationBackend_PollCreationBackend] INFO  o.eclipse.m2e.core.internal.Bundles - 	Entry: D:\Downloads\SpringToolSuite\sts-4.28.1.RELEASE\plugins\org.eclipse.m2e.maven.runtime_3.9.900.20240824-1409\jars\plexus-cipher-2.0.jar
2025-03-11 16:16:10,215 [Worker-15: Launching Executing clean in D__PollCreationBackend_PollCreationBackend] INFO  o.eclipse.m2e.core.internal.Bundles - 	Entry: D:\Downloads\SpringToolSuite\sts-4.28.1.RELEASE\plugins\org.eclipse.m2e.maven.runtime_3.9.900.20240824-1409\jars\plexus-classworlds-2.8.0.jar
2025-03-11 16:16:10,215 [Worker-15: Launching Executing clean in D__PollCreationBackend_PollCreationBackend] INFO  o.eclipse.m2e.core.internal.Bundles - 	Entry: D:\Downloads\SpringToolSuite\sts-4.28.1.RELEASE\plugins\org.eclipse.m2e.maven.runtime_3.9.900.20240824-1409\jars\plexus-component-annotations-2.1.0.jar
2025-03-11 16:16:10,216 [Worker-15: Launching Executing clean in D__PollCreationBackend_PollCreationBackend] INFO  o.eclipse.m2e.core.internal.Bundles - 	Entry: D:\Downloads\SpringToolSuite\sts-4.28.1.RELEASE\plugins\org.eclipse.m2e.maven.runtime_3.9.900.20240824-1409\jars\plexus-interpolation-1.27.jar
2025-03-11 16:16:10,216 [Worker-15: Launching Executing clean in D__PollCreationBackend_PollCreationBackend] INFO  o.eclipse.m2e.core.internal.Bundles - 	Entry: D:\Downloads\SpringToolSuite\sts-4.28.1.RELEASE\plugins\org.eclipse.m2e.maven.runtime_3.9.900.20240824-1409\jars\plexus-sec-dispatcher-2.0.jar
2025-03-11 16:16:10,216 [Worker-15: Launching Executing clean in D__PollCreationBackend_PollCreationBackend] INFO  o.eclipse.m2e.core.internal.Bundles - 	Entry: D:\Downloads\SpringToolSuite\sts-4.28.1.RELEASE\plugins\org.eclipse.m2e.maven.runtime_3.9.900.20240824-1409\jars\plexus-utils-3.5.1.jar
2025-03-11 16:16:10,216 [Worker-15: Launching Executing clean in D__PollCreationBackend_PollCreationBackend] INFO  o.eclipse.m2e.core.internal.Bundles - 	Entry: D:\Downloads\SpringToolSuite\sts-4.28.1.RELEASE\plugins\org.eclipse.m2e.maven.runtime_3.9.900.20240824-1409\jars\plexus-xml-3.0.1.jar
2025-03-11 16:16:10,216 [Worker-15: Launching Executing clean in D__PollCreationBackend_PollCreationBackend] INFO  o.eclipse.m2e.core.internal.Bundles - 	Entry: D:\Downloads\SpringToolSuite\sts-4.28.1.RELEASE\plugins\org.eclipse.m2e.maven.runtime_3.9.900.20240824-1409\jars\wagon-file-3.5.3.jar
2025-03-11 16:16:10,216 [Worker-15: Launching Executing clean in D__PollCreationBackend_PollCreationBackend] INFO  o.eclipse.m2e.core.internal.Bundles - 	Entry: D:\Downloads\SpringToolSuite\sts-4.28.1.RELEASE\plugins\org.eclipse.m2e.maven.runtime_3.9.900.20240824-1409\jars\wagon-http-3.5.3.jar
2025-03-11 16:16:10,216 [Worker-15: Launching Executing clean in D__PollCreationBackend_PollCreationBackend] INFO  o.eclipse.m2e.core.internal.Bundles - 	Entry: D:\Downloads\SpringToolSuite\sts-4.28.1.RELEASE\plugins\org.eclipse.m2e.maven.runtime_3.9.900.20240824-1409\jars\wagon-http-shared-3.5.3.jar
2025-03-11 16:16:10,216 [Worker-15: Launching Executing clean in D__PollCreationBackend_PollCreationBackend] INFO  o.eclipse.m2e.core.internal.Bundles - 	Entry: D:\Downloads\SpringToolSuite\sts-4.28.1.RELEASE\plugins\org.eclipse.m2e.maven.runtime_3.9.900.20240824-1409\jars\wagon-provider-api-3.5.3.jar
2025-03-11 16:16:10,216 [Worker-15: Launching Executing clean in D__PollCreationBackend_PollCreationBackend] INFO  o.eclipse.m2e.core.internal.Bundles - getClasspathEntries(Bundle=com.google.guava_33.3.1.jre [29])
2025-03-11 16:16:10,217 [Worker-15: Launching Executing clean in D__PollCreationBackend_PollCreationBackend] INFO  o.eclipse.m2e.core.internal.Bundles - 	Entry: D:\Downloads\SpringToolSuite\sts-4.28.1.RELEASE\plugins\com.google.guava_33.3.1.jre.jar
2025-03-11 16:16:10,217 [Worker-15: Launching Executing clean in D__PollCreationBackend_PollCreationBackend] INFO  o.eclipse.m2e.core.internal.Bundles - getClasspathEntries(Bundle=slf4j.api_2.0.16 [615])
2025-03-11 16:16:10,217 [Worker-15: Launching Executing clean in D__PollCreationBackend_PollCreationBackend] INFO  o.eclipse.m2e.core.internal.Bundles - 	Entry: D:\Downloads\SpringToolSuite\sts-4.28.1.RELEASE\plugins\slf4j.api_2.0.16.jar
2025-03-11 16:16:10,217 [Worker-15: Launching Executing clean in D__PollCreationBackend_PollCreationBackend] INFO  o.eclipse.m2e.core.internal.Bundles - getClasspathEntries(Bundle=jakarta.inject.jakarta.inject-api_1.0.5 [45])
2025-03-11 16:16:10,217 [Worker-15: Launching Executing clean in D__PollCreationBackend_PollCreationBackend] INFO  o.eclipse.m2e.core.internal.Bundles - 	Entry: D:\Downloads\SpringToolSuite\sts-4.28.1.RELEASE\plugins\jakarta.inject.jakarta.inject-api_1.0.5.jar
2025-03-11 16:16:10,217 [Worker-15: Launching Executing clean in D__PollCreationBackend_PollCreationBackend] INFO  o.eclipse.m2e.core.internal.Bundles - getClasspathEntries(Bundle=jakarta.annotation-api_1.3.5 [41])
2025-03-11 16:16:10,217 [Worker-15: Launching Executing clean in D__PollCreationBackend_PollCreationBackend] INFO  o.eclipse.m2e.core.internal.Bundles - 	Entry: D:\Downloads\SpringToolSuite\sts-4.28.1.RELEASE\plugins\jakarta.annotation-api_1.3.5.jar
2025-03-11 16:16:10,217 [Worker-15: Launching Executing clean in D__PollCreationBackend_PollCreationBackend] INFO  o.eclipse.m2e.core.internal.Bundles - getClasspathEntries(Bundle=org.apache.commons.cli_1.9.0 [78])
2025-03-11 16:16:10,218 [Worker-15: Launching Executing clean in D__PollCreationBackend_PollCreationBackend] INFO  o.eclipse.m2e.core.internal.Bundles - 	Entry: D:\Downloads\SpringToolSuite\sts-4.28.1.RELEASE\plugins\org.apache.commons.cli_1.9.0.jar
2025-03-11 16:16:10,218 [Worker-15: Launching Executing clean in D__PollCreationBackend_PollCreationBackend] INFO  o.eclipse.m2e.core.internal.Bundles - getClasspathEntries(Bundle=org.apache.commons.commons-codec_1.16.0 [81])
2025-03-11 16:16:10,218 [Worker-15: Launching Executing clean in D__PollCreationBackend_PollCreationBackend] INFO  o.eclipse.m2e.core.internal.Bundles - 	Entry: D:\Downloads\SpringToolSuite\sts-4.28.1.RELEASE\plugins\org.apache.commons.commons-codec_1.16.0.jar
2025-03-11 16:16:10,218 [Worker-15: Launching Executing clean in D__PollCreationBackend_PollCreationBackend] INFO  o.eclipse.m2e.core.internal.Bundles - getClasspathEntries(Bundle=com.google.guava.failureaccess_1.0.2 [30])
2025-03-11 16:16:10,218 [Worker-15: Launching Executing clean in D__PollCreationBackend_PollCreationBackend] INFO  o.eclipse.m2e.core.internal.Bundles - 	Entry: D:\Downloads\SpringToolSuite\sts-4.28.1.RELEASE\plugins\com.google.guava.failureaccess_1.0.2.jar
2025-03-11 16:16:10,219 [Worker-15: Launching Executing clean in D__PollCreationBackend_PollCreationBackend] INFO  o.e.m.i.launch.MavenLaunchDelegate - Run build in "D:\PollCreationBackend\PollCreationBackend":
2025-03-11 16:16:10,219 [Worker-15: Launching Executing clean in D__PollCreationBackend_PollCreationBackend] INFO  o.e.m.i.launch.MavenLaunchDelegate -  mvn  -Ppom.xml -B -Dstyle.color=always clean
2025-03-11 16:16:12,458 [Worker-1: Building] INFO  o.a.m.s.f.DefaultMavenResourcesFiltering - Copying 1 resource from src\main\resources to target\classes
2025-03-11 16:16:12,459 [Worker-1: Building] INFO  o.a.m.s.f.DefaultMavenResourcesFiltering - Copying 1 resource from src\main\resources to target\classes
2025-03-11 16:16:12,461 [Worker-1: Building] INFO  o.a.m.s.f.DefaultMavenResourcesFiltering - skip non existing resourceDirectory D:\PollCreationBackend\PollCreationBackend\src\test\resources
2025-03-11 16:16:13,502 [Worker-8: Building] INFO  o.a.m.s.f.DefaultMavenResourcesFiltering - Copying 0 resource from src\main\resources to target\classes
2025-03-11 16:16:13,502 [Worker-8: Building] INFO  o.a.m.s.f.DefaultMavenResourcesFiltering - Copying 0 resource from src\main\resources to target\classes
2025-03-11 16:16:13,504 [Worker-8: Building] INFO  o.a.m.s.f.DefaultMavenResourcesFiltering - skip non existing resourceDirectory D:\PollCreationBackend\PollCreationBackend\src\test\resources
2025-03-11 16:16:29,931 [Worker-4: Updating Maven Project] INFO  o.e.m.c.i.p.ProjectConfigurationManager - Update started
2025-03-11 16:16:30,410 [Worker-4: Updating Maven Project] INFO  o.e.m.c.i.l.LifecycleMappingFactory - Using org.eclipse.m2e.jdt.JarLifecycleMapping lifecycle mapping for MavenProject: com.akanksh:PollCreationBackend:0.0.1-SNAPSHOT @ D:\PollCreationBackend\PollCreationBackend\pom.xml.
2025-03-11 16:16:31,036 [Worker-4: Updating Maven Project] INFO  o.e.m.j.i.AbstractJavaProjectConfigurator - Adding source folder /PollCreationBackend/src/main/java
2025-03-11 16:16:31,038 [Worker-4: Updating Maven Project] INFO  o.e.m.j.i.AbstractJavaProjectConfigurator - Adding resource folder /PollCreationBackend/src/main/resources
2025-03-11 16:16:31,039 [Worker-4: Updating Maven Project] INFO  o.e.m.j.i.AbstractJavaProjectConfigurator - Adding resource folder /PollCreationBackend/src/main/resources
2025-03-11 16:16:31,040 [Worker-4: Updating Maven Project] INFO  o.e.m.j.i.AbstractJavaProjectConfigurator - Adding source folder /PollCreationBackend/src/test/java
2025-03-11 16:16:31,040 [Worker-4: Updating Maven Project] INFO  o.e.m.j.i.AbstractJavaProjectConfigurator - Adding resource folder /PollCreationBackend/src/test/resources
2025-03-11 16:16:31,314 [Worker-4: Updating Maven Project] INFO  o.e.m.c.i.p.ProjectConfigurationManager - Update completed for 1 poms: local refresh takes 0.00 sec, refresh facades takes 0.00 sec, update config takes 0.00 sec 
2025-03-11 16:16:31,677 [Worker-14: Building] INFO  o.a.m.s.f.DefaultMavenResourcesFiltering - Copying 1 resource from src\main\resources to target\classes
2025-03-11 16:16:31,698 [Worker-14: Building] INFO  o.a.m.s.f.DefaultMavenResourcesFiltering - Copying 1 resource from src\main\resources to target\classes
2025-03-11 16:16:31,706 [Worker-14: Building] INFO  o.a.m.s.f.DefaultMavenResourcesFiltering - skip non existing resourceDirectory D:\PollCreationBackend\PollCreationBackend\src\test\resources
2025-03-11 16:17:17,351 [Worker-15: Building] INFO  o.a.m.s.f.DefaultMavenResourcesFiltering - Copying 1 resource from src\main\resources to target\classes
2025-03-11 16:17:17,356 [Worker-15: Building] INFO  o.a.m.s.f.DefaultMavenResourcesFiltering - Copying 1 resource from src\main\resources to target\classes
2025-03-11 16:17:17,361 [Worker-15: Building] INFO  o.a.m.s.f.DefaultMavenResourcesFiltering - skip non existing resourceDirectory D:\PollCreationBackend\PollCreationBackend\src\test\resources
2025-03-11 16:17:30,669 [Worker-9: Building] INFO  o.a.m.s.f.DefaultMavenResourcesFiltering - Copying 1 resource from src\main\resources to target\classes
2025-03-11 16:17:30,671 [Worker-9: Building] INFO  o.a.m.s.f.DefaultMavenResourcesFiltering - Copying 1 resource from src\main\resources to target\classes
2025-03-11 16:17:30,673 [Worker-9: Building] INFO  o.a.m.s.f.DefaultMavenResourcesFiltering - skip non existing resourceDirectory D:\PollCreationBackend\PollCreationBackend\src\test\resources
2025-03-11 16:18:21,765 [Worker-2: Building] INFO  o.a.m.s.f.DefaultMavenResourcesFiltering - Copying 0 resource from src\main\resources to target\classes
2025-03-11 16:18:21,766 [Worker-2: Building] INFO  o.a.m.s.f.DefaultMavenResourcesFiltering - Copying 0 resource from src\main\resources to target\classes
2025-03-11 16:18:21,768 [Worker-2: Building] INFO  o.a.m.s.f.DefaultMavenResourcesFiltering - skip non existing resourceDirectory D:\PollCreationBackend\PollCreationBackend\src\test\resources
2025-03-11 16:20:37,870 [Worker-0: Building] INFO  o.a.m.s.f.DefaultMavenResourcesFiltering - Copying 1 resource from src\main\resources to target\classes
2025-03-11 16:20:37,875 [Worker-0: Building] INFO  o.a.m.s.f.DefaultMavenResourcesFiltering - Copying 1 resource from src\main\resources to target\classes
2025-03-11 16:20:37,877 [Worker-0: Building] INFO  o.a.m.s.f.DefaultMavenResourcesFiltering - skip non existing resourceDirectory D:\PollCreationBackend\PollCreationBackend\src\test\resources
2025-03-12 13:01:16,386 [Worker-24: Building] INFO  o.a.m.s.f.DefaultMavenResourcesFiltering - Copying 1 resource from src\main\resources to target\classes
2025-03-12 13:01:16,517 [Worker-24: Building] INFO  o.a.m.s.f.DefaultMavenResourcesFiltering - Copying 1 resource from src\main\resources to target\classes
2025-03-12 13:01:16,529 [Worker-24: Building] INFO  o.a.m.s.f.DefaultMavenResourcesFiltering - skip non existing resourceDirectory D:\PollCreationBackend\PollCreationBackend\src\test\resources
2025-03-12 13:03:02,179 [Worker-26: Building] INFO  o.a.m.s.f.DefaultMavenResourcesFiltering - Copying 1 resource from src\main\resources to target\classes
2025-03-12 13:03:02,184 [Worker-26: Building] INFO  o.a.m.s.f.DefaultMavenResourcesFiltering - Copying 1 resource from src\main\resources to target\classes
2025-03-12 13:03:02,190 [Worker-26: Building] INFO  o.a.m.s.f.DefaultMavenResourcesFiltering - skip non existing resourceDirectory D:\PollCreationBackend\PollCreationBackend\src\test\resources
2025-03-12 13:03:15,683 [Worker-26: Building] INFO  o.a.m.s.f.DefaultMavenResourcesFiltering - Copying 1 resource from src\main\resources to target\classes
2025-03-12 13:03:15,688 [Worker-26: Building] INFO  o.a.m.s.f.DefaultMavenResourcesFiltering - Copying 1 resource from src\main\resources to target\classes
2025-03-12 13:03:15,694 [Worker-26: Building] INFO  o.a.m.s.f.DefaultMavenResourcesFiltering - skip non existing resourceDirectory D:\PollCreationBackend\PollCreationBackend\src\test\resources
2025-03-12 13:05:45,459 [Worker-26: Building] INFO  o.a.m.s.f.DefaultMavenResourcesFiltering - Copying 1 resource from src\main\resources to target\classes
2025-03-12 13:05:45,465 [Worker-26: Building] INFO  o.a.m.s.f.DefaultMavenResourcesFiltering - Copying 1 resource from src\main\resources to target\classes
2025-03-12 13:05:45,471 [Worker-26: Building] INFO  o.a.m.s.f.DefaultMavenResourcesFiltering - skip non existing resourceDirectory D:\PollCreationBackend\PollCreationBackend\src\test\resources
2025-03-12 13:06:31,630 [Worker-24: Building] INFO  o.a.m.s.f.DefaultMavenResourcesFiltering - Copying 1 resource from src\main\resources to target\classes
2025-03-12 13:06:31,636 [Worker-24: Building] INFO  o.a.m.s.f.DefaultMavenResourcesFiltering - Copying 1 resource from src\main\resources to target\classes
2025-03-12 13:06:31,640 [Worker-24: Building] INFO  o.a.m.s.f.DefaultMavenResourcesFiltering - skip non existing resourceDirectory D:\PollCreationBackend\PollCreationBackend\src\test\resources
2025-03-12 13:06:43,538 [Worker-29: Building] INFO  o.a.m.s.f.DefaultMavenResourcesFiltering - Copying 1 resource from src\main\resources to target\classes
2025-03-12 13:06:43,541 [Worker-29: Building] INFO  o.a.m.s.f.DefaultMavenResourcesFiltering - Copying 1 resource from src\main\resources to target\classes
2025-03-12 13:06:43,544 [Worker-29: Building] INFO  o.a.m.s.f.DefaultMavenResourcesFiltering - skip non existing resourceDirectory D:\PollCreationBackend\PollCreationBackend\src\test\resources
2025-03-12 13:06:48,185 [Start Help Server] INFO  org.eclipse.jetty.server.Server - jetty-12.0.15; built: 2024-11-05T19:44:57.623Z; git: 8281ae9740d4b4225e8166cc476bad237c70213a; jvm 21.0.6+7-LTS
2025-03-12 13:06:48,243 [Start Help Server] INFO  o.e.j.server.handler.ContextHandler - Started oeje8n.ContextHandler$CoreContextHandler@45381798{/help,/help,b=null,a=AVAILABLE,h=oeje8n.ContextHandler$CoreContextHandler$CoreToNestedHandler@1cc53988{STARTED}}
2025-03-12 13:06:48,245 [Start Help Server] INFO  o.e.j.s.DefaultSessionIdManager - Session workerName=node0
2025-03-12 13:06:48,272 [Start Help Server] INFO  o.e.jetty.server.AbstractConnector - Started ServerConnector@4a2f232e{HTTP/1.1, (http/1.1)}{127.0.0.1:65156}
2025-03-12 13:06:48,292 [Start Help Server] INFO  org.eclipse.jetty.server.Server - Started oejs.Server@2d926d26{STARTING}[12.0.15,sto=0] @76645735ms
2025-03-12 13:07:01,830 [Worker-26: Building] INFO  o.a.m.s.f.DefaultMavenResourcesFiltering - Copying 1 resource from src\main\resources to target\classes
2025-03-12 13:07:01,836 [Worker-26: Building] INFO  o.a.m.s.f.DefaultMavenResourcesFiltering - Copying 1 resource from src\main\resources to target\classes
2025-03-12 13:07:01,839 [Worker-26: Building] INFO  o.a.m.s.f.DefaultMavenResourcesFiltering - skip non existing resourceDirectory D:\PollCreationBackend\PollCreationBackend\src\test\resources
2025-03-12 13:07:13,838 [Worker-24: Building] INFO  o.a.m.s.f.DefaultMavenResourcesFiltering - Copying 1 resource from src\main\resources to target\classes
2025-03-12 13:07:13,841 [Worker-24: Building] INFO  o.a.m.s.f.DefaultMavenResourcesFiltering - Copying 1 resource from src\main\resources to target\classes
2025-03-12 13:07:13,846 [Worker-24: Building] INFO  o.a.m.s.f.DefaultMavenResourcesFiltering - skip non existing resourceDirectory D:\PollCreationBackend\PollCreationBackend\src\test\resources
2025-03-12 13:09:21,971 [Worker-29: Building] INFO  o.a.m.s.f.DefaultMavenResourcesFiltering - Copying 1 resource from src\main\resources to target\classes
2025-03-12 13:09:21,976 [Worker-29: Building] INFO  o.a.m.s.f.DefaultMavenResourcesFiltering - Copying 1 resource from src\main\resources to target\classes
2025-03-12 13:09:21,981 [Worker-29: Building] INFO  o.a.m.s.f.DefaultMavenResourcesFiltering - skip non existing resourceDirectory D:\PollCreationBackend\PollCreationBackend\src\test\resources
2025-03-12 13:09:34,820 [Worker-24: Building] INFO  o.a.m.s.f.DefaultMavenResourcesFiltering - Copying 1 resource from src\main\resources to target\classes
2025-03-12 13:09:34,823 [Worker-24: Building] INFO  o.a.m.s.f.DefaultMavenResourcesFiltering - Copying 1 resource from src\main\resources to target\classes
2025-03-12 13:09:34,826 [Worker-24: Building] INFO  o.a.m.s.f.DefaultMavenResourcesFiltering - skip non existing resourceDirectory D:\PollCreationBackend\PollCreationBackend\src\test\resources
2025-03-12 13:10:25,688 [Worker-29: Building] INFO  o.a.m.s.f.DefaultMavenResourcesFiltering - Copying 1 resource from src\main\resources to target\classes
2025-03-12 13:10:25,694 [Worker-29: Building] INFO  o.a.m.s.f.DefaultMavenResourcesFiltering - Copying 1 resource from src\main\resources to target\classes
2025-03-12 13:10:25,701 [Worker-29: Building] INFO  o.a.m.s.f.DefaultMavenResourcesFiltering - skip non existing resourceDirectory D:\PollCreationBackend\PollCreationBackend\src\test\resources
2025-03-12 13:12:06,796 [Worker-28: Building] INFO  o.a.m.s.f.DefaultMavenResourcesFiltering - Copying 1 resource from src\main\resources to target\classes
2025-03-12 13:12:06,802 [Worker-28: Building] INFO  o.a.m.s.f.DefaultMavenResourcesFiltering - Copying 1 resource from src\main\resources to target\classes
2025-03-12 13:12:06,805 [Worker-28: Building] INFO  o.a.m.s.f.DefaultMavenResourcesFiltering - skip non existing resourceDirectory D:\PollCreationBackend\PollCreationBackend\src\test\resources
2025-03-12 13:12:21,567 [Worker-30: Building] INFO  o.a.m.s.f.DefaultMavenResourcesFiltering - Copying 1 resource from src\main\resources to target\classes
2025-03-12 13:12:21,576 [Worker-30: Building] INFO  o.a.m.s.f.DefaultMavenResourcesFiltering - Copying 1 resource from src\main\resources to target\classes
2025-03-12 13:12:21,581 [Worker-30: Building] INFO  o.a.m.s.f.DefaultMavenResourcesFiltering - skip non existing resourceDirectory D:\PollCreationBackend\PollCreationBackend\src\test\resources
2025-03-12 13:13:23,816 [Worker-28: Building] INFO  o.a.m.s.f.DefaultMavenResourcesFiltering - Copying 1 resource from src\main\resources to target\classes
2025-03-12 13:13:23,820 [Worker-28: Building] INFO  o.a.m.s.f.DefaultMavenResourcesFiltering - Copying 1 resource from src\main\resources to target\classes
2025-03-12 13:13:23,825 [Worker-28: Building] INFO  o.a.m.s.f.DefaultMavenResourcesFiltering - skip non existing resourceDirectory D:\PollCreationBackend\PollCreationBackend\src\test\resources
2025-03-12 13:13:34,491 [Worker-28: Building] INFO  o.a.m.s.f.DefaultMavenResourcesFiltering - Copying 1 resource from src\main\resources to target\classes
2025-03-12 13:13:34,498 [Worker-28: Building] INFO  o.a.m.s.f.DefaultMavenResourcesFiltering - Copying 1 resource from src\main\resources to target\classes
2025-03-12 13:13:34,503 [Worker-28: Building] INFO  o.a.m.s.f.DefaultMavenResourcesFiltering - skip non existing resourceDirectory D:\PollCreationBackend\PollCreationBackend\src\test\resources
2025-03-12 13:14:22,093 [Worker-24: Building] INFO  o.e.m.c.i.l.LifecycleMappingFactory - Using org.eclipse.m2e.jdt.JarLifecycleMapping lifecycle mapping for MavenProject: com.akanksh:PollCreationBackend:0.0.1-SNAPSHOT @ D:\PollCreationBackend\PollCreationBackend\pom.xml.
2025-03-12 13:14:23,236 [Worker-24: Building] INFO  o.a.m.s.f.DefaultMavenResourcesFiltering - Copying 0 resource from src\main\resources to target\classes
2025-03-12 13:14:23,237 [Worker-24: Building] INFO  o.a.m.s.f.DefaultMavenResourcesFiltering - Copying 0 resource from src\main\resources to target\classes
2025-03-12 13:14:23,243 [Worker-24: Building] INFO  o.a.m.s.f.DefaultMavenResourcesFiltering - skip non existing resourceDirectory D:\PollCreationBackend\PollCreationBackend\src\test\resources
2025-03-12 13:14:24,575 [Worker-30: Building] INFO  o.a.m.s.f.DefaultMavenResourcesFiltering - Copying 1 resource from src\main\resources to target\classes
2025-03-12 13:14:24,603 [Worker-30: Building] INFO  o.a.m.s.f.DefaultMavenResourcesFiltering - Copying 1 resource from src\main\resources to target\classes
2025-03-12 13:14:24,609 [Worker-30: Building] INFO  o.a.m.s.f.DefaultMavenResourcesFiltering - skip non existing resourceDirectory D:\PollCreationBackend\PollCreationBackend\src\test\resources
2025-03-12 13:19:19,446 [Worker-31: Building] INFO  o.a.m.s.f.DefaultMavenResourcesFiltering - Copying 1 resource from src\main\resources to target\classes
2025-03-12 13:19:19,454 [Worker-31: Building] INFO  o.a.m.s.f.DefaultMavenResourcesFiltering - Copying 1 resource from src\main\resources to target\classes
2025-03-12 13:19:19,457 [Worker-31: Building] INFO  o.a.m.s.f.DefaultMavenResourcesFiltering - skip non existing resourceDirectory D:\PollCreationBackend\PollCreationBackend\src\test\resources
2025-03-12 13:20:02,701 [Worker-30: Building] INFO  o.a.m.s.f.DefaultMavenResourcesFiltering - Copying 1 resource from src\main\resources to target\classes
2025-03-12 13:20:02,706 [Worker-30: Building] INFO  o.a.m.s.f.DefaultMavenResourcesFiltering - Copying 1 resource from src\main\resources to target\classes
2025-03-12 13:20:02,710 [Worker-30: Building] INFO  o.a.m.s.f.DefaultMavenResourcesFiltering - skip non existing resourceDirectory D:\PollCreationBackend\PollCreationBackend\src\test\resources
2025-03-12 13:26:32,916 [Worker-34: Building] INFO  o.a.m.s.f.DefaultMavenResourcesFiltering - Copying 1 resource from src\main\resources to target\classes
2025-03-12 13:26:32,924 [Worker-34: Building] INFO  o.a.m.s.f.DefaultMavenResourcesFiltering - Copying 1 resource from src\main\resources to target\classes
2025-03-12 13:26:32,927 [Worker-34: Building] INFO  o.a.m.s.f.DefaultMavenResourcesFiltering - skip non existing resourceDirectory D:\PollCreationBackend\PollCreationBackend\src\test\resources
2025-03-12 13:26:41,348 [Worker-33: Building] INFO  o.a.m.s.f.DefaultMavenResourcesFiltering - Copying 1 resource from src\main\resources to target\classes
2025-03-12 13:26:41,356 [Worker-33: Building] INFO  o.a.m.s.f.DefaultMavenResourcesFiltering - Copying 1 resource from src\main\resources to target\classes
2025-03-12 13:26:41,361 [Worker-33: Building] INFO  o.a.m.s.f.DefaultMavenResourcesFiltering - skip non existing resourceDirectory D:\PollCreationBackend\PollCreationBackend\src\test\resources
2025-03-12 13:27:00,839 [Worker-33: Building] INFO  o.a.m.s.f.DefaultMavenResourcesFiltering - Copying 1 resource from src\main\resources to target\classes
2025-03-12 13:27:00,842 [Worker-33: Building] INFO  o.a.m.s.f.DefaultMavenResourcesFiltering - Copying 1 resource from src\main\resources to target\classes
2025-03-12 13:27:00,846 [Worker-33: Building] INFO  o.a.m.s.f.DefaultMavenResourcesFiltering - skip non existing resourceDirectory D:\PollCreationBackend\PollCreationBackend\src\test\resources
2025-03-12 13:27:03,664 [Worker-35: Building] INFO  o.a.m.s.f.DefaultMavenResourcesFiltering - Copying 1 resource from src\main\resources to target\classes
2025-03-12 13:27:03,669 [Worker-35: Building] INFO  o.a.m.s.f.DefaultMavenResourcesFiltering - Copying 1 resource from src\main\resources to target\classes
2025-03-12 13:27:03,672 [Worker-35: Building] INFO  o.a.m.s.f.DefaultMavenResourcesFiltering - skip non existing resourceDirectory D:\PollCreationBackend\PollCreationBackend\src\test\resources
2025-03-12 13:29:14,986 [Worker-24: Building] INFO  o.a.m.s.f.DefaultMavenResourcesFiltering - Copying 1 resource from src\main\resources to target\classes
2025-03-12 13:29:14,992 [Worker-24: Building] INFO  o.a.m.s.f.DefaultMavenResourcesFiltering - Copying 1 resource from src\main\resources to target\classes
2025-03-12 13:29:14,995 [Worker-24: Building] INFO  o.a.m.s.f.DefaultMavenResourcesFiltering - skip non existing resourceDirectory D:\PollCreationBackend\PollCreationBackend\src\test\resources
2025-03-12 13:29:22,053 [Worker-34: Building] INFO  o.a.m.s.f.DefaultMavenResourcesFiltering - Copying 1 resource from src\main\resources to target\classes
2025-03-12 13:29:22,057 [Worker-34: Building] INFO  o.a.m.s.f.DefaultMavenResourcesFiltering - Copying 1 resource from src\main\resources to target\classes
2025-03-12 13:29:22,059 [Worker-34: Building] INFO  o.a.m.s.f.DefaultMavenResourcesFiltering - skip non existing resourceDirectory D:\PollCreationBackend\PollCreationBackend\src\test\resources
2025-03-12 13:41:56,235 [Worker-39: Building] INFO  o.a.m.s.f.DefaultMavenResourcesFiltering - Copying 1 resource from src\main\resources to target\classes
2025-03-12 13:41:56,242 [Worker-39: Building] INFO  o.a.m.s.f.DefaultMavenResourcesFiltering - Copying 1 resource from src\main\resources to target\classes
2025-03-12 13:41:56,246 [Worker-39: Building] INFO  o.a.m.s.f.DefaultMavenResourcesFiltering - skip non existing resourceDirectory D:\PollCreationBackend\PollCreationBackend\src\test\resources
2025-03-12 13:43:07,439 [Worker-37: Building] INFO  o.a.m.s.f.DefaultMavenResourcesFiltering - Copying 1 resource from src\main\resources to target\classes
2025-03-12 13:43:07,444 [Worker-37: Building] INFO  o.a.m.s.f.DefaultMavenResourcesFiltering - Copying 1 resource from src\main\resources to target\classes
2025-03-12 13:43:07,448 [Worker-37: Building] INFO  o.a.m.s.f.DefaultMavenResourcesFiltering - skip non existing resourceDirectory D:\PollCreationBackend\PollCreationBackend\src\test\resources
2025-03-12 13:43:25,581 [Worker-38: Building] INFO  o.a.m.s.f.DefaultMavenResourcesFiltering - Copying 1 resource from src\main\resources to target\classes
2025-03-12 13:43:25,584 [Worker-38: Building] INFO  o.a.m.s.f.DefaultMavenResourcesFiltering - Copying 1 resource from src\main\resources to target\classes
2025-03-12 13:43:25,587 [Worker-38: Building] INFO  o.a.m.s.f.DefaultMavenResourcesFiltering - skip non existing resourceDirectory D:\PollCreationBackend\PollCreationBackend\src\test\resources
2025-03-12 13:43:35,745 [Worker-37: Building] INFO  o.a.m.s.f.DefaultMavenResourcesFiltering - Copying 1 resource from src\main\resources to target\classes
2025-03-12 13:43:35,750 [Worker-37: Building] INFO  o.a.m.s.f.DefaultMavenResourcesFiltering - Copying 1 resource from src\main\resources to target\classes
2025-03-12 13:43:35,753 [Worker-37: Building] INFO  o.a.m.s.f.DefaultMavenResourcesFiltering - skip non existing resourceDirectory D:\PollCreationBackend\PollCreationBackend\src\test\resources
2025-03-12 13:43:43,571 [Worker-40: Building] INFO  o.a.m.s.f.DefaultMavenResourcesFiltering - Copying 1 resource from src\main\resources to target\classes
2025-03-12 13:43:43,574 [Worker-40: Building] INFO  o.a.m.s.f.DefaultMavenResourcesFiltering - Copying 1 resource from src\main\resources to target\classes
2025-03-12 13:43:43,580 [Worker-40: Building] INFO  o.a.m.s.f.DefaultMavenResourcesFiltering - skip non existing resourceDirectory D:\PollCreationBackend\PollCreationBackend\src\test\resources
2025-03-12 13:49:30,375 [Worker-41: Building] INFO  o.a.m.s.f.DefaultMavenResourcesFiltering - Copying 1 resource from src\main\resources to target\classes
2025-03-12 13:49:30,380 [Worker-41: Building] INFO  o.a.m.s.f.DefaultMavenResourcesFiltering - Copying 1 resource from src\main\resources to target\classes
2025-03-12 13:49:30,384 [Worker-41: Building] INFO  o.a.m.s.f.DefaultMavenResourcesFiltering - skip non existing resourceDirectory D:\PollCreationBackend\PollCreationBackend\src\test\resources
2025-03-12 13:51:29,952 [Worker-39: Building] INFO  o.a.m.s.f.DefaultMavenResourcesFiltering - Copying 1 resource from src\main\resources to target\classes
2025-03-12 13:51:29,958 [Worker-39: Building] INFO  o.a.m.s.f.DefaultMavenResourcesFiltering - Copying 1 resource from src\main\resources to target\classes
2025-03-12 13:51:29,962 [Worker-39: Building] INFO  o.a.m.s.f.DefaultMavenResourcesFiltering - skip non existing resourceDirectory D:\PollCreationBackend\PollCreationBackend\src\test\resources
2025-03-12 13:51:44,480 [Worker-43: Building] INFO  o.a.m.s.f.DefaultMavenResourcesFiltering - Copying 1 resource from src\main\resources to target\classes
2025-03-12 13:51:44,485 [Worker-43: Building] INFO  o.a.m.s.f.DefaultMavenResourcesFiltering - Copying 1 resource from src\main\resources to target\classes
2025-03-12 13:51:44,488 [Worker-43: Building] INFO  o.a.m.s.f.DefaultMavenResourcesFiltering - skip non existing resourceDirectory D:\PollCreationBackend\PollCreationBackend\src\test\resources
2025-03-12 13:52:17,008 [Worker-40: Building] INFO  o.a.m.s.f.DefaultMavenResourcesFiltering - Copying 1 resource from src\main\resources to target\classes
2025-03-12 13:52:17,013 [Worker-40: Building] INFO  o.a.m.s.f.DefaultMavenResourcesFiltering - Copying 1 resource from src\main\resources to target\classes
2025-03-12 13:52:17,017 [Worker-40: Building] INFO  o.a.m.s.f.DefaultMavenResourcesFiltering - skip non existing resourceDirectory D:\PollCreationBackend\PollCreationBackend\src\test\resources
2025-03-12 13:54:19,397 [Worker-45: Building] INFO  o.a.m.s.f.DefaultMavenResourcesFiltering - Copying 1 resource from src\main\resources to target\classes
2025-03-12 13:54:19,400 [Worker-45: Building] INFO  o.a.m.s.f.DefaultMavenResourcesFiltering - Copying 1 resource from src\main\resources to target\classes
2025-03-12 13:54:19,403 [Worker-45: Building] INFO  o.a.m.s.f.DefaultMavenResourcesFiltering - skip non existing resourceDirectory D:\PollCreationBackend\PollCreationBackend\src\test\resources
2025-03-12 13:55:17,032 [Worker-46: Building] INFO  o.a.m.s.f.DefaultMavenResourcesFiltering - Copying 1 resource from src\main\resources to target\classes
2025-03-12 13:55:17,036 [Worker-46: Building] INFO  o.a.m.s.f.DefaultMavenResourcesFiltering - Copying 1 resource from src\main\resources to target\classes
2025-03-12 13:55:17,039 [Worker-46: Building] INFO  o.a.m.s.f.DefaultMavenResourcesFiltering - skip non existing resourceDirectory D:\PollCreationBackend\PollCreationBackend\src\test\resources
2025-03-12 13:57:30,555 [Worker-40: Building] INFO  o.a.m.s.f.DefaultMavenResourcesFiltering - Copying 1 resource from src\main\resources to target\classes
2025-03-12 13:57:30,561 [Worker-40: Building] INFO  o.a.m.s.f.DefaultMavenResourcesFiltering - Copying 1 resource from src\main\resources to target\classes
2025-03-12 13:57:30,565 [Worker-40: Building] INFO  o.a.m.s.f.DefaultMavenResourcesFiltering - skip non existing resourceDirectory D:\PollCreationBackend\PollCreationBackend\src\test\resources
2025-03-12 13:57:42,498 [Worker-47: Building] INFO  o.a.m.s.f.DefaultMavenResourcesFiltering - Copying 1 resource from src\main\resources to target\classes
2025-03-12 13:57:42,504 [Worker-47: Building] INFO  o.a.m.s.f.DefaultMavenResourcesFiltering - Copying 1 resource from src\main\resources to target\classes
2025-03-12 13:57:42,506 [Worker-47: Building] INFO  o.a.m.s.f.DefaultMavenResourcesFiltering - skip non existing resourceDirectory D:\PollCreationBackend\PollCreationBackend\src\test\resources
2025-03-12 13:58:42,670 [Worker-46: Building] INFO  o.a.m.s.f.DefaultMavenResourcesFiltering - Copying 1 resource from src\main\resources to target\classes
2025-03-12 13:58:42,676 [Worker-46: Building] INFO  o.a.m.s.f.DefaultMavenResourcesFiltering - Copying 1 resource from src\main\resources to target\classes
2025-03-12 13:58:42,680 [Worker-46: Building] INFO  o.a.m.s.f.DefaultMavenResourcesFiltering - skip non existing resourceDirectory D:\PollCreationBackend\PollCreationBackend\src\test\resources
2025-03-12 15:32:02,212 [Worker-6: Loading available Gradle versions] INFO  o.e.b.c.i.u.g.PublishedGradleVersions - Gradle version information cache is out-of-date. Trying to update.
2025-03-12 15:32:08,056 [Worker-7: Building] INFO  o.a.m.s.f.DefaultMavenResourcesFiltering - Copying 1 resource from src\main\resources to target\classes
2025-03-12 15:32:08,085 [Worker-7: Building] INFO  o.a.m.s.f.DefaultMavenResourcesFiltering - Copying 1 resource from src\main\resources to target\classes
2025-03-12 15:32:08,098 [Worker-7: Building] INFO  o.a.m.s.f.DefaultMavenResourcesFiltering - skip non existing resourceDirectory D:\PollCreationBackend\PollCreationBackend\src\test\resources
2025-03-13 16:49:20,340 [Worker-46: Building] INFO  o.a.m.s.f.DefaultMavenResourcesFiltering - Copying 1 resource from src\main\resources to target\classes
2025-03-13 16:49:20,423 [Worker-46: Building] INFO  o.a.m.s.f.DefaultMavenResourcesFiltering - Copying 1 resource from src\main\resources to target\classes
2025-03-13 16:49:20,459 [Worker-46: Building] INFO  o.a.m.s.f.DefaultMavenResourcesFiltering - skip non existing resourceDirectory D:\PollCreationBackend\PollCreationBackend\src\test\resources
2025-03-13 16:51:22,114 [Worker-50: Building] INFO  o.a.m.s.f.DefaultMavenResourcesFiltering - Copying 1 resource from src\main\resources to target\classes
2025-03-13 16:51:22,126 [Worker-50: Building] INFO  o.a.m.s.f.DefaultMavenResourcesFiltering - Copying 1 resource from src\main\resources to target\classes
2025-03-13 16:51:22,135 [Worker-50: Building] INFO  o.a.m.s.f.DefaultMavenResourcesFiltering - skip non existing resourceDirectory D:\PollCreationBackend\PollCreationBackend\src\test\resources
2025-03-13 16:52:07,479 [Worker-53: Building] INFO  o.a.m.s.f.DefaultMavenResourcesFiltering - Copying 1 resource from src\main\resources to target\classes
2025-03-13 16:52:07,487 [Worker-53: Building] INFO  o.a.m.s.f.DefaultMavenResourcesFiltering - Copying 1 resource from src\main\resources to target\classes
2025-03-13 16:52:07,495 [Worker-53: Building] INFO  o.a.m.s.f.DefaultMavenResourcesFiltering - skip non existing resourceDirectory D:\PollCreationBackend\PollCreationBackend\src\test\resources
2025-03-13 16:52:52,017 [Worker-54: Building] INFO  o.a.m.s.f.DefaultMavenResourcesFiltering - Copying 1 resource from src\main\resources to target\classes
2025-03-13 16:52:52,024 [Worker-54: Building] INFO  o.a.m.s.f.DefaultMavenResourcesFiltering - Copying 1 resource from src\main\resources to target\classes
2025-03-13 16:52:52,032 [Worker-54: Building] INFO  o.a.m.s.f.DefaultMavenResourcesFiltering - skip non existing resourceDirectory D:\PollCreationBackend\PollCreationBackend\src\test\resources
2025-03-13 16:53:02,633 [Worker-54: Building] INFO  o.a.m.s.f.DefaultMavenResourcesFiltering - Copying 1 resource from src\main\resources to target\classes
2025-03-13 16:53:02,639 [Worker-54: Building] INFO  o.a.m.s.f.DefaultMavenResourcesFiltering - Copying 1 resource from src\main\resources to target\classes
2025-03-13 16:53:02,643 [Worker-54: Building] INFO  o.a.m.s.f.DefaultMavenResourcesFiltering - skip non existing resourceDirectory D:\PollCreationBackend\PollCreationBackend\src\test\resources
2025-03-13 16:53:22,662 [Worker-22: Building] INFO  o.a.m.s.f.DefaultMavenResourcesFiltering - Copying 1 resource from src\main\resources to target\classes
2025-03-13 16:53:22,667 [Worker-22: Building] INFO  o.a.m.s.f.DefaultMavenResourcesFiltering - Copying 1 resource from src\main\resources to target\classes
2025-03-13 16:53:22,673 [Worker-22: Building] INFO  o.a.m.s.f.DefaultMavenResourcesFiltering - skip non existing resourceDirectory D:\PollCreationBackend\PollCreationBackend\src\test\resources
2025-03-13 16:53:38,239 [Worker-22: Building] INFO  o.a.m.s.f.DefaultMavenResourcesFiltering - Copying 1 resource from src\main\resources to target\classes
2025-03-13 16:53:38,243 [Worker-22: Building] INFO  o.a.m.s.f.DefaultMavenResourcesFiltering - Copying 1 resource from src\main\resources to target\classes
2025-03-13 16:53:38,247 [Worker-22: Building] INFO  o.a.m.s.f.DefaultMavenResourcesFiltering - skip non existing resourceDirectory D:\PollCreationBackend\PollCreationBackend\src\test\resources
2025-03-13 16:53:40,615 [Worker-46: Building] INFO  o.a.m.s.f.DefaultMavenResourcesFiltering - Copying 1 resource from src\main\resources to target\classes
2025-03-13 16:53:40,633 [Worker-46: Building] INFO  o.a.m.s.f.DefaultMavenResourcesFiltering - Copying 1 resource from src\main\resources to target\classes
2025-03-13 16:53:40,667 [Worker-46: Building] INFO  o.a.m.s.f.DefaultMavenResourcesFiltering - skip non existing resourceDirectory D:\PollCreationBackend\PollCreationBackend\src\test\resources
2025-03-13 16:53:53,215 [Worker-53: Building] INFO  o.a.m.s.f.DefaultMavenResourcesFiltering - Copying 1 resource from src\main\resources to target\classes
2025-03-13 16:53:53,220 [Worker-53: Building] INFO  o.a.m.s.f.DefaultMavenResourcesFiltering - Copying 1 resource from src\main\resources to target\classes
2025-03-13 16:53:53,224 [Worker-53: Building] INFO  o.a.m.s.f.DefaultMavenResourcesFiltering - skip non existing resourceDirectory D:\PollCreationBackend\PollCreationBackend\src\test\resources
2025-03-13 16:54:31,688 [Worker-53: Building] INFO  o.a.m.s.f.DefaultMavenResourcesFiltering - Copying 1 resource from src\main\resources to target\classes
2025-03-13 16:54:31,694 [Worker-53: Building] INFO  o.a.m.s.f.DefaultMavenResourcesFiltering - Copying 1 resource from src\main\resources to target\classes
2025-03-13 16:54:31,700 [Worker-53: Building] INFO  o.a.m.s.f.DefaultMavenResourcesFiltering - skip non existing resourceDirectory D:\PollCreationBackend\PollCreationBackend\src\test\resources
2025-03-13 16:54:58,458 [Worker-54: Building] INFO  o.a.m.s.f.DefaultMavenResourcesFiltering - Copying 1 resource from src\main\resources to target\classes
2025-03-13 16:54:58,467 [Worker-54: Building] INFO  o.a.m.s.f.DefaultMavenResourcesFiltering - Copying 1 resource from src\main\resources to target\classes
2025-03-13 16:54:58,474 [Worker-54: Building] INFO  o.a.m.s.f.DefaultMavenResourcesFiltering - skip non existing resourceDirectory D:\PollCreationBackend\PollCreationBackend\src\test\resources
2025-03-13 16:54:59,609 [Worker-46: Building] INFO  o.a.m.s.f.DefaultMavenResourcesFiltering - Copying 1 resource from src\main\resources to target\classes
2025-03-13 16:54:59,615 [Worker-46: Building] INFO  o.a.m.s.f.DefaultMavenResourcesFiltering - Copying 1 resource from src\main\resources to target\classes
2025-03-13 16:54:59,619 [Worker-46: Building] INFO  o.a.m.s.f.DefaultMavenResourcesFiltering - skip non existing resourceDirectory D:\PollCreationBackend\PollCreationBackend\src\test\resources
2025-03-13 16:56:13,894 [Worker-55: Building] INFO  o.a.m.s.f.DefaultMavenResourcesFiltering - Copying 1 resource from src\main\resources to target\classes
2025-03-13 16:56:13,900 [Worker-55: Building] INFO  o.a.m.s.f.DefaultMavenResourcesFiltering - Copying 1 resource from src\main\resources to target\classes
2025-03-13 16:56:13,907 [Worker-55: Building] INFO  o.a.m.s.f.DefaultMavenResourcesFiltering - skip non existing resourceDirectory D:\PollCreationBackend\PollCreationBackend\src\test\resources
2025-03-13 17:07:04,573 [Worker-51: Building] INFO  o.a.m.s.f.DefaultMavenResourcesFiltering - Copying 1 resource from src\main\resources to target\classes
2025-03-13 17:07:04,579 [Worker-51: Building] INFO  o.a.m.s.f.DefaultMavenResourcesFiltering - Copying 1 resource from src\main\resources to target\classes
2025-03-13 17:07:04,583 [Worker-51: Building] INFO  o.a.m.s.f.DefaultMavenResourcesFiltering - skip non existing resourceDirectory D:\PollCreationBackend\PollCreationBackend\src\test\resources
2025-03-13 17:07:24,439 [Worker-51: Building] INFO  o.a.m.s.f.DefaultMavenResourcesFiltering - Copying 1 resource from src\main\resources to target\classes
2025-03-13 17:07:24,445 [Worker-51: Building] INFO  o.a.m.s.f.DefaultMavenResourcesFiltering - Copying 1 resource from src\main\resources to target\classes
2025-03-13 17:07:24,451 [Worker-51: Building] INFO  o.a.m.s.f.DefaultMavenResourcesFiltering - skip non existing resourceDirectory D:\PollCreationBackend\PollCreationBackend\src\test\resources
2025-03-13 17:07:43,866 [Worker-55: Building] INFO  o.a.m.s.f.DefaultMavenResourcesFiltering - Copying 1 resource from src\main\resources to target\classes
2025-03-13 17:07:43,870 [Worker-55: Building] INFO  o.a.m.s.f.DefaultMavenResourcesFiltering - Copying 1 resource from src\main\resources to target\classes
2025-03-13 17:07:43,874 [Worker-55: Building] INFO  o.a.m.s.f.DefaultMavenResourcesFiltering - skip non existing resourceDirectory D:\PollCreationBackend\PollCreationBackend\src\test\resources
2025-03-13 17:08:07,971 [Worker-46: Building] INFO  o.a.m.s.f.DefaultMavenResourcesFiltering - Copying 1 resource from src\main\resources to target\classes
2025-03-13 17:08:07,975 [Worker-46: Building] INFO  o.a.m.s.f.DefaultMavenResourcesFiltering - Copying 1 resource from src\main\resources to target\classes
2025-03-13 17:08:07,978 [Worker-46: Building] INFO  o.a.m.s.f.DefaultMavenResourcesFiltering - skip non existing resourceDirectory D:\PollCreationBackend\PollCreationBackend\src\test\resources
2025-03-13 17:08:19,648 [Worker-54: Building] INFO  o.a.m.s.f.DefaultMavenResourcesFiltering - Copying 1 resource from src\main\resources to target\classes
2025-03-13 17:08:19,652 [Worker-54: Building] INFO  o.a.m.s.f.DefaultMavenResourcesFiltering - Copying 1 resource from src\main\resources to target\classes
2025-03-13 17:08:19,655 [Worker-54: Building] INFO  o.a.m.s.f.DefaultMavenResourcesFiltering - skip non existing resourceDirectory D:\PollCreationBackend\PollCreationBackend\src\test\resources
2025-03-13 17:08:22,501 [Worker-51: Building] INFO  o.a.m.s.f.DefaultMavenResourcesFiltering - Copying 1 resource from src\main\resources to target\classes
2025-03-13 17:08:22,504 [Worker-51: Building] INFO  o.a.m.s.f.DefaultMavenResourcesFiltering - Copying 1 resource from src\main\resources to target\classes
2025-03-13 17:08:22,507 [Worker-51: Building] INFO  o.a.m.s.f.DefaultMavenResourcesFiltering - skip non existing resourceDirectory D:\PollCreationBackend\PollCreationBackend\src\test\resources
2025-03-13 17:08:32,826 [Worker-53: Building] INFO  o.a.m.s.f.DefaultMavenResourcesFiltering - Copying 1 resource from src\main\resources to target\classes
2025-03-13 17:08:32,830 [Worker-53: Building] INFO  o.a.m.s.f.DefaultMavenResourcesFiltering - Copying 1 resource from src\main\resources to target\classes
2025-03-13 17:08:32,834 [Worker-53: Building] INFO  o.a.m.s.f.DefaultMavenResourcesFiltering - skip non existing resourceDirectory D:\PollCreationBackend\PollCreationBackend\src\test\resources
2025-03-13 17:09:29,244 [Worker-53: Building] INFO  o.a.m.s.f.DefaultMavenResourcesFiltering - Copying 1 resource from src\main\resources to target\classes
2025-03-13 17:09:29,249 [Worker-53: Building] INFO  o.a.m.s.f.DefaultMavenResourcesFiltering - Copying 1 resource from src\main\resources to target\classes
2025-03-13 17:09:29,253 [Worker-53: Building] INFO  o.a.m.s.f.DefaultMavenResourcesFiltering - skip non existing resourceDirectory D:\PollCreationBackend\PollCreationBackend\src\test\resources
2025-03-13 17:09:38,646 [Worker-51: Building] INFO  o.a.m.s.f.DefaultMavenResourcesFiltering - Copying 1 resource from src\main\resources to target\classes
2025-03-13 17:09:38,650 [Worker-51: Building] INFO  o.a.m.s.f.DefaultMavenResourcesFiltering - Copying 1 resource from src\main\resources to target\classes
2025-03-13 17:09:38,653 [Worker-51: Building] INFO  o.a.m.s.f.DefaultMavenResourcesFiltering - skip non existing resourceDirectory D:\PollCreationBackend\PollCreationBackend\src\test\resources
2025-03-13 17:10:05,365 [Worker-22: Building] INFO  o.a.m.s.f.DefaultMavenResourcesFiltering - Copying 1 resource from src\main\resources to target\classes
2025-03-13 17:10:05,370 [Worker-22: Building] INFO  o.a.m.s.f.DefaultMavenResourcesFiltering - Copying 1 resource from src\main\resources to target\classes
2025-03-13 17:10:05,375 [Worker-22: Building] INFO  o.a.m.s.f.DefaultMavenResourcesFiltering - skip non existing resourceDirectory D:\PollCreationBackend\PollCreationBackend\src\test\resources
2025-03-13 17:10:15,373 [Worker-51: Building] INFO  o.a.m.s.f.DefaultMavenResourcesFiltering - Copying 1 resource from src\main\resources to target\classes
2025-03-13 17:10:15,377 [Worker-51: Building] INFO  o.a.m.s.f.DefaultMavenResourcesFiltering - Copying 1 resource from src\main\resources to target\classes
2025-03-13 17:10:15,380 [Worker-51: Building] INFO  o.a.m.s.f.DefaultMavenResourcesFiltering - skip non existing resourceDirectory D:\PollCreationBackend\PollCreationBackend\src\test\resources
2025-03-13 17:10:18,503 [Worker-50: Building] INFO  o.a.m.s.f.DefaultMavenResourcesFiltering - Copying 1 resource from src\main\resources to target\classes
2025-03-13 17:10:18,507 [Worker-50: Building] INFO  o.a.m.s.f.DefaultMavenResourcesFiltering - Copying 1 resource from src\main\resources to target\classes
2025-03-13 17:10:18,511 [Worker-50: Building] INFO  o.a.m.s.f.DefaultMavenResourcesFiltering - skip non existing resourceDirectory D:\PollCreationBackend\PollCreationBackend\src\test\resources
2025-03-13 17:12:12,901 [Worker-51: Building] INFO  o.a.m.s.f.DefaultMavenResourcesFiltering - Copying 1 resource from src\main\resources to target\classes
2025-03-13 17:12:12,906 [Worker-51: Building] INFO  o.a.m.s.f.DefaultMavenResourcesFiltering - Copying 1 resource from src\main\resources to target\classes
2025-03-13 17:12:12,911 [Worker-51: Building] INFO  o.a.m.s.f.DefaultMavenResourcesFiltering - skip non existing resourceDirectory D:\PollCreationBackend\PollCreationBackend\src\test\resources
2025-03-13 17:12:43,206 [Worker-55: Building] INFO  o.a.m.s.f.DefaultMavenResourcesFiltering - Copying 1 resource from src\main\resources to target\classes
2025-03-13 17:12:43,207 [Worker-55: Building] INFO  o.a.m.s.f.DefaultMavenResourcesFiltering - Copying 1 resource from src\main\resources to target\classes
2025-03-13 17:12:43,210 [Worker-55: Building] INFO  o.a.m.s.f.DefaultMavenResourcesFiltering - skip non existing resourceDirectory D:\PollCreationBackend\PollCreationBackend\src\test\resources
2025-03-13 17:12:55,943 [Worker-46: Building] INFO  o.a.m.s.f.DefaultMavenResourcesFiltering - Copying 1 resource from src\main\resources to target\classes
2025-03-13 17:12:55,946 [Worker-46: Building] INFO  o.a.m.s.f.DefaultMavenResourcesFiltering - Copying 1 resource from src\main\resources to target\classes
2025-03-13 17:12:55,949 [Worker-46: Building] INFO  o.a.m.s.f.DefaultMavenResourcesFiltering - skip non existing resourceDirectory D:\PollCreationBackend\PollCreationBackend\src\test\resources
2025-03-13 17:17:01,238 [Worker-50: Building] INFO  o.a.m.s.f.DefaultMavenResourcesFiltering - Copying 1 resource from src\main\resources to target\classes
2025-03-13 17:17:01,243 [Worker-50: Building] INFO  o.a.m.s.f.DefaultMavenResourcesFiltering - Copying 1 resource from src\main\resources to target\classes
2025-03-13 17:17:01,246 [Worker-50: Building] INFO  o.a.m.s.f.DefaultMavenResourcesFiltering - skip non existing resourceDirectory D:\PollCreationBackend\PollCreationBackend\src\test\resources
2025-03-13 17:17:14,201 [Worker-55: Building] INFO  o.a.m.s.f.DefaultMavenResourcesFiltering - Copying 1 resource from src\main\resources to target\classes
2025-03-13 17:17:14,207 [Worker-55: Building] INFO  o.a.m.s.f.DefaultMavenResourcesFiltering - Copying 1 resource from src\main\resources to target\classes
2025-03-13 17:17:14,211 [Worker-55: Building] INFO  o.a.m.s.f.DefaultMavenResourcesFiltering - skip non existing resourceDirectory D:\PollCreationBackend\PollCreationBackend\src\test\resources
2025-03-13 17:18:21,336 [Worker-51: Building] INFO  o.a.m.s.f.DefaultMavenResourcesFiltering - Copying 1 resource from src\main\resources to target\classes
2025-03-13 17:18:21,341 [Worker-51: Building] INFO  o.a.m.s.f.DefaultMavenResourcesFiltering - Copying 1 resource from src\main\resources to target\classes
2025-03-13 17:18:21,344 [Worker-51: Building] INFO  o.a.m.s.f.DefaultMavenResourcesFiltering - skip non existing resourceDirectory D:\PollCreationBackend\PollCreationBackend\src\test\resources
2025-03-13 17:18:24,825 [Worker-50: Building] INFO  o.a.m.s.f.DefaultMavenResourcesFiltering - Copying 1 resource from src\main\resources to target\classes
2025-03-13 17:18:24,831 [Worker-50: Building] INFO  o.a.m.s.f.DefaultMavenResourcesFiltering - Copying 1 resource from src\main\resources to target\classes
2025-03-13 17:18:24,835 [Worker-50: Building] INFO  o.a.m.s.f.DefaultMavenResourcesFiltering - skip non existing resourceDirectory D:\PollCreationBackend\PollCreationBackend\src\test\resources
2025-03-17 11:16:27,427 [Worker-57: Building] INFO  o.a.m.s.f.DefaultMavenResourcesFiltering - Copying 1 resource from src\main\resources to target\classes
2025-03-17 11:16:27,439 [Worker-57: Building] INFO  o.a.m.s.f.DefaultMavenResourcesFiltering - Copying 1 resource from src\main\resources to target\classes
2025-03-17 11:16:27,444 [Worker-57: Building] INFO  o.a.m.s.f.DefaultMavenResourcesFiltering - skip non existing resourceDirectory D:\PollCreationBackend\PollCreationBackend\src\test\resources
2025-03-19 21:13:37,049 [Worker-1: Loading available Gradle versions] INFO  o.e.b.c.i.u.g.PublishedGradleVersions - Gradle version information cache is out-of-date. Trying to update.
2025-03-19 21:32:16,234 [Worker-25: Building] INFO  o.a.m.s.f.DefaultMavenResourcesFiltering - Copying 1 resource from src\main\resources to target\classes
2025-03-19 21:32:16,264 [Worker-25: Building] INFO  o.a.m.s.f.DefaultMavenResourcesFiltering - Copying 1 resource from src\main\resources to target\classes
2025-03-19 21:32:16,291 [Worker-25: Building] INFO  o.a.m.s.f.DefaultMavenResourcesFiltering - skip non existing resourceDirectory D:\PollCreationBackend\PollCreationBackend\src\test\resources
2025-03-20 11:12:45,526 [Worker-5: Loading available Gradle versions] INFO  o.e.b.c.i.u.g.PublishedGradleVersions - Gradle version information cache is up-to-date. Trying to read.
2025-03-20 11:16:16,506 [Worker-3: Building] INFO  o.a.m.s.f.DefaultMavenResourcesFiltering - Copying 1 resource from src\main\resources to target\classes
2025-03-20 11:16:16,536 [Worker-3: Building] INFO  o.a.m.s.f.DefaultMavenResourcesFiltering - Copying 1 resource from src\main\resources to target\classes
2025-03-20 11:16:16,555 [Worker-3: Building] INFO  o.a.m.s.f.DefaultMavenResourcesFiltering - skip non existing resourceDirectory D:\PollCreationBackend\PollCreationBackend\src\test\resources
2025-03-20 11:16:18,780 [Worker-16: Building] INFO  o.a.m.s.f.DefaultMavenResourcesFiltering - Copying 1 resource from src\main\resources to target\classes
2025-03-20 11:16:18,785 [Worker-16: Building] INFO  o.a.m.s.f.DefaultMavenResourcesFiltering - Copying 1 resource from src\main\resources to target\classes
2025-03-20 11:16:18,792 [Worker-16: Building] INFO  o.a.m.s.f.DefaultMavenResourcesFiltering - skip non existing resourceDirectory D:\PollCreationBackend\PollCreationBackend\src\test\resources
2025-03-20 11:16:27,549 [Worker-6: Building] INFO  o.a.m.s.f.DefaultMavenResourcesFiltering - Copying 1 resource from src\main\resources to target\classes
2025-03-20 11:16:27,557 [Worker-6: Building] INFO  o.a.m.s.f.DefaultMavenResourcesFiltering - Copying 1 resource from src\main\resources to target\classes
2025-03-20 11:16:27,564 [Worker-6: Building] INFO  o.a.m.s.f.DefaultMavenResourcesFiltering - skip non existing resourceDirectory D:\PollCreationBackend\PollCreationBackend\src\test\resources
2025-03-20 11:16:37,829 [Worker-26: Building] INFO  o.a.m.s.f.DefaultMavenResourcesFiltering - Copying 1 resource from src\main\resources to target\classes
2025-03-20 11:16:37,836 [Worker-26: Building] INFO  o.a.m.s.f.DefaultMavenResourcesFiltering - Copying 1 resource from src\main\resources to target\classes
2025-03-20 11:16:37,846 [Worker-26: Building] INFO  o.a.m.s.f.DefaultMavenResourcesFiltering - skip non existing resourceDirectory D:\PollCreationBackend\PollCreationBackend\src\test\resources
2025-03-20 11:16:51,829 [Worker-9: Building] INFO  o.a.m.s.f.DefaultMavenResourcesFiltering - Copying 1 resource from src\main\resources to target\classes
2025-03-20 11:16:51,835 [Worker-9: Building] INFO  o.a.m.s.f.DefaultMavenResourcesFiltering - Copying 1 resource from src\main\resources to target\classes
2025-03-20 11:16:51,842 [Worker-9: Building] INFO  o.a.m.s.f.DefaultMavenResourcesFiltering - skip non existing resourceDirectory D:\PollCreationBackend\PollCreationBackend\src\test\resources
2025-03-20 11:17:03,958 [Worker-25: Building] INFO  o.a.m.s.f.DefaultMavenResourcesFiltering - Copying 1 resource from src\main\resources to target\classes
2025-03-20 11:17:03,961 [Worker-25: Building] INFO  o.a.m.s.f.DefaultMavenResourcesFiltering - Copying 1 resource from src\main\resources to target\classes
2025-03-20 11:17:03,965 [Worker-25: Building] INFO  o.a.m.s.f.DefaultMavenResourcesFiltering - skip non existing resourceDirectory D:\PollCreationBackend\PollCreationBackend\src\test\resources
2025-03-20 11:17:07,116 [Worker-26: Building] INFO  o.a.m.s.f.DefaultMavenResourcesFiltering - Copying 1 resource from src\main\resources to target\classes
2025-03-20 11:17:07,121 [Worker-26: Building] INFO  o.a.m.s.f.DefaultMavenResourcesFiltering - Copying 1 resource from src\main\resources to target\classes
2025-03-20 11:17:07,129 [Worker-26: Building] INFO  o.a.m.s.f.DefaultMavenResourcesFiltering - skip non existing resourceDirectory D:\PollCreationBackend\PollCreationBackend\src\test\resources
2025-03-20 12:50:01,841 [Worker-35: Building] INFO  o.a.m.s.f.DefaultMavenResourcesFiltering - Copying 1 resource from src\main\resources to target\classes
2025-03-20 12:50:01,861 [Worker-35: Building] INFO  o.a.m.s.f.DefaultMavenResourcesFiltering - Copying 1 resource from src\main\resources to target\classes
2025-03-20 12:50:01,871 [Worker-35: Building] INFO  o.a.m.s.f.DefaultMavenResourcesFiltering - skip non existing resourceDirectory D:\PollCreationBackend\PollCreationBackend\src\test\resources
2025-03-20 12:50:29,055 [Worker-32: Building] INFO  o.a.m.s.f.DefaultMavenResourcesFiltering - Copying 1 resource from src\main\resources to target\classes
2025-03-20 12:50:29,064 [Worker-32: Building] INFO  o.a.m.s.f.DefaultMavenResourcesFiltering - Copying 1 resource from src\main\resources to target\classes
2025-03-20 12:50:29,071 [Worker-32: Building] INFO  o.a.m.s.f.DefaultMavenResourcesFiltering - skip non existing resourceDirectory D:\PollCreationBackend\PollCreationBackend\src\test\resources
2025-03-20 12:50:44,783 [Worker-37: Building] INFO  o.a.m.s.f.DefaultMavenResourcesFiltering - Copying 1 resource from src\main\resources to target\classes
2025-03-20 12:50:44,788 [Worker-37: Building] INFO  o.a.m.s.f.DefaultMavenResourcesFiltering - Copying 1 resource from src\main\resources to target\classes
2025-03-20 12:50:44,792 [Worker-37: Building] INFO  o.a.m.s.f.DefaultMavenResourcesFiltering - skip non existing resourceDirectory D:\PollCreationBackend\PollCreationBackend\src\test\resources
2025-03-20 12:54:10,057 [Worker-35: Building] INFO  o.a.m.s.f.DefaultMavenResourcesFiltering - Copying 1 resource from src\main\resources to target\classes
2025-03-20 12:54:10,065 [Worker-35: Building] INFO  o.a.m.s.f.DefaultMavenResourcesFiltering - Copying 1 resource from src\main\resources to target\classes
2025-03-20 12:54:10,071 [Worker-35: Building] INFO  o.a.m.s.f.DefaultMavenResourcesFiltering - skip non existing resourceDirectory D:\PollCreationBackend\PollCreationBackend\src\test\resources
2025-03-20 12:54:32,172 [Worker-41: Building] INFO  o.a.m.s.f.DefaultMavenResourcesFiltering - Copying 1 resource from src\main\resources to target\classes
2025-03-20 12:54:32,176 [Worker-41: Building] INFO  o.a.m.s.f.DefaultMavenResourcesFiltering - Copying 1 resource from src\main\resources to target\classes
2025-03-20 12:54:32,183 [Worker-41: Building] INFO  o.a.m.s.f.DefaultMavenResourcesFiltering - skip non existing resourceDirectory D:\PollCreationBackend\PollCreationBackend\src\test\resources
2025-03-20 12:55:01,330 [Worker-39: Building] INFO  o.a.m.s.f.DefaultMavenResourcesFiltering - Copying 1 resource from src\main\resources to target\classes
2025-03-20 12:55:01,336 [Worker-39: Building] INFO  o.a.m.s.f.DefaultMavenResourcesFiltering - Copying 1 resource from src\main\resources to target\classes
2025-03-20 12:55:01,341 [Worker-39: Building] INFO  o.a.m.s.f.DefaultMavenResourcesFiltering - skip non existing resourceDirectory D:\PollCreationBackend\PollCreationBackend\src\test\resources
2025-03-20 12:55:09,628 [Worker-35: Building] INFO  o.a.m.s.f.DefaultMavenResourcesFiltering - Copying 1 resource from src\main\resources to target\classes
2025-03-20 12:55:09,633 [Worker-35: Building] INFO  o.a.m.s.f.DefaultMavenResourcesFiltering - Copying 1 resource from src\main\resources to target\classes
2025-03-20 12:55:09,638 [Worker-35: Building] INFO  o.a.m.s.f.DefaultMavenResourcesFiltering - skip non existing resourceDirectory D:\PollCreationBackend\PollCreationBackend\src\test\resources
2025-03-20 12:55:51,736 [Worker-39: Building] INFO  o.a.m.s.f.DefaultMavenResourcesFiltering - Copying 1 resource from src\main\resources to target\classes
2025-03-20 12:55:51,740 [Worker-39: Building] INFO  o.a.m.s.f.DefaultMavenResourcesFiltering - Copying 1 resource from src\main\resources to target\classes
2025-03-20 12:55:51,744 [Worker-39: Building] INFO  o.a.m.s.f.DefaultMavenResourcesFiltering - skip non existing resourceDirectory D:\PollCreationBackend\PollCreationBackend\src\test\resources
2025-03-20 12:55:54,979 [Worker-35: Building] INFO  o.a.m.s.f.DefaultMavenResourcesFiltering - Copying 1 resource from src\main\resources to target\classes
2025-03-20 12:55:54,983 [Worker-35: Building] INFO  o.a.m.s.f.DefaultMavenResourcesFiltering - Copying 1 resource from src\main\resources to target\classes
2025-03-20 12:55:54,986 [Worker-35: Building] INFO  o.a.m.s.f.DefaultMavenResourcesFiltering - skip non existing resourceDirectory D:\PollCreationBackend\PollCreationBackend\src\test\resources
2025-03-20 12:56:11,192 [Worker-39: Building] INFO  o.a.m.s.f.DefaultMavenResourcesFiltering - Copying 1 resource from src\main\resources to target\classes
2025-03-20 12:56:11,201 [Worker-39: Building] INFO  o.a.m.s.f.DefaultMavenResourcesFiltering - Copying 1 resource from src\main\resources to target\classes
2025-03-20 12:56:11,206 [Worker-39: Building] INFO  o.a.m.s.f.DefaultMavenResourcesFiltering - skip non existing resourceDirectory D:\PollCreationBackend\PollCreationBackend\src\test\resources
2025-03-20 12:57:28,383 [Worker-43: Building] INFO  o.a.m.s.f.DefaultMavenResourcesFiltering - Copying 1 resource from src\main\resources to target\classes
2025-03-20 12:57:28,391 [Worker-43: Building] INFO  o.a.m.s.f.DefaultMavenResourcesFiltering - Copying 1 resource from src\main\resources to target\classes
2025-03-20 12:57:28,395 [Worker-43: Building] INFO  o.a.m.s.f.DefaultMavenResourcesFiltering - skip non existing resourceDirectory D:\PollCreationBackend\PollCreationBackend\src\test\resources
2025-03-20 12:57:36,904 [Worker-41: Building] INFO  o.a.m.s.f.DefaultMavenResourcesFiltering - Copying 1 resource from src\main\resources to target\classes
2025-03-20 12:57:36,908 [Worker-41: Building] INFO  o.a.m.s.f.DefaultMavenResourcesFiltering - Copying 1 resource from src\main\resources to target\classes
2025-03-20 12:57:36,911 [Worker-41: Building] INFO  o.a.m.s.f.DefaultMavenResourcesFiltering - skip non existing resourceDirectory D:\PollCreationBackend\PollCreationBackend\src\test\resources
2025-03-20 12:57:38,845 [Worker-44: Building] INFO  o.a.m.s.f.DefaultMavenResourcesFiltering - Copying 1 resource from src\main\resources to target\classes
2025-03-20 12:57:38,856 [Worker-44: Building] INFO  o.a.m.s.f.DefaultMavenResourcesFiltering - Copying 1 resource from src\main\resources to target\classes
2025-03-20 12:57:38,860 [Worker-44: Building] INFO  o.a.m.s.f.DefaultMavenResourcesFiltering - skip non existing resourceDirectory D:\PollCreationBackend\PollCreationBackend\src\test\resources
2025-03-20 12:57:59,804 [Worker-39: Building] INFO  o.a.m.s.f.DefaultMavenResourcesFiltering - Copying 1 resource from src\main\resources to target\classes
2025-03-20 12:57:59,809 [Worker-39: Building] INFO  o.a.m.s.f.DefaultMavenResourcesFiltering - Copying 1 resource from src\main\resources to target\classes
2025-03-20 12:57:59,814 [Worker-39: Building] INFO  o.a.m.s.f.DefaultMavenResourcesFiltering - skip non existing resourceDirectory D:\PollCreationBackend\PollCreationBackend\src\test\resources
2025-03-20 12:58:24,351 [Worker-39: Building] INFO  o.a.m.s.f.DefaultMavenResourcesFiltering - Copying 1 resource from src\main\resources to target\classes
2025-03-20 12:58:24,358 [Worker-39: Building] INFO  o.a.m.s.f.DefaultMavenResourcesFiltering - Copying 1 resource from src\main\resources to target\classes
2025-03-20 12:58:24,363 [Worker-39: Building] INFO  o.a.m.s.f.DefaultMavenResourcesFiltering - skip non existing resourceDirectory D:\PollCreationBackend\PollCreationBackend\src\test\resources
2025-03-20 12:58:30,751 [Worker-43: Building] INFO  o.a.m.s.f.DefaultMavenResourcesFiltering - Copying 1 resource from src\main\resources to target\classes
2025-03-20 12:58:30,755 [Worker-43: Building] INFO  o.a.m.s.f.DefaultMavenResourcesFiltering - Copying 1 resource from src\main\resources to target\classes
2025-03-20 12:58:30,758 [Worker-43: Building] INFO  o.a.m.s.f.DefaultMavenResourcesFiltering - skip non existing resourceDirectory D:\PollCreationBackend\PollCreationBackend\src\test\resources
2025-03-20 12:58:47,005 [Worker-44: Building] INFO  o.a.m.s.f.DefaultMavenResourcesFiltering - Copying 1 resource from src\main\resources to target\classes
2025-03-20 12:58:47,009 [Worker-44: Building] INFO  o.a.m.s.f.DefaultMavenResourcesFiltering - Copying 1 resource from src\main\resources to target\classes
2025-03-20 12:58:47,016 [Worker-44: Building] INFO  o.a.m.s.f.DefaultMavenResourcesFiltering - skip non existing resourceDirectory D:\PollCreationBackend\PollCreationBackend\src\test\resources
2025-03-20 12:59:15,517 [Worker-44: Building] INFO  o.a.m.s.f.DefaultMavenResourcesFiltering - Copying 1 resource from src\main\resources to target\classes
2025-03-20 12:59:15,520 [Worker-44: Building] INFO  o.a.m.s.f.DefaultMavenResourcesFiltering - Copying 1 resource from src\main\resources to target\classes
2025-03-20 12:59:15,525 [Worker-44: Building] INFO  o.a.m.s.f.DefaultMavenResourcesFiltering - skip non existing resourceDirectory D:\PollCreationBackend\PollCreationBackend\src\test\resources
2025-03-20 12:59:27,707 [Worker-44: Building] INFO  o.a.m.s.f.DefaultMavenResourcesFiltering - Copying 1 resource from src\main\resources to target\classes
2025-03-20 12:59:27,711 [Worker-44: Building] INFO  o.a.m.s.f.DefaultMavenResourcesFiltering - Copying 1 resource from src\main\resources to target\classes
2025-03-20 12:59:27,716 [Worker-44: Building] INFO  o.a.m.s.f.DefaultMavenResourcesFiltering - skip non existing resourceDirectory D:\PollCreationBackend\PollCreationBackend\src\test\resources
2025-03-20 13:07:40,398 [Worker-47: Building] INFO  o.a.m.s.f.DefaultMavenResourcesFiltering - Copying 1 resource from src\main\resources to target\classes
2025-03-20 13:07:40,406 [Worker-47: Building] INFO  o.a.m.s.f.DefaultMavenResourcesFiltering - Copying 1 resource from src\main\resources to target\classes
2025-03-20 13:07:40,412 [Worker-47: Building] INFO  o.a.m.s.f.DefaultMavenResourcesFiltering - skip non existing resourceDirectory D:\PollCreationBackend\PollCreationBackend\src\test\resources
2025-03-20 13:07:51,392 [Worker-39: Building] INFO  o.a.m.s.f.DefaultMavenResourcesFiltering - Copying 1 resource from src\main\resources to target\classes
2025-03-20 13:07:51,398 [Worker-39: Building] INFO  o.a.m.s.f.DefaultMavenResourcesFiltering - Copying 1 resource from src\main\resources to target\classes
2025-03-20 13:07:51,401 [Worker-39: Building] INFO  o.a.m.s.f.DefaultMavenResourcesFiltering - skip non existing resourceDirectory D:\PollCreationBackend\PollCreationBackend\src\test\resources
2025-03-20 13:07:52,515 [Worker-39: Building] INFO  o.a.m.s.f.DefaultMavenResourcesFiltering - Copying 1 resource from src\main\resources to target\classes
2025-03-20 13:07:52,521 [Worker-39: Building] INFO  o.a.m.s.f.DefaultMavenResourcesFiltering - Copying 1 resource from src\main\resources to target\classes
2025-03-20 13:07:52,524 [Worker-39: Building] INFO  o.a.m.s.f.DefaultMavenResourcesFiltering - skip non existing resourceDirectory D:\PollCreationBackend\PollCreationBackend\src\test\resources
2025-03-20 13:10:26,309 [Worker-46: Building] INFO  o.a.m.s.f.DefaultMavenResourcesFiltering - Copying 1 resource from src\main\resources to target\classes
2025-03-20 13:10:26,314 [Worker-46: Building] INFO  o.a.m.s.f.DefaultMavenResourcesFiltering - Copying 1 resource from src\main\resources to target\classes
2025-03-20 13:10:26,318 [Worker-46: Building] INFO  o.a.m.s.f.DefaultMavenResourcesFiltering - skip non existing resourceDirectory D:\PollCreationBackend\PollCreationBackend\src\test\resources
2025-03-20 13:13:04,213 [Worker-39: Building] INFO  o.a.m.s.f.DefaultMavenResourcesFiltering - Copying 1 resource from src\main\resources to target\classes
2025-03-20 13:13:04,218 [Worker-39: Building] INFO  o.a.m.s.f.DefaultMavenResourcesFiltering - Copying 1 resource from src\main\resources to target\classes
2025-03-20 13:13:04,223 [Worker-39: Building] INFO  o.a.m.s.f.DefaultMavenResourcesFiltering - skip non existing resourceDirectory D:\PollCreationBackend\PollCreationBackend\src\test\resources
2025-03-20 13:14:26,766 [Worker-39: Building] INFO  o.e.m.c.i.l.LifecycleMappingFactory - Using org.eclipse.m2e.jdt.JarLifecycleMapping lifecycle mapping for MavenProject: com.akanksh:PollCreationBackend:0.0.1-SNAPSHOT @ D:\PollCreationBackend\PollCreationBackend\pom.xml.
2025-03-20 13:14:27,604 [Worker-39: Building] INFO  o.a.m.s.f.DefaultMavenResourcesFiltering - Copying 0 resource from src\main\resources to target\classes
2025-03-20 13:14:27,605 [Worker-39: Building] INFO  o.a.m.s.f.DefaultMavenResourcesFiltering - Copying 0 resource from src\main\resources to target\classes
2025-03-20 13:14:27,610 [Worker-39: Building] INFO  o.a.m.s.f.DefaultMavenResourcesFiltering - skip non existing resourceDirectory D:\PollCreationBackend\PollCreationBackend\src\test\resources
2025-03-20 13:14:29,070 [Worker-39: Building] INFO  o.a.m.s.f.DefaultMavenResourcesFiltering - Copying 1 resource from src\main\resources to target\classes
2025-03-20 13:14:29,108 [Worker-39: Building] INFO  o.a.m.s.f.DefaultMavenResourcesFiltering - Copying 1 resource from src\main\resources to target\classes
2025-03-20 13:14:29,116 [Worker-39: Building] INFO  o.a.m.s.f.DefaultMavenResourcesFiltering - skip non existing resourceDirectory D:\PollCreationBackend\PollCreationBackend\src\test\resources
2025-03-20 13:18:05,391 [Worker-39: Building] INFO  o.a.m.s.f.DefaultMavenResourcesFiltering - Copying 1 resource from src\main\resources to target\classes
2025-03-20 13:18:05,395 [Worker-39: Building] INFO  o.a.m.s.f.DefaultMavenResourcesFiltering - Copying 1 resource from src\main\resources to target\classes
2025-03-20 13:18:05,399 [Worker-39: Building] INFO  o.a.m.s.f.DefaultMavenResourcesFiltering - skip non existing resourceDirectory D:\PollCreationBackend\PollCreationBackend\src\test\resources
2025-03-20 13:19:50,247 [Worker-51: Building] INFO  o.a.m.s.f.DefaultMavenResourcesFiltering - Copying 1 resource from src\main\resources to target\classes
2025-03-20 13:19:50,256 [Worker-51: Building] INFO  o.a.m.s.f.DefaultMavenResourcesFiltering - Copying 1 resource from src\main\resources to target\classes
2025-03-20 13:19:50,260 [Worker-51: Building] INFO  o.a.m.s.f.DefaultMavenResourcesFiltering - skip non existing resourceDirectory D:\PollCreationBackend\PollCreationBackend\src\test\resources
2025-03-20 13:22:22,573 [Worker-39: Building] INFO  o.a.m.s.f.DefaultMavenResourcesFiltering - Copying 1 resource from src\main\resources to target\classes
2025-03-20 13:22:22,582 [Worker-39: Building] INFO  o.a.m.s.f.DefaultMavenResourcesFiltering - Copying 1 resource from src\main\resources to target\classes
2025-03-20 13:22:22,585 [Worker-39: Building] INFO  o.a.m.s.f.DefaultMavenResourcesFiltering - skip non existing resourceDirectory D:\PollCreationBackend\PollCreationBackend\src\test\resources
2025-03-20 13:27:16,030 [Worker-48: Building] INFO  o.a.m.s.f.DefaultMavenResourcesFiltering - Copying 1 resource from src\main\resources to target\classes
2025-03-20 13:27:16,036 [Worker-48: Building] INFO  o.a.m.s.f.DefaultMavenResourcesFiltering - Copying 1 resource from src\main\resources to target\classes
2025-03-20 13:27:16,039 [Worker-48: Building] INFO  o.a.m.s.f.DefaultMavenResourcesFiltering - skip non existing resourceDirectory D:\PollCreationBackend\PollCreationBackend\src\test\resources
2025-03-20 13:28:48,211 [Worker-47: Building] INFO  o.a.m.s.f.DefaultMavenResourcesFiltering - Copying 1 resource from src\main\resources to target\classes
2025-03-20 13:28:48,215 [Worker-47: Building] INFO  o.a.m.s.f.DefaultMavenResourcesFiltering - Copying 1 resource from src\main\resources to target\classes
2025-03-20 13:28:48,218 [Worker-47: Building] INFO  o.a.m.s.f.DefaultMavenResourcesFiltering - skip non existing resourceDirectory D:\PollCreationBackend\PollCreationBackend\src\test\resources
2025-03-20 13:29:18,171 [Worker-50: Building] INFO  o.a.m.s.f.DefaultMavenResourcesFiltering - Copying 1 resource from src\main\resources to target\classes
2025-03-20 13:29:18,176 [Worker-50: Building] INFO  o.a.m.s.f.DefaultMavenResourcesFiltering - Copying 1 resource from src\main\resources to target\classes
2025-03-20 13:29:18,179 [Worker-50: Building] INFO  o.a.m.s.f.DefaultMavenResourcesFiltering - skip non existing resourceDirectory D:\PollCreationBackend\PollCreationBackend\src\test\resources
2025-03-20 13:30:40,696 [Worker-50: Building] INFO  o.a.m.s.f.DefaultMavenResourcesFiltering - Copying 1 resource from src\main\resources to target\classes
2025-03-20 13:30:40,702 [Worker-50: Building] INFO  o.a.m.s.f.DefaultMavenResourcesFiltering - Copying 1 resource from src\main\resources to target\classes
2025-03-20 13:30:40,705 [Worker-50: Building] INFO  o.a.m.s.f.DefaultMavenResourcesFiltering - skip non existing resourceDirectory D:\PollCreationBackend\PollCreationBackend\src\test\resources
2025-03-20 13:32:05,906 [Worker-51: Building] INFO  o.a.m.s.f.DefaultMavenResourcesFiltering - Copying 1 resource from src\main\resources to target\classes
2025-03-20 13:32:05,906 [Worker-51: Building] INFO  o.a.m.s.f.DefaultMavenResourcesFiltering - Copying 1 resource from src\main\resources to target\classes
2025-03-20 13:32:05,916 [Worker-51: Building] INFO  o.a.m.s.f.DefaultMavenResourcesFiltering - skip non existing resourceDirectory D:\PollCreationBackend\PollCreationBackend\src\test\resources
2025-03-20 13:34:10,632 [Worker-51: Building] INFO  o.a.m.s.f.DefaultMavenResourcesFiltering - Copying 1 resource from src\main\resources to target\classes
2025-03-20 13:34:10,637 [Worker-51: Building] INFO  o.a.m.s.f.DefaultMavenResourcesFiltering - Copying 1 resource from src\main\resources to target\classes
2025-03-20 13:34:10,641 [Worker-51: Building] INFO  o.a.m.s.f.DefaultMavenResourcesFiltering - skip non existing resourceDirectory D:\PollCreationBackend\PollCreationBackend\src\test\resources
2025-03-20 13:34:34,366 [Worker-46: Building] INFO  o.a.m.s.f.DefaultMavenResourcesFiltering - Copying 1 resource from src\main\resources to target\classes
2025-03-20 13:34:34,369 [Worker-46: Building] INFO  o.a.m.s.f.DefaultMavenResourcesFiltering - Copying 1 resource from src\main\resources to target\classes
2025-03-20 13:34:34,372 [Worker-46: Building] INFO  o.a.m.s.f.DefaultMavenResourcesFiltering - skip non existing resourceDirectory D:\PollCreationBackend\PollCreationBackend\src\test\resources
2025-03-20 13:34:37,871 [Worker-39: Building] INFO  o.a.m.s.f.DefaultMavenResourcesFiltering - Copying 1 resource from src\main\resources to target\classes
2025-03-20 13:34:37,874 [Worker-39: Building] INFO  o.a.m.s.f.DefaultMavenResourcesFiltering - Copying 1 resource from src\main\resources to target\classes
2025-03-20 13:34:37,878 [Worker-39: Building] INFO  o.a.m.s.f.DefaultMavenResourcesFiltering - skip non existing resourceDirectory D:\PollCreationBackend\PollCreationBackend\src\test\resources
2025-03-20 15:42:47,638 [Worker-54: Building] INFO  o.a.m.s.f.DefaultMavenResourcesFiltering - Copying 1 resource from src\main\resources to target\classes
2025-03-20 15:42:47,661 [Worker-54: Building] INFO  o.a.m.s.f.DefaultMavenResourcesFiltering - Copying 1 resource from src\main\resources to target\classes
2025-03-20 15:42:47,666 [Worker-54: Building] INFO  o.a.m.s.f.DefaultMavenResourcesFiltering - skip non existing resourceDirectory D:\PollCreationBackend\PollCreationBackend\src\test\resources
2025-03-20 15:43:11,045 [Worker-52: Building] INFO  o.a.m.s.f.DefaultMavenResourcesFiltering - Copying 1 resource from src\main\resources to target\classes
2025-03-20 15:43:11,055 [Worker-52: Building] INFO  o.a.m.s.f.DefaultMavenResourcesFiltering - Copying 1 resource from src\main\resources to target\classes
2025-03-20 15:43:11,060 [Worker-52: Building] INFO  o.a.m.s.f.DefaultMavenResourcesFiltering - skip non existing resourceDirectory D:\PollCreationBackend\PollCreationBackend\src\test\resources
2025-03-20 15:46:53,369 [Worker-54: Building] INFO  o.a.m.s.f.DefaultMavenResourcesFiltering - Copying 1 resource from src\main\resources to target\classes
2025-03-20 15:46:53,376 [Worker-54: Building] INFO  o.a.m.s.f.DefaultMavenResourcesFiltering - Copying 1 resource from src\main\resources to target\classes
2025-03-20 15:46:53,381 [Worker-54: Building] INFO  o.a.m.s.f.DefaultMavenResourcesFiltering - skip non existing resourceDirectory D:\PollCreationBackend\PollCreationBackend\src\test\resources
2025-03-20 15:47:36,044 [Worker-57: Building] INFO  o.a.m.s.f.DefaultMavenResourcesFiltering - Copying 1 resource from src\main\resources to target\classes
2025-03-20 15:47:36,051 [Worker-57: Building] INFO  o.a.m.s.f.DefaultMavenResourcesFiltering - Copying 1 resource from src\main\resources to target\classes
2025-03-20 15:47:36,056 [Worker-57: Building] INFO  o.a.m.s.f.DefaultMavenResourcesFiltering - skip non existing resourceDirectory D:\PollCreationBackend\PollCreationBackend\src\test\resources
2025-03-20 15:48:04,116 [Worker-52: Building] INFO  o.a.m.s.f.DefaultMavenResourcesFiltering - Copying 1 resource from src\main\resources to target\classes
2025-03-20 15:48:04,120 [Worker-52: Building] INFO  o.a.m.s.f.DefaultMavenResourcesFiltering - Copying 1 resource from src\main\resources to target\classes
2025-03-20 15:48:04,123 [Worker-52: Building] INFO  o.a.m.s.f.DefaultMavenResourcesFiltering - skip non existing resourceDirectory D:\PollCreationBackend\PollCreationBackend\src\test\resources
2025-03-20 15:48:08,103 [Worker-52: Building] INFO  o.a.m.s.f.DefaultMavenResourcesFiltering - Copying 1 resource from src\main\resources to target\classes
2025-03-20 15:48:08,109 [Worker-52: Building] INFO  o.a.m.s.f.DefaultMavenResourcesFiltering - Copying 1 resource from src\main\resources to target\classes
2025-03-20 15:48:08,115 [Worker-52: Building] INFO  o.a.m.s.f.DefaultMavenResourcesFiltering - skip non existing resourceDirectory D:\PollCreationBackend\PollCreationBackend\src\test\resources
2025-03-20 15:48:39,990 [Worker-55: Building] INFO  o.a.m.s.f.DefaultMavenResourcesFiltering - Copying 1 resource from src\main\resources to target\classes
2025-03-20 15:48:39,994 [Worker-55: Building] INFO  o.a.m.s.f.DefaultMavenResourcesFiltering - Copying 1 resource from src\main\resources to target\classes
2025-03-20 15:48:39,996 [Worker-55: Building] INFO  o.a.m.s.f.DefaultMavenResourcesFiltering - skip non existing resourceDirectory D:\PollCreationBackend\PollCreationBackend\src\test\resources
2025-03-20 15:49:37,616 [Worker-57: Building] INFO  o.a.m.s.f.DefaultMavenResourcesFiltering - Copying 1 resource from src\main\resources to target\classes
2025-03-20 15:49:37,623 [Worker-57: Building] INFO  o.a.m.s.f.DefaultMavenResourcesFiltering - Copying 1 resource from src\main\resources to target\classes
2025-03-20 15:49:37,628 [Worker-57: Building] INFO  o.a.m.s.f.DefaultMavenResourcesFiltering - skip non existing resourceDirectory D:\PollCreationBackend\PollCreationBackend\src\test\resources
2025-03-20 15:49:38,724 [Worker-56: Building] INFO  o.a.m.s.f.DefaultMavenResourcesFiltering - Copying 1 resource from src\main\resources to target\classes
2025-03-20 15:49:38,727 [Worker-56: Building] INFO  o.a.m.s.f.DefaultMavenResourcesFiltering - Copying 1 resource from src\main\resources to target\classes
2025-03-20 15:49:38,731 [Worker-56: Building] INFO  o.a.m.s.f.DefaultMavenResourcesFiltering - skip non existing resourceDirectory D:\PollCreationBackend\PollCreationBackend\src\test\resources
2025-03-20 15:49:59,915 [Worker-54: Building] INFO  o.a.m.s.f.DefaultMavenResourcesFiltering - Copying 1 resource from src\main\resources to target\classes
2025-03-20 15:49:59,917 [Worker-54: Building] INFO  o.a.m.s.f.DefaultMavenResourcesFiltering - Copying 1 resource from src\main\resources to target\classes
2025-03-20 15:49:59,921 [Worker-54: Building] INFO  o.a.m.s.f.DefaultMavenResourcesFiltering - skip non existing resourceDirectory D:\PollCreationBackend\PollCreationBackend\src\test\resources
2025-03-20 15:55:42,549 [Worker-46: Building] INFO  o.a.m.s.f.DefaultMavenResourcesFiltering - Copying 1 resource from src\main\resources to target\classes
2025-03-20 15:55:42,555 [Worker-46: Building] INFO  o.a.m.s.f.DefaultMavenResourcesFiltering - Copying 1 resource from src\main\resources to target\classes
2025-03-20 15:55:42,558 [Worker-46: Building] INFO  o.a.m.s.f.DefaultMavenResourcesFiltering - skip non existing resourceDirectory D:\PollCreationBackend\PollCreationBackend\src\test\resources
2025-03-20 15:58:48,911 [Worker-52: Building] INFO  o.a.m.s.f.DefaultMavenResourcesFiltering - Copying 1 resource from src\main\resources to target\classes
2025-03-20 15:58:48,920 [Worker-52: Building] INFO  o.a.m.s.f.DefaultMavenResourcesFiltering - Copying 1 resource from src\main\resources to target\classes
2025-03-20 15:58:48,926 [Worker-52: Building] INFO  o.a.m.s.f.DefaultMavenResourcesFiltering - skip non existing resourceDirectory D:\PollCreationBackend\PollCreationBackend\src\test\resources
2025-03-20 15:58:50,681 [Worker-56: Building] INFO  o.a.m.s.f.DefaultMavenResourcesFiltering - Copying 1 resource from src\main\resources to target\classes
2025-03-20 15:58:50,693 [Worker-56: Building] INFO  o.a.m.s.f.DefaultMavenResourcesFiltering - Copying 1 resource from src\main\resources to target\classes
2025-03-20 15:58:50,699 [Worker-56: Building] INFO  o.a.m.s.f.DefaultMavenResourcesFiltering - skip non existing resourceDirectory D:\PollCreationBackend\PollCreationBackend\src\test\resources
2025-03-20 15:58:59,154 [Worker-54: Building] INFO  o.a.m.s.f.DefaultMavenResourcesFiltering - Copying 1 resource from src\main\resources to target\classes
2025-03-20 15:58:59,163 [Worker-54: Building] INFO  o.a.m.s.f.DefaultMavenResourcesFiltering - Copying 1 resource from src\main\resources to target\classes
2025-03-20 15:58:59,167 [Worker-54: Building] INFO  o.a.m.s.f.DefaultMavenResourcesFiltering - skip non existing resourceDirectory D:\PollCreationBackend\PollCreationBackend\src\test\resources
2025-03-20 15:59:14,679 [Worker-55: Building] INFO  o.a.m.s.f.DefaultMavenResourcesFiltering - Copying 1 resource from src\main\resources to target\classes
2025-03-20 15:59:14,689 [Worker-55: Building] INFO  o.a.m.s.f.DefaultMavenResourcesFiltering - Copying 1 resource from src\main\resources to target\classes
2025-03-20 15:59:14,693 [Worker-55: Building] INFO  o.a.m.s.f.DefaultMavenResourcesFiltering - skip non existing resourceDirectory D:\PollCreationBackend\PollCreationBackend\src\test\resources
2025-03-20 15:59:50,651 [Worker-57: Building] INFO  o.a.m.s.f.DefaultMavenResourcesFiltering - Copying 1 resource from src\main\resources to target\classes
2025-03-20 15:59:50,658 [Worker-57: Building] INFO  o.a.m.s.f.DefaultMavenResourcesFiltering - Copying 1 resource from src\main\resources to target\classes
2025-03-20 15:59:50,663 [Worker-57: Building] INFO  o.a.m.s.f.DefaultMavenResourcesFiltering - skip non existing resourceDirectory D:\PollCreationBackend\PollCreationBackend\src\test\resources
2025-03-20 15:59:52,901 [Worker-46: Building] INFO  o.a.m.s.f.DefaultMavenResourcesFiltering - Copying 1 resource from src\main\resources to target\classes
2025-03-20 15:59:52,904 [Worker-46: Building] INFO  o.a.m.s.f.DefaultMavenResourcesFiltering - Copying 1 resource from src\main\resources to target\classes
2025-03-20 15:59:52,907 [Worker-46: Building] INFO  o.a.m.s.f.DefaultMavenResourcesFiltering - skip non existing resourceDirectory D:\PollCreationBackend\PollCreationBackend\src\test\resources
2025-03-20 16:00:40,170 [Worker-46: Building] INFO  o.a.m.s.f.DefaultMavenResourcesFiltering - Copying 1 resource from src\main\resources to target\classes
2025-03-20 16:00:40,179 [Worker-46: Building] INFO  o.a.m.s.f.DefaultMavenResourcesFiltering - Copying 1 resource from src\main\resources to target\classes
2025-03-20 16:00:40,187 [Worker-46: Building] INFO  o.a.m.s.f.DefaultMavenResourcesFiltering - skip non existing resourceDirectory D:\PollCreationBackend\PollCreationBackend\src\test\resources
2025-03-20 16:03:24,661 [Worker-55: Building] INFO  o.a.m.s.f.DefaultMavenResourcesFiltering - Copying 1 resource from src\main\resources to target\classes
2025-03-20 16:03:24,666 [Worker-55: Building] INFO  o.a.m.s.f.DefaultMavenResourcesFiltering - Copying 1 resource from src\main\resources to target\classes
2025-03-20 16:03:24,670 [Worker-55: Building] INFO  o.a.m.s.f.DefaultMavenResourcesFiltering - skip non existing resourceDirectory D:\PollCreationBackend\PollCreationBackend\src\test\resources
2025-03-20 16:03:32,648 [Worker-55: Building] INFO  o.a.m.s.f.DefaultMavenResourcesFiltering - Copying 1 resource from src\main\resources to target\classes
2025-03-20 16:03:32,651 [Worker-55: Building] INFO  o.a.m.s.f.DefaultMavenResourcesFiltering - Copying 1 resource from src\main\resources to target\classes
2025-03-20 16:03:32,655 [Worker-55: Building] INFO  o.a.m.s.f.DefaultMavenResourcesFiltering - skip non existing resourceDirectory D:\PollCreationBackend\PollCreationBackend\src\test\resources
2025-03-20 16:04:02,723 [Worker-54: Building] INFO  o.a.m.s.f.DefaultMavenResourcesFiltering - Copying 1 resource from src\main\resources to target\classes
2025-03-20 16:04:02,732 [Worker-54: Building] INFO  o.a.m.s.f.DefaultMavenResourcesFiltering - Copying 1 resource from src\main\resources to target\classes
2025-03-20 16:04:02,737 [Worker-54: Building] INFO  o.a.m.s.f.DefaultMavenResourcesFiltering - skip non existing resourceDirectory D:\PollCreationBackend\PollCreationBackend\src\test\resources
2025-03-20 16:32:17,696 [Worker-62: Building] INFO  o.a.m.s.f.DefaultMavenResourcesFiltering - Copying 1 resource from src\main\resources to target\classes
2025-03-20 16:32:17,726 [Worker-62: Building] INFO  o.a.m.s.f.DefaultMavenResourcesFiltering - Copying 1 resource from src\main\resources to target\classes
2025-03-20 16:32:17,735 [Worker-62: Building] INFO  o.a.m.s.f.DefaultMavenResourcesFiltering - skip non existing resourceDirectory D:\PollCreationBackend\PollCreationBackend\src\test\resources
2025-03-20 16:32:19,132 [Worker-60: Building] INFO  o.a.m.s.f.DefaultMavenResourcesFiltering - Copying 1 resource from src\main\resources to target\classes
2025-03-20 16:32:19,139 [Worker-60: Building] INFO  o.a.m.s.f.DefaultMavenResourcesFiltering - Copying 1 resource from src\main\resources to target\classes
2025-03-20 16:32:19,144 [Worker-60: Building] INFO  o.a.m.s.f.DefaultMavenResourcesFiltering - skip non existing resourceDirectory D:\PollCreationBackend\PollCreationBackend\src\test\resources
2025-03-20 16:33:25,488 [Worker-64: Building] INFO  o.a.m.s.f.DefaultMavenResourcesFiltering - Copying 1 resource from src\main\resources to target\classes
2025-03-20 16:33:25,491 [Worker-64: Building] INFO  o.a.m.s.f.DefaultMavenResourcesFiltering - Copying 1 resource from src\main\resources to target\classes
2025-03-20 16:33:25,494 [Worker-64: Building] INFO  o.a.m.s.f.DefaultMavenResourcesFiltering - skip non existing resourceDirectory D:\PollCreationBackend\PollCreationBackend\src\test\resources
2025-03-20 16:33:31,213 [Worker-57: Building] INFO  o.a.m.s.f.DefaultMavenResourcesFiltering - Copying 1 resource from src\main\resources to target\classes
2025-03-20 16:33:31,218 [Worker-57: Building] INFO  o.a.m.s.f.DefaultMavenResourcesFiltering - Copying 1 resource from src\main\resources to target\classes
2025-03-20 16:33:31,221 [Worker-57: Building] INFO  o.a.m.s.f.DefaultMavenResourcesFiltering - skip non existing resourceDirectory D:\PollCreationBackend\PollCreationBackend\src\test\resources
2025-03-20 16:36:11,426 [Worker-46: Building] INFO  o.a.m.s.f.DefaultMavenResourcesFiltering - Copying 1 resource from src\main\resources to target\classes
2025-03-20 16:36:11,432 [Worker-46: Building] INFO  o.a.m.s.f.DefaultMavenResourcesFiltering - Copying 1 resource from src\main\resources to target\classes
2025-03-20 16:36:11,435 [Worker-46: Building] INFO  o.a.m.s.f.DefaultMavenResourcesFiltering - skip non existing resourceDirectory D:\PollCreationBackend\PollCreationBackend\src\test\resources
2025-03-20 16:39:46,190 [Worker-57: Building] INFO  o.a.m.s.f.DefaultMavenResourcesFiltering - Copying 1 resource from src\main\resources to target\classes
2025-03-20 16:39:46,195 [Worker-57: Building] INFO  o.a.m.s.f.DefaultMavenResourcesFiltering - Copying 1 resource from src\main\resources to target\classes
2025-03-20 16:39:46,198 [Worker-57: Building] INFO  o.a.m.s.f.DefaultMavenResourcesFiltering - skip non existing resourceDirectory D:\PollCreationBackend\PollCreationBackend\src\test\resources
2025-03-20 17:00:16,677 [Worker-57: Building] INFO  o.a.m.s.f.DefaultMavenResourcesFiltering - Copying 1 resource from src\main\resources to target\classes
2025-03-20 17:00:16,690 [Worker-57: Building] INFO  o.a.m.s.f.DefaultMavenResourcesFiltering - Copying 1 resource from src\main\resources to target\classes
2025-03-20 17:00:16,695 [Worker-57: Building] INFO  o.a.m.s.f.DefaultMavenResourcesFiltering - skip non existing resourceDirectory D:\PollCreationBackend\PollCreationBackend\src\test\resources
2025-03-20 17:00:28,196 [Worker-60: Building] INFO  o.a.m.s.f.DefaultMavenResourcesFiltering - Copying 1 resource from src\main\resources to target\classes
2025-03-20 17:00:28,206 [Worker-60: Building] INFO  o.a.m.s.f.DefaultMavenResourcesFiltering - Copying 1 resource from src\main\resources to target\classes
2025-03-20 17:00:28,211 [Worker-60: Building] INFO  o.a.m.s.f.DefaultMavenResourcesFiltering - skip non existing resourceDirectory D:\PollCreationBackend\PollCreationBackend\src\test\resources
2025-03-20 17:00:36,319 [Worker-62: Building] INFO  o.a.m.s.f.DefaultMavenResourcesFiltering - Copying 1 resource from src\main\resources to target\classes
2025-03-20 17:00:36,326 [Worker-62: Building] INFO  o.a.m.s.f.DefaultMavenResourcesFiltering - Copying 1 resource from src\main\resources to target\classes
2025-03-20 17:00:36,330 [Worker-62: Building] INFO  o.a.m.s.f.DefaultMavenResourcesFiltering - skip non existing resourceDirectory D:\PollCreationBackend\PollCreationBackend\src\test\resources
2025-03-20 17:00:49,550 [Worker-65: Building] INFO  o.a.m.s.f.DefaultMavenResourcesFiltering - Copying 1 resource from src\main\resources to target\classes
2025-03-20 17:00:49,554 [Worker-65: Building] INFO  o.a.m.s.f.DefaultMavenResourcesFiltering - Copying 1 resource from src\main\resources to target\classes
2025-03-20 17:00:49,558 [Worker-65: Building] INFO  o.a.m.s.f.DefaultMavenResourcesFiltering - skip non existing resourceDirectory D:\PollCreationBackend\PollCreationBackend\src\test\resources
2025-03-20 17:00:51,827 [Worker-64: Building] INFO  o.a.m.s.f.DefaultMavenResourcesFiltering - Copying 1 resource from src\main\resources to target\classes
2025-03-20 17:00:51,833 [Worker-64: Building] INFO  o.a.m.s.f.DefaultMavenResourcesFiltering - Copying 1 resource from src\main\resources to target\classes
2025-03-20 17:00:51,836 [Worker-64: Building] INFO  o.a.m.s.f.DefaultMavenResourcesFiltering - skip non existing resourceDirectory D:\PollCreationBackend\PollCreationBackend\src\test\resources
2025-03-20 17:03:18,091 [Worker-64: Building] INFO  o.a.m.s.f.DefaultMavenResourcesFiltering - Copying 1 resource from src\main\resources to target\classes
2025-03-20 17:03:18,093 [Worker-64: Building] INFO  o.a.m.s.f.DefaultMavenResourcesFiltering - Copying 1 resource from src\main\resources to target\classes
2025-03-20 17:03:18,096 [Worker-64: Building] INFO  o.a.m.s.f.DefaultMavenResourcesFiltering - skip non existing resourceDirectory D:\PollCreationBackend\PollCreationBackend\src\test\resources
2025-03-20 17:03:36,035 [Worker-66: Building] INFO  o.a.m.s.f.DefaultMavenResourcesFiltering - Copying 1 resource from src\main\resources to target\classes
2025-03-20 17:03:36,038 [Worker-66: Building] INFO  o.a.m.s.f.DefaultMavenResourcesFiltering - Copying 1 resource from src\main\resources to target\classes
2025-03-20 17:03:36,041 [Worker-66: Building] INFO  o.a.m.s.f.DefaultMavenResourcesFiltering - skip non existing resourceDirectory D:\PollCreationBackend\PollCreationBackend\src\test\resources
2025-03-20 17:04:53,799 [Worker-66: Building] INFO  o.a.m.s.f.DefaultMavenResourcesFiltering - Copying 1 resource from src\main\resources to target\classes
2025-03-20 17:04:53,805 [Worker-66: Building] INFO  o.a.m.s.f.DefaultMavenResourcesFiltering - Copying 1 resource from src\main\resources to target\classes
2025-03-20 17:04:53,809 [Worker-66: Building] INFO  o.a.m.s.f.DefaultMavenResourcesFiltering - skip non existing resourceDirectory D:\PollCreationBackend\PollCreationBackend\src\test\resources
2025-03-20 17:06:11,313 [Worker-66: Building] INFO  o.a.m.s.f.DefaultMavenResourcesFiltering - Copying 1 resource from src\main\resources to target\classes
2025-03-20 17:06:11,318 [Worker-66: Building] INFO  o.a.m.s.f.DefaultMavenResourcesFiltering - Copying 1 resource from src\main\resources to target\classes
2025-03-20 17:06:11,321 [Worker-66: Building] INFO  o.a.m.s.f.DefaultMavenResourcesFiltering - skip non existing resourceDirectory D:\PollCreationBackend\PollCreationBackend\src\test\resources
2025-03-20 17:07:25,944 [Worker-66: Building] INFO  o.a.m.s.f.DefaultMavenResourcesFiltering - Copying 1 resource from src\main\resources to target\classes
2025-03-20 17:07:25,949 [Worker-66: Building] INFO  o.a.m.s.f.DefaultMavenResourcesFiltering - Copying 1 resource from src\main\resources to target\classes
2025-03-20 17:07:25,951 [Worker-66: Building] INFO  o.a.m.s.f.DefaultMavenResourcesFiltering - skip non existing resourceDirectory D:\PollCreationBackend\PollCreationBackend\src\test\resources
2025-03-20 17:37:53,063 [Worker-46: Building] INFO  o.a.m.s.f.DefaultMavenResourcesFiltering - Copying 1 resource from src\main\resources to target\classes
2025-03-20 17:37:53,072 [Worker-46: Building] INFO  o.a.m.s.f.DefaultMavenResourcesFiltering - Copying 1 resource from src\main\resources to target\classes
2025-03-20 17:37:53,075 [Worker-46: Building] INFO  o.a.m.s.f.DefaultMavenResourcesFiltering - skip non existing resourceDirectory D:\PollCreationBackend\PollCreationBackend\src\test\resources
2025-03-20 17:39:23,390 [Worker-61: Building] INFO  o.a.m.s.f.DefaultMavenResourcesFiltering - Copying 1 resource from src\main\resources to target\classes
2025-03-20 17:39:23,400 [Worker-61: Building] INFO  o.a.m.s.f.DefaultMavenResourcesFiltering - Copying 1 resource from src\main\resources to target\classes
2025-03-20 17:39:23,403 [Worker-61: Building] INFO  o.a.m.s.f.DefaultMavenResourcesFiltering - skip non existing resourceDirectory D:\PollCreationBackend\PollCreationBackend\src\test\resources
2025-03-20 17:40:24,211 [Worker-62: Building] INFO  o.a.m.s.f.DefaultMavenResourcesFiltering - Copying 1 resource from src\main\resources to target\classes
2025-03-20 17:40:24,216 [Worker-62: Building] INFO  o.a.m.s.f.DefaultMavenResourcesFiltering - Copying 1 resource from src\main\resources to target\classes
2025-03-20 17:40:24,219 [Worker-62: Building] INFO  o.a.m.s.f.DefaultMavenResourcesFiltering - skip non existing resourceDirectory D:\PollCreationBackend\PollCreationBackend\src\test\resources
2025-03-20 17:40:31,091 [Worker-60: Building] INFO  o.a.m.s.f.DefaultMavenResourcesFiltering - Copying 1 resource from src\main\resources to target\classes
2025-03-20 17:40:31,096 [Worker-60: Building] INFO  o.a.m.s.f.DefaultMavenResourcesFiltering - Copying 1 resource from src\main\resources to target\classes
2025-03-20 17:40:31,100 [Worker-60: Building] INFO  o.a.m.s.f.DefaultMavenResourcesFiltering - skip non existing resourceDirectory D:\PollCreationBackend\PollCreationBackend\src\test\resources
2025-03-20 17:40:51,554 [Worker-57: Building] INFO  o.a.m.s.f.DefaultMavenResourcesFiltering - Copying 1 resource from src\main\resources to target\classes
2025-03-20 17:40:51,557 [Worker-57: Building] INFO  o.a.m.s.f.DefaultMavenResourcesFiltering - Copying 1 resource from src\main\resources to target\classes
2025-03-20 17:40:51,560 [Worker-57: Building] INFO  o.a.m.s.f.DefaultMavenResourcesFiltering - skip non existing resourceDirectory D:\PollCreationBackend\PollCreationBackend\src\test\resources
2025-03-20 17:41:13,271 [Worker-46: Building] INFO  o.a.m.s.f.DefaultMavenResourcesFiltering - Copying 1 resource from src\main\resources to target\classes
2025-03-20 17:41:13,274 [Worker-46: Building] INFO  o.a.m.s.f.DefaultMavenResourcesFiltering - Copying 1 resource from src\main\resources to target\classes
2025-03-20 17:41:13,277 [Worker-46: Building] INFO  o.a.m.s.f.DefaultMavenResourcesFiltering - skip non existing resourceDirectory D:\PollCreationBackend\PollCreationBackend\src\test\resources
2025-03-20 17:59:04,506 [Worker-62: Building] INFO  o.a.m.s.f.DefaultMavenResourcesFiltering - Copying 1 resource from src\main\resources to target\classes
2025-03-20 17:59:04,514 [Worker-62: Building] INFO  o.a.m.s.f.DefaultMavenResourcesFiltering - Copying 1 resource from src\main\resources to target\classes
2025-03-20 17:59:04,521 [Worker-62: Building] INFO  o.a.m.s.f.DefaultMavenResourcesFiltering - skip non existing resourceDirectory D:\PollCreationBackend\PollCreationBackend\src\test\resources
2025-03-20 17:59:15,692 [Worker-62: Building] INFO  o.a.m.s.f.DefaultMavenResourcesFiltering - Copying 1 resource from src\main\resources to target\classes
2025-03-20 17:59:15,700 [Worker-62: Building] INFO  o.a.m.s.f.DefaultMavenResourcesFiltering - Copying 1 resource from src\main\resources to target\classes
2025-03-20 17:59:15,703 [Worker-62: Building] INFO  o.a.m.s.f.DefaultMavenResourcesFiltering - skip non existing resourceDirectory D:\PollCreationBackend\PollCreationBackend\src\test\resources
2025-03-20 18:01:07,220 [Worker-60: Building] INFO  o.a.m.s.f.DefaultMavenResourcesFiltering - Copying 1 resource from src\main\resources to target\classes
2025-03-20 18:01:07,223 [Worker-60: Building] INFO  o.a.m.s.f.DefaultMavenResourcesFiltering - Copying 1 resource from src\main\resources to target\classes
2025-03-20 18:01:07,225 [Worker-60: Building] INFO  o.a.m.s.f.DefaultMavenResourcesFiltering - skip non existing resourceDirectory D:\PollCreationBackend\PollCreationBackend\src\test\resources
2025-03-20 18:03:02,357 [Worker-65: Building] INFO  o.a.m.s.f.DefaultMavenResourcesFiltering - Copying 1 resource from src\main\resources to target\classes
2025-03-20 18:03:02,362 [Worker-65: Building] INFO  o.a.m.s.f.DefaultMavenResourcesFiltering - Copying 1 resource from src\main\resources to target\classes
2025-03-20 18:03:02,365 [Worker-65: Building] INFO  o.a.m.s.f.DefaultMavenResourcesFiltering - skip non existing resourceDirectory D:\PollCreationBackend\PollCreationBackend\src\test\resources
2025-03-20 18:11:11,349 [Worker-64: Building] INFO  o.a.m.s.f.DefaultMavenResourcesFiltering - Copying 1 resource from src\main\resources to target\classes
2025-03-20 18:11:11,356 [Worker-64: Building] INFO  o.a.m.s.f.DefaultMavenResourcesFiltering - Copying 1 resource from src\main\resources to target\classes
2025-03-20 18:11:11,359 [Worker-64: Building] INFO  o.a.m.s.f.DefaultMavenResourcesFiltering - skip non existing resourceDirectory D:\PollCreationBackend\PollCreationBackend\src\test\resources
2025-03-20 18:11:18,635 [Worker-60: Building] INFO  o.a.m.s.f.DefaultMavenResourcesFiltering - Copying 1 resource from src\main\resources to target\classes
2025-03-20 18:11:18,645 [Worker-60: Building] INFO  o.a.m.s.f.DefaultMavenResourcesFiltering - Copying 1 resource from src\main\resources to target\classes
2025-03-20 18:11:18,648 [Worker-60: Building] INFO  o.a.m.s.f.DefaultMavenResourcesFiltering - skip non existing resourceDirectory D:\PollCreationBackend\PollCreationBackend\src\test\resources
2025-03-20 18:12:21,570 [Worker-64: Building] INFO  o.a.m.s.f.DefaultMavenResourcesFiltering - Copying 1 resource from src\main\resources to target\classes
2025-03-20 18:12:21,574 [Worker-64: Building] INFO  o.a.m.s.f.DefaultMavenResourcesFiltering - Copying 1 resource from src\main\resources to target\classes
2025-03-20 18:12:21,576 [Worker-64: Building] INFO  o.a.m.s.f.DefaultMavenResourcesFiltering - skip non existing resourceDirectory D:\PollCreationBackend\PollCreationBackend\src\test\resources
2025-03-20 18:14:28,328 [Worker-62: Building] INFO  o.a.m.s.f.DefaultMavenResourcesFiltering - Copying 1 resource from src\main\resources to target\classes
2025-03-20 18:14:28,332 [Worker-62: Building] INFO  o.a.m.s.f.DefaultMavenResourcesFiltering - Copying 1 resource from src\main\resources to target\classes
2025-03-20 18:14:28,336 [Worker-62: Building] INFO  o.a.m.s.f.DefaultMavenResourcesFiltering - skip non existing resourceDirectory D:\PollCreationBackend\PollCreationBackend\src\test\resources
2025-03-20 18:16:47,699 [Worker-60: Building] INFO  o.a.m.s.f.DefaultMavenResourcesFiltering - Copying 1 resource from src\main\resources to target\classes
2025-03-20 18:16:47,707 [Worker-60: Building] INFO  o.a.m.s.f.DefaultMavenResourcesFiltering - Copying 1 resource from src\main\resources to target\classes
2025-03-20 18:16:47,711 [Worker-60: Building] INFO  o.a.m.s.f.DefaultMavenResourcesFiltering - skip non existing resourceDirectory D:\PollCreationBackend\PollCreationBackend\src\test\resources
2025-03-20 18:17:27,007 [Worker-60: Building] INFO  o.a.m.s.f.DefaultMavenResourcesFiltering - Copying 1 resource from src\main\resources to target\classes
2025-03-20 18:17:27,011 [Worker-60: Building] INFO  o.a.m.s.f.DefaultMavenResourcesFiltering - Copying 1 resource from src\main\resources to target\classes
2025-03-20 18:17:27,014 [Worker-60: Building] INFO  o.a.m.s.f.DefaultMavenResourcesFiltering - skip non existing resourceDirectory D:\PollCreationBackend\PollCreationBackend\src\test\resources
2025-03-20 18:17:35,438 [Worker-60: Building] INFO  o.a.m.s.f.DefaultMavenResourcesFiltering - Copying 1 resource from src\main\resources to target\classes
2025-03-20 18:17:35,444 [Worker-60: Building] INFO  o.a.m.s.f.DefaultMavenResourcesFiltering - Copying 1 resource from src\main\resources to target\classes
2025-03-20 18:17:35,447 [Worker-60: Building] INFO  o.a.m.s.f.DefaultMavenResourcesFiltering - skip non existing resourceDirectory D:\PollCreationBackend\PollCreationBackend\src\test\resources
2025-03-20 18:22:43,837 [Worker-61: Building] INFO  o.a.m.s.f.DefaultMavenResourcesFiltering - Copying 1 resource from src\main\resources to target\classes
2025-03-20 18:22:43,842 [Worker-61: Building] INFO  o.a.m.s.f.DefaultMavenResourcesFiltering - Copying 1 resource from src\main\resources to target\classes
2025-03-20 18:22:43,845 [Worker-61: Building] INFO  o.a.m.s.f.DefaultMavenResourcesFiltering - skip non existing resourceDirectory D:\PollCreationBackend\PollCreationBackend\src\test\resources
2025-03-20 18:23:05,157 [Worker-60: Building] INFO  o.a.m.s.f.DefaultMavenResourcesFiltering - Copying 1 resource from src\main\resources to target\classes
2025-03-20 18:23:05,161 [Worker-60: Building] INFO  o.a.m.s.f.DefaultMavenResourcesFiltering - Copying 1 resource from src\main\resources to target\classes
2025-03-20 18:23:05,163 [Worker-60: Building] INFO  o.a.m.s.f.DefaultMavenResourcesFiltering - skip non existing resourceDirectory D:\PollCreationBackend\PollCreationBackend\src\test\resources
2025-03-20 18:23:07,102 [Worker-57: Building] INFO  o.a.m.s.f.DefaultMavenResourcesFiltering - Copying 1 resource from src\main\resources to target\classes
2025-03-20 18:23:07,107 [Worker-57: Building] INFO  o.a.m.s.f.DefaultMavenResourcesFiltering - Copying 1 resource from src\main\resources to target\classes
2025-03-20 18:23:07,110 [Worker-57: Building] INFO  o.a.m.s.f.DefaultMavenResourcesFiltering - skip non existing resourceDirectory D:\PollCreationBackend\PollCreationBackend\src\test\resources
2025-03-20 18:24:16,581 [Worker-60: Building] INFO  o.a.m.s.f.DefaultMavenResourcesFiltering - Copying 1 resource from src\main\resources to target\classes
2025-03-20 18:24:16,585 [Worker-60: Building] INFO  o.a.m.s.f.DefaultMavenResourcesFiltering - Copying 1 resource from src\main\resources to target\classes
2025-03-20 18:24:16,587 [Worker-60: Building] INFO  o.a.m.s.f.DefaultMavenResourcesFiltering - skip non existing resourceDirectory D:\PollCreationBackend\PollCreationBackend\src\test\resources
2025-03-20 19:15:55,640 [Worker-67: Building] INFO  o.a.m.s.f.DefaultMavenResourcesFiltering - Copying 1 resource from src\main\resources to target\classes
2025-03-20 19:15:55,651 [Worker-67: Building] INFO  o.a.m.s.f.DefaultMavenResourcesFiltering - Copying 1 resource from src\main\resources to target\classes
2025-03-20 19:15:55,654 [Worker-67: Building] INFO  o.a.m.s.f.DefaultMavenResourcesFiltering - skip non existing resourceDirectory D:\PollCreationBackend\PollCreationBackend\src\test\resources
2025-03-20 19:17:10,974 [Worker-65: Building] INFO  o.a.m.s.f.DefaultMavenResourcesFiltering - Copying 1 resource from src\main\resources to target\classes
2025-03-20 19:17:10,985 [Worker-65: Building] INFO  o.a.m.s.f.DefaultMavenResourcesFiltering - Copying 1 resource from src\main\resources to target\classes
2025-03-20 19:17:10,991 [Worker-65: Building] INFO  o.a.m.s.f.DefaultMavenResourcesFiltering - skip non existing resourceDirectory D:\PollCreationBackend\PollCreationBackend\src\test\resources
2025-03-20 19:17:40,316 [Worker-67: Building] INFO  o.a.m.s.f.DefaultMavenResourcesFiltering - Copying 1 resource from src\main\resources to target\classes
2025-03-20 19:17:40,323 [Worker-67: Building] INFO  o.a.m.s.f.DefaultMavenResourcesFiltering - Copying 1 resource from src\main\resources to target\classes
2025-03-20 19:17:40,326 [Worker-67: Building] INFO  o.a.m.s.f.DefaultMavenResourcesFiltering - skip non existing resourceDirectory D:\PollCreationBackend\PollCreationBackend\src\test\resources
2025-03-20 19:18:08,979 [Worker-67: Building] INFO  o.a.m.s.f.DefaultMavenResourcesFiltering - Copying 1 resource from src\main\resources to target\classes
2025-03-20 19:18:08,983 [Worker-67: Building] INFO  o.a.m.s.f.DefaultMavenResourcesFiltering - Copying 1 resource from src\main\resources to target\classes
2025-03-20 19:18:08,985 [Worker-67: Building] INFO  o.a.m.s.f.DefaultMavenResourcesFiltering - skip non existing resourceDirectory D:\PollCreationBackend\PollCreationBackend\src\test\resources
2025-03-20 19:18:24,341 [Worker-70: Building] INFO  o.a.m.s.f.DefaultMavenResourcesFiltering - Copying 1 resource from src\main\resources to target\classes
2025-03-20 19:18:24,345 [Worker-70: Building] INFO  o.a.m.s.f.DefaultMavenResourcesFiltering - Copying 1 resource from src\main\resources to target\classes
2025-03-20 19:18:24,348 [Worker-70: Building] INFO  o.a.m.s.f.DefaultMavenResourcesFiltering - skip non existing resourceDirectory D:\PollCreationBackend\PollCreationBackend\src\test\resources
2025-03-20 19:20:23,473 [Worker-67: Building] INFO  o.a.m.s.f.DefaultMavenResourcesFiltering - Copying 1 resource from src\main\resources to target\classes
2025-03-20 19:20:23,477 [Worker-67: Building] INFO  o.a.m.s.f.DefaultMavenResourcesFiltering - Copying 1 resource from src\main\resources to target\classes
2025-03-20 19:20:23,480 [Worker-67: Building] INFO  o.a.m.s.f.DefaultMavenResourcesFiltering - skip non existing resourceDirectory D:\PollCreationBackend\PollCreationBackend\src\test\resources
2025-03-20 19:23:08,401 [Worker-65: Building] INFO  o.a.m.s.f.DefaultMavenResourcesFiltering - Copying 1 resource from src\main\resources to target\classes
2025-03-20 19:23:08,407 [Worker-65: Building] INFO  o.a.m.s.f.DefaultMavenResourcesFiltering - Copying 1 resource from src\main\resources to target\classes
2025-03-20 19:23:08,410 [Worker-65: Building] INFO  o.a.m.s.f.DefaultMavenResourcesFiltering - skip non existing resourceDirectory D:\PollCreationBackend\PollCreationBackend\src\test\resources
2025-03-20 19:23:09,573 [Worker-66: Building] INFO  o.a.m.s.f.DefaultMavenResourcesFiltering - Copying 1 resource from src\main\resources to target\classes
2025-03-20 19:23:09,579 [Worker-66: Building] INFO  o.a.m.s.f.DefaultMavenResourcesFiltering - Copying 1 resource from src\main\resources to target\classes
2025-03-20 19:23:09,582 [Worker-66: Building] INFO  o.a.m.s.f.DefaultMavenResourcesFiltering - skip non existing resourceDirectory D:\PollCreationBackend\PollCreationBackend\src\test\resources
2025-03-20 19:23:20,038 [Worker-67: Building] INFO  o.a.m.s.f.DefaultMavenResourcesFiltering - Copying 1 resource from src\main\resources to target\classes
2025-03-20 19:23:20,045 [Worker-67: Building] INFO  o.a.m.s.f.DefaultMavenResourcesFiltering - Copying 1 resource from src\main\resources to target\classes
2025-03-20 19:23:20,048 [Worker-67: Building] INFO  o.a.m.s.f.DefaultMavenResourcesFiltering - skip non existing resourceDirectory D:\PollCreationBackend\PollCreationBackend\src\test\resources
2025-03-20 19:26:39,329 [Worker-64: Building] INFO  o.a.m.s.f.DefaultMavenResourcesFiltering - Copying 1 resource from src\main\resources to target\classes
2025-03-20 19:26:39,334 [Worker-64: Building] INFO  o.a.m.s.f.DefaultMavenResourcesFiltering - Copying 1 resource from src\main\resources to target\classes
2025-03-20 19:26:39,336 [Worker-64: Building] INFO  o.a.m.s.f.DefaultMavenResourcesFiltering - skip non existing resourceDirectory D:\PollCreationBackend\PollCreationBackend\src\test\resources
2025-03-20 19:27:54,836 [Worker-68: Building] INFO  o.a.m.s.f.DefaultMavenResourcesFiltering - Copying 1 resource from src\main\resources to target\classes
2025-03-20 19:27:54,899 [Worker-68: Building] INFO  o.a.m.s.f.DefaultMavenResourcesFiltering - Copying 1 resource from src\main\resources to target\classes
2025-03-20 19:27:54,904 [Worker-68: Building] INFO  o.a.m.s.f.DefaultMavenResourcesFiltering - skip non existing resourceDirectory D:\PollCreationBackend\PollCreationBackend\src\test\resources
2025-03-20 19:28:53,085 [Worker-66: Building] INFO  o.a.m.s.f.DefaultMavenResourcesFiltering - Copying 1 resource from src\main\resources to target\classes
2025-03-20 19:28:53,091 [Worker-66: Building] INFO  o.a.m.s.f.DefaultMavenResourcesFiltering - Copying 1 resource from src\main\resources to target\classes
2025-03-20 19:28:53,096 [Worker-66: Building] INFO  o.a.m.s.f.DefaultMavenResourcesFiltering - skip non existing resourceDirectory D:\PollCreationBackend\PollCreationBackend\src\test\resources
2025-03-20 19:30:07,597 [Worker-68: Building] INFO  o.a.m.s.f.DefaultMavenResourcesFiltering - Copying 1 resource from src\main\resources to target\classes
2025-03-20 19:30:07,604 [Worker-68: Building] INFO  o.a.m.s.f.DefaultMavenResourcesFiltering - Copying 1 resource from src\main\resources to target\classes
2025-03-20 19:30:07,607 [Worker-68: Building] INFO  o.a.m.s.f.DefaultMavenResourcesFiltering - skip non existing resourceDirectory D:\PollCreationBackend\PollCreationBackend\src\test\resources
2025-03-20 19:31:58,201 [Worker-70: Building] INFO  o.a.m.s.f.DefaultMavenResourcesFiltering - Copying 1 resource from src\main\resources to target\classes
2025-03-20 19:31:58,208 [Worker-70: Building] INFO  o.a.m.s.f.DefaultMavenResourcesFiltering - Copying 1 resource from src\main\resources to target\classes
2025-03-20 19:31:58,212 [Worker-70: Building] INFO  o.a.m.s.f.DefaultMavenResourcesFiltering - skip non existing resourceDirectory D:\PollCreationBackend\PollCreationBackend\src\test\resources
2025-03-20 19:32:51,957 [Worker-64: Building] INFO  o.a.m.s.f.DefaultMavenResourcesFiltering - Copying 1 resource from src\main\resources to target\classes
2025-03-20 19:32:51,962 [Worker-64: Building] INFO  o.a.m.s.f.DefaultMavenResourcesFiltering - Copying 1 resource from src\main\resources to target\classes
2025-03-20 19:32:51,965 [Worker-64: Building] INFO  o.a.m.s.f.DefaultMavenResourcesFiltering - skip non existing resourceDirectory D:\PollCreationBackend\PollCreationBackend\src\test\resources
2025-03-20 19:35:25,682 [Worker-66: Building] INFO  o.a.m.s.f.DefaultMavenResourcesFiltering - Copying 1 resource from src\main\resources to target\classes
2025-03-20 19:35:25,688 [Worker-66: Building] INFO  o.a.m.s.f.DefaultMavenResourcesFiltering - Copying 1 resource from src\main\resources to target\classes
2025-03-20 19:35:25,691 [Worker-66: Building] INFO  o.a.m.s.f.DefaultMavenResourcesFiltering - skip non existing resourceDirectory D:\PollCreationBackend\PollCreationBackend\src\test\resources
2025-03-21 12:15:07,620 [Worker-5: Loading available Gradle versions] INFO  o.e.b.c.i.u.g.PublishedGradleVersions - Gradle version information cache is out-of-date. Trying to update.
2025-03-21 12:56:55,759 [Worker-27: Building] INFO  o.a.m.s.f.DefaultMavenResourcesFiltering - Copying 1 resource from src\main\resources to target\classes
2025-03-21 12:56:55,774 [Worker-27: Building] INFO  o.a.m.s.f.DefaultMavenResourcesFiltering - Copying 1 resource from src\main\resources to target\classes
2025-03-21 12:56:55,781 [Worker-27: Building] INFO  o.a.m.s.f.DefaultMavenResourcesFiltering - skip non existing resourceDirectory D:\PollCreationBackend\PollCreationBackend\src\test\resources
2025-03-21 13:02:42,189 [Worker-27: Building] INFO  o.a.m.s.f.DefaultMavenResourcesFiltering - Copying 1 resource from src\main\resources to target\classes
2025-03-21 13:02:42,195 [Worker-27: Building] INFO  o.a.m.s.f.DefaultMavenResourcesFiltering - Copying 1 resource from src\main\resources to target\classes
2025-03-21 13:02:42,200 [Worker-27: Building] INFO  o.a.m.s.f.DefaultMavenResourcesFiltering - skip non existing resourceDirectory D:\PollCreationBackend\PollCreationBackend\src\test\resources
2025-03-21 15:23:24,989 [Worker-28: Building] INFO  o.a.m.s.f.DefaultMavenResourcesFiltering - Copying 1 resource from src\main\resources to target\classes
2025-03-21 15:23:24,997 [Worker-28: Building] INFO  o.a.m.s.f.DefaultMavenResourcesFiltering - Copying 1 resource from src\main\resources to target\classes
2025-03-21 15:23:25,001 [Worker-28: Building] INFO  o.a.m.s.f.DefaultMavenResourcesFiltering - skip non existing resourceDirectory D:\PollCreationBackend\PollCreationBackend\src\test\resources
2025-03-21 15:27:43,792 [Worker-29: Building] INFO  o.a.m.s.f.DefaultMavenResourcesFiltering - Copying 1 resource from src\main\resources to target\classes
2025-03-21 15:27:43,798 [Worker-29: Building] INFO  o.a.m.s.f.DefaultMavenResourcesFiltering - Copying 1 resource from src\main\resources to target\classes
2025-03-21 15:27:43,802 [Worker-29: Building] INFO  o.a.m.s.f.DefaultMavenResourcesFiltering - skip non existing resourceDirectory D:\PollCreationBackend\PollCreationBackend\src\test\resources
2025-03-21 15:49:11,103 [Worker-23: Building] INFO  o.a.m.s.f.DefaultMavenResourcesFiltering - Copying 1 resource from src\main\resources to target\classes
2025-03-21 15:49:11,112 [Worker-23: Building] INFO  o.a.m.s.f.DefaultMavenResourcesFiltering - Copying 1 resource from src\main\resources to target\classes
2025-03-21 15:49:11,120 [Worker-23: Building] INFO  o.a.m.s.f.DefaultMavenResourcesFiltering - skip non existing resourceDirectory D:\PollCreationBackend\PollCreationBackend\src\test\resources
2025-03-21 15:49:21,477 [Worker-23: Building] INFO  o.a.m.s.f.DefaultMavenResourcesFiltering - Copying 1 resource from src\main\resources to target\classes
2025-03-21 15:49:21,485 [Worker-23: Building] INFO  o.a.m.s.f.DefaultMavenResourcesFiltering - Copying 1 resource from src\main\resources to target\classes
2025-03-21 15:49:21,492 [Worker-23: Building] INFO  o.a.m.s.f.DefaultMavenResourcesFiltering - skip non existing resourceDirectory D:\PollCreationBackend\PollCreationBackend\src\test\resources
2025-03-21 15:51:36,899 [Worker-23: Building] INFO  o.a.m.s.f.DefaultMavenResourcesFiltering - Copying 1 resource from src\main\resources to target\classes
2025-03-21 15:51:36,905 [Worker-23: Building] INFO  o.a.m.s.f.DefaultMavenResourcesFiltering - Copying 1 resource from src\main\resources to target\classes
2025-03-21 15:51:36,911 [Worker-23: Building] INFO  o.a.m.s.f.DefaultMavenResourcesFiltering - skip non existing resourceDirectory D:\PollCreationBackend\PollCreationBackend\src\test\resources
2025-03-24 11:57:27,908 [Worker-127: Building] INFO  o.a.m.s.f.DefaultMavenResourcesFiltering - Copying 1 resource from src\main\resources to target\classes
2025-03-24 11:57:27,999 [Worker-127: Building] INFO  o.a.m.s.f.DefaultMavenResourcesFiltering - Copying 1 resource from src\main\resources to target\classes
2025-03-24 11:57:28,003 [Worker-127: Building] INFO  o.a.m.s.f.DefaultMavenResourcesFiltering - skip non existing resourceDirectory D:\PollCreationBackend\PollCreationBackend\src\test\resources
2025-03-24 13:13:01,696 [Worker-151: Building] INFO  o.a.m.s.f.DefaultMavenResourcesFiltering - Copying 1 resource from src\main\resources to target\classes
2025-03-24 13:13:01,712 [Worker-151: Building] INFO  o.a.m.s.f.DefaultMavenResourcesFiltering - Copying 1 resource from src\main\resources to target\classes
2025-03-24 13:13:01,715 [Worker-151: Building] INFO  o.a.m.s.f.DefaultMavenResourcesFiltering - skip non existing resourceDirectory D:\PollCreationBackend\PollCreationBackend\src\test\resources
2025-03-24 13:13:17,003 [Worker-148: Building] INFO  o.a.m.s.f.DefaultMavenResourcesFiltering - Copying 1 resource from src\main\resources to target\classes
2025-03-24 13:13:17,015 [Worker-148: Building] INFO  o.a.m.s.f.DefaultMavenResourcesFiltering - Copying 1 resource from src\main\resources to target\classes
2025-03-24 13:13:17,020 [Worker-148: Building] INFO  o.a.m.s.f.DefaultMavenResourcesFiltering - skip non existing resourceDirectory D:\PollCreationBackend\PollCreationBackend\src\test\resources
2025-03-24 13:13:29,329 [Worker-151: Building] INFO  o.a.m.s.f.DefaultMavenResourcesFiltering - Copying 1 resource from src\main\resources to target\classes
2025-03-24 13:13:29,332 [Worker-151: Building] INFO  o.a.m.s.f.DefaultMavenResourcesFiltering - Copying 1 resource from src\main\resources to target\classes
2025-03-24 13:13:29,335 [Worker-151: Building] INFO  o.a.m.s.f.DefaultMavenResourcesFiltering - skip non existing resourceDirectory D:\PollCreationBackend\PollCreationBackend\src\test\resources
2025-03-24 15:08:20,600 [Worker-158: Building] INFO  o.a.m.s.f.DefaultMavenResourcesFiltering - Copying 1 resource from src\main\resources to target\classes
2025-03-24 15:08:20,609 [Worker-158: Building] INFO  o.a.m.s.f.DefaultMavenResourcesFiltering - Copying 1 resource from src\main\resources to target\classes
2025-03-24 15:08:20,613 [Worker-158: Building] INFO  o.a.m.s.f.DefaultMavenResourcesFiltering - skip non existing resourceDirectory D:\PollCreationBackend\PollCreationBackend\src\test\resources
2025-03-24 15:08:33,394 [Worker-158: Building] INFO  o.a.m.s.f.DefaultMavenResourcesFiltering - Copying 1 resource from src\main\resources to target\classes
2025-03-24 15:08:33,400 [Worker-158: Building] INFO  o.a.m.s.f.DefaultMavenResourcesFiltering - Copying 1 resource from src\main\resources to target\classes
2025-03-24 15:08:33,404 [Worker-158: Building] INFO  o.a.m.s.f.DefaultMavenResourcesFiltering - skip non existing resourceDirectory D:\PollCreationBackend\PollCreationBackend\src\test\resources
2025-03-24 15:08:44,772 [Worker-157: Building] INFO  o.a.m.s.f.DefaultMavenResourcesFiltering - Copying 1 resource from src\main\resources to target\classes
2025-03-24 15:08:44,778 [Worker-157: Building] INFO  o.a.m.s.f.DefaultMavenResourcesFiltering - Copying 1 resource from src\main\resources to target\classes
2025-03-24 15:08:44,781 [Worker-157: Building] INFO  o.a.m.s.f.DefaultMavenResourcesFiltering - skip non existing resourceDirectory D:\PollCreationBackend\PollCreationBackend\src\test\resources
2025-03-24 15:10:08,737 [Worker-159: Building] INFO  o.a.m.s.f.DefaultMavenResourcesFiltering - Copying 1 resource from src\main\resources to target\classes
2025-03-24 15:10:08,743 [Worker-159: Building] INFO  o.a.m.s.f.DefaultMavenResourcesFiltering - Copying 1 resource from src\main\resources to target\classes
2025-03-24 15:10:08,748 [Worker-159: Building] INFO  o.a.m.s.f.DefaultMavenResourcesFiltering - skip non existing resourceDirectory D:\PollCreationBackend\PollCreationBackend\src\test\resources
2025-03-24 15:10:38,428 [Worker-147: Building] INFO  o.a.m.s.f.DefaultMavenResourcesFiltering - Copying 1 resource from src\main\resources to target\classes
2025-03-24 15:10:38,435 [Worker-147: Building] INFO  o.a.m.s.f.DefaultMavenResourcesFiltering - Copying 1 resource from src\main\resources to target\classes
2025-03-24 15:10:38,441 [Worker-147: Building] INFO  o.a.m.s.f.DefaultMavenResourcesFiltering - skip non existing resourceDirectory D:\PollCreationBackend\PollCreationBackend\src\test\resources
2025-03-24 15:10:48,439 [Worker-160: Building] INFO  o.a.m.s.f.DefaultMavenResourcesFiltering - Copying 1 resource from src\main\resources to target\classes
2025-03-24 15:10:48,447 [Worker-160: Building] INFO  o.a.m.s.f.DefaultMavenResourcesFiltering - Copying 1 resource from src\main\resources to target\classes
2025-03-24 15:10:48,452 [Worker-160: Building] INFO  o.a.m.s.f.DefaultMavenResourcesFiltering - skip non existing resourceDirectory D:\PollCreationBackend\PollCreationBackend\src\test\resources
2025-03-24 15:11:05,382 [Worker-147: Building] INFO  o.a.m.s.f.DefaultMavenResourcesFiltering - Copying 1 resource from src\main\resources to target\classes
2025-03-24 15:11:05,387 [Worker-147: Building] INFO  o.a.m.s.f.DefaultMavenResourcesFiltering - Copying 1 resource from src\main\resources to target\classes
2025-03-24 15:11:05,391 [Worker-147: Building] INFO  o.a.m.s.f.DefaultMavenResourcesFiltering - skip non existing resourceDirectory D:\PollCreationBackend\PollCreationBackend\src\test\resources
2025-03-24 15:11:29,148 [Worker-158: Building] INFO  o.a.m.s.f.DefaultMavenResourcesFiltering - Copying 1 resource from src\main\resources to target\classes
2025-03-24 15:11:29,152 [Worker-158: Building] INFO  o.a.m.s.f.DefaultMavenResourcesFiltering - Copying 1 resource from src\main\resources to target\classes
2025-03-24 15:11:29,155 [Worker-158: Building] INFO  o.a.m.s.f.DefaultMavenResourcesFiltering - skip non existing resourceDirectory D:\PollCreationBackend\PollCreationBackend\src\test\resources
2025-03-24 15:11:43,867 [Worker-157: Building] INFO  o.a.m.s.f.DefaultMavenResourcesFiltering - Copying 1 resource from src\main\resources to target\classes
2025-03-24 15:11:43,871 [Worker-157: Building] INFO  o.a.m.s.f.DefaultMavenResourcesFiltering - Copying 1 resource from src\main\resources to target\classes
2025-03-24 15:11:43,876 [Worker-157: Building] INFO  o.a.m.s.f.DefaultMavenResourcesFiltering - skip non existing resourceDirectory D:\PollCreationBackend\PollCreationBackend\src\test\resources
2025-03-24 15:12:06,633 [Worker-159: Building] INFO  o.a.m.s.f.DefaultMavenResourcesFiltering - Copying 1 resource from src\main\resources to target\classes
2025-03-24 15:12:06,638 [Worker-159: Building] INFO  o.a.m.s.f.DefaultMavenResourcesFiltering - Copying 1 resource from src\main\resources to target\classes
2025-03-24 15:12:06,642 [Worker-159: Building] INFO  o.a.m.s.f.DefaultMavenResourcesFiltering - skip non existing resourceDirectory D:\PollCreationBackend\PollCreationBackend\src\test\resources
2025-03-24 15:16:45,117 [Worker-157: Building] INFO  o.a.m.s.f.DefaultMavenResourcesFiltering - Copying 1 resource from src\main\resources to target\classes
2025-03-24 15:16:45,125 [Worker-157: Building] INFO  o.a.m.s.f.DefaultMavenResourcesFiltering - Copying 1 resource from src\main\resources to target\classes
2025-03-24 15:16:45,129 [Worker-157: Building] INFO  o.a.m.s.f.DefaultMavenResourcesFiltering - skip non existing resourceDirectory D:\PollCreationBackend\PollCreationBackend\src\test\resources
2025-03-24 15:17:57,262 [Worker-160: Building] INFO  o.a.m.s.f.DefaultMavenResourcesFiltering - Copying 1 resource from src\main\resources to target\classes
2025-03-24 15:17:57,267 [Worker-160: Building] INFO  o.a.m.s.f.DefaultMavenResourcesFiltering - Copying 1 resource from src\main\resources to target\classes
2025-03-24 15:17:57,271 [Worker-160: Building] INFO  o.a.m.s.f.DefaultMavenResourcesFiltering - skip non existing resourceDirectory D:\PollCreationBackend\PollCreationBackend\src\test\resources
2025-03-24 15:18:05,035 [Worker-157: Building] INFO  o.a.m.s.f.DefaultMavenResourcesFiltering - Copying 1 resource from src\main\resources to target\classes
2025-03-24 15:18:05,038 [Worker-157: Building] INFO  o.a.m.s.f.DefaultMavenResourcesFiltering - Copying 1 resource from src\main\resources to target\classes
2025-03-24 15:18:05,042 [Worker-157: Building] INFO  o.a.m.s.f.DefaultMavenResourcesFiltering - skip non existing resourceDirectory D:\PollCreationBackend\PollCreationBackend\src\test\resources
2025-03-24 15:18:41,442 [Worker-155: Building] INFO  o.a.m.s.f.DefaultMavenResourcesFiltering - Copying 1 resource from src\main\resources to target\classes
2025-03-24 15:18:41,469 [Worker-155: Building] INFO  o.a.m.s.f.DefaultMavenResourcesFiltering - Copying 1 resource from src\main\resources to target\classes
2025-03-24 15:18:41,478 [Worker-155: Building] INFO  o.a.m.s.f.DefaultMavenResourcesFiltering - skip non existing resourceDirectory D:\PollCreationBackend\PollCreationBackend\src\test\resources
2025-03-24 15:18:56,866 [Worker-155: Building] INFO  o.a.m.s.f.DefaultMavenResourcesFiltering - Copying 1 resource from src\main\resources to target\classes
2025-03-24 15:18:56,869 [Worker-155: Building] INFO  o.a.m.s.f.DefaultMavenResourcesFiltering - Copying 1 resource from src\main\resources to target\classes
2025-03-24 15:18:56,872 [Worker-155: Building] INFO  o.a.m.s.f.DefaultMavenResourcesFiltering - skip non existing resourceDirectory D:\PollCreationBackend\PollCreationBackend\src\test\resources
2025-03-24 15:23:52,849 [Worker-157: Building] INFO  o.a.m.s.f.DefaultMavenResourcesFiltering - Copying 1 resource from src\main\resources to target\classes
2025-03-24 15:23:52,854 [Worker-157: Building] INFO  o.a.m.s.f.DefaultMavenResourcesFiltering - Copying 1 resource from src\main\resources to target\classes
2025-03-24 15:23:52,857 [Worker-157: Building] INFO  o.a.m.s.f.DefaultMavenResourcesFiltering - skip non existing resourceDirectory D:\PollCreationBackend\PollCreationBackend\src\test\resources
2025-03-24 15:24:35,845 [Worker-158: Building] INFO  o.a.m.s.f.DefaultMavenResourcesFiltering - Copying 1 resource from src\main\resources to target\classes
2025-03-24 15:24:35,851 [Worker-158: Building] INFO  o.a.m.s.f.DefaultMavenResourcesFiltering - Copying 1 resource from src\main\resources to target\classes
2025-03-24 15:24:35,854 [Worker-158: Building] INFO  o.a.m.s.f.DefaultMavenResourcesFiltering - skip non existing resourceDirectory D:\PollCreationBackend\PollCreationBackend\src\test\resources
2025-03-24 15:24:54,215 [Worker-155: Building] INFO  o.a.m.s.f.DefaultMavenResourcesFiltering - Copying 1 resource from src\main\resources to target\classes
2025-03-24 15:24:54,223 [Worker-155: Building] INFO  o.a.m.s.f.DefaultMavenResourcesFiltering - Copying 1 resource from src\main\resources to target\classes
2025-03-24 15:24:54,230 [Worker-155: Building] INFO  o.a.m.s.f.DefaultMavenResourcesFiltering - skip non existing resourceDirectory D:\PollCreationBackend\PollCreationBackend\src\test\resources
2025-03-24 15:30:12,384 [Worker-160: Building] INFO  o.a.m.s.f.DefaultMavenResourcesFiltering - Copying 1 resource from src\main\resources to target\classes
2025-03-24 15:30:12,395 [Worker-160: Building] INFO  o.a.m.s.f.DefaultMavenResourcesFiltering - Copying 1 resource from src\main\resources to target\classes
2025-03-24 15:30:12,400 [Worker-160: Building] INFO  o.a.m.s.f.DefaultMavenResourcesFiltering - skip non existing resourceDirectory D:\PollCreationBackend\PollCreationBackend\src\test\resources
2025-03-24 15:31:27,990 [Worker-155: Building] INFO  o.a.m.s.f.DefaultMavenResourcesFiltering - Copying 1 resource from src\main\resources to target\classes
2025-03-24 15:31:27,993 [Worker-155: Building] INFO  o.a.m.s.f.DefaultMavenResourcesFiltering - Copying 1 resource from src\main\resources to target\classes
2025-03-24 15:31:27,998 [Worker-155: Building] INFO  o.a.m.s.f.DefaultMavenResourcesFiltering - skip non existing resourceDirectory D:\PollCreationBackend\PollCreationBackend\src\test\resources
2025-03-24 15:33:09,786 [Start Help Server] INFO  org.eclipse.jetty.server.Server - jetty-12.0.15; built: 2024-11-05T19:44:57.623Z; git: 8281ae9740d4b4225e8166cc476bad237c70213a; jvm 21.0.6+7-LTS
2025-03-24 15:33:09,876 [Start Help Server] INFO  o.e.j.server.handler.ContextHandler - Started oeje8n.ContextHandler$CoreContextHandler@2eb707d{/help,/help,b=null,a=AVAILABLE,h=oeje8n.ContextHandler$CoreContextHandler$CoreToNestedHandler@58c6ece8{STARTED}}
2025-03-24 15:33:09,877 [Start Help Server] INFO  o.e.j.s.DefaultSessionIdManager - Session workerName=node0
2025-03-24 15:33:09,926 [Start Help Server] INFO  o.e.jetty.server.AbstractConnector - Started ServerConnector@4c5909c8{HTTP/1.1, (http/1.1)}{127.0.0.1:49323}
2025-03-24 15:33:09,956 [Start Help Server] INFO  org.eclipse.jetty.server.Server - Started oejs.Server@6ffd2aca{STARTING}[12.0.15,sto=0] @271117922ms
2025-03-24 15:37:33,894 [Worker-164: Building] INFO  o.a.m.s.f.DefaultMavenResourcesFiltering - Copying 1 resource from src\main\resources to target\classes
2025-03-24 15:37:33,901 [Worker-164: Building] INFO  o.a.m.s.f.DefaultMavenResourcesFiltering - Copying 1 resource from src\main\resources to target\classes
2025-03-24 15:37:33,905 [Worker-164: Building] INFO  o.a.m.s.f.DefaultMavenResourcesFiltering - skip non existing resourceDirectory D:\PollCreationBackend\PollCreationBackend\src\test\resources
2025-03-24 15:41:30,511 [Worker-150: Building] INFO  o.a.m.s.f.DefaultMavenResourcesFiltering - Copying 1 resource from src\main\resources to target\classes
2025-03-24 15:41:30,519 [Worker-150: Building] INFO  o.a.m.s.f.DefaultMavenResourcesFiltering - Copying 1 resource from src\main\resources to target\classes
2025-03-24 15:41:30,524 [Worker-150: Building] INFO  o.a.m.s.f.DefaultMavenResourcesFiltering - skip non existing resourceDirectory D:\PollCreationBackend\PollCreationBackend\src\test\resources
2025-03-24 15:41:36,454 [Worker-162: Building] INFO  o.a.m.s.f.DefaultMavenResourcesFiltering - Copying 1 resource from src\main\resources to target\classes
2025-03-24 15:41:36,460 [Worker-162: Building] INFO  o.a.m.s.f.DefaultMavenResourcesFiltering - Copying 1 resource from src\main\resources to target\classes
2025-03-24 15:41:36,464 [Worker-162: Building] INFO  o.a.m.s.f.DefaultMavenResourcesFiltering - skip non existing resourceDirectory D:\PollCreationBackend\PollCreationBackend\src\test\resources
2025-03-24 15:41:56,890 [Worker-159: Building] INFO  o.a.m.s.f.DefaultMavenResourcesFiltering - Copying 1 resource from src\main\resources to target\classes
2025-03-24 15:41:56,895 [Worker-159: Building] INFO  o.a.m.s.f.DefaultMavenResourcesFiltering - Copying 1 resource from src\main\resources to target\classes
2025-03-24 15:41:56,898 [Worker-159: Building] INFO  o.a.m.s.f.DefaultMavenResourcesFiltering - skip non existing resourceDirectory D:\PollCreationBackend\PollCreationBackend\src\test\resources
2025-03-24 15:43:26,825 [Worker-147: Building] INFO  o.a.m.s.f.DefaultMavenResourcesFiltering - Copying 1 resource from src\main\resources to target\classes
2025-03-24 15:43:26,828 [Worker-147: Building] INFO  o.a.m.s.f.DefaultMavenResourcesFiltering - Copying 1 resource from src\main\resources to target\classes
2025-03-24 15:43:26,830 [Worker-147: Building] INFO  o.a.m.s.f.DefaultMavenResourcesFiltering - skip non existing resourceDirectory D:\PollCreationBackend\PollCreationBackend\src\test\resources
2025-03-24 15:43:45,273 [Worker-165: Building] INFO  o.a.m.s.f.DefaultMavenResourcesFiltering - Copying 1 resource from src\main\resources to target\classes
2025-03-24 15:43:45,277 [Worker-165: Building] INFO  o.a.m.s.f.DefaultMavenResourcesFiltering - Copying 1 resource from src\main\resources to target\classes
2025-03-24 15:43:45,280 [Worker-165: Building] INFO  o.a.m.s.f.DefaultMavenResourcesFiltering - skip non existing resourceDirectory D:\PollCreationBackend\PollCreationBackend\src\test\resources
2025-03-24 15:44:12,768 [Worker-147: Building] INFO  o.a.m.s.f.DefaultMavenResourcesFiltering - Copying 1 resource from src\main\resources to target\classes
2025-03-24 15:44:12,774 [Worker-147: Building] INFO  o.a.m.s.f.DefaultMavenResourcesFiltering - Copying 1 resource from src\main\resources to target\classes
2025-03-24 15:44:12,777 [Worker-147: Building] INFO  o.a.m.s.f.DefaultMavenResourcesFiltering - skip non existing resourceDirectory D:\PollCreationBackend\PollCreationBackend\src\test\resources
2025-03-24 15:44:35,330 [Worker-163: Building] INFO  o.a.m.s.f.DefaultMavenResourcesFiltering - Copying 1 resource from src\main\resources to target\classes
2025-03-24 15:44:35,335 [Worker-163: Building] INFO  o.a.m.s.f.DefaultMavenResourcesFiltering - Copying 1 resource from src\main\resources to target\classes
2025-03-24 15:44:35,339 [Worker-163: Building] INFO  o.a.m.s.f.DefaultMavenResourcesFiltering - skip non existing resourceDirectory D:\PollCreationBackend\PollCreationBackend\src\test\resources
2025-03-24 15:44:38,992 [Worker-158: Building] INFO  o.a.m.s.f.DefaultMavenResourcesFiltering - Copying 1 resource from src\main\resources to target\classes
2025-03-24 15:44:38,998 [Worker-158: Building] INFO  o.a.m.s.f.DefaultMavenResourcesFiltering - Copying 1 resource from src\main\resources to target\classes
2025-03-24 15:44:39,001 [Worker-158: Building] INFO  o.a.m.s.f.DefaultMavenResourcesFiltering - skip non existing resourceDirectory D:\PollCreationBackend\PollCreationBackend\src\test\resources
2025-03-24 15:44:43,708 [Worker-162: Building] INFO  o.a.m.s.f.DefaultMavenResourcesFiltering - Copying 1 resource from src\main\resources to target\classes
2025-03-24 15:44:43,712 [Worker-162: Building] INFO  o.a.m.s.f.DefaultMavenResourcesFiltering - Copying 1 resource from src\main\resources to target\classes
2025-03-24 15:44:43,715 [Worker-162: Building] INFO  o.a.m.s.f.DefaultMavenResourcesFiltering - skip non existing resourceDirectory D:\PollCreationBackend\PollCreationBackend\src\test\resources
2025-03-24 16:04:22,149 [Worker-155: Building] INFO  o.a.m.s.f.DefaultMavenResourcesFiltering - Copying 1 resource from src\main\resources to target\classes
2025-03-24 16:04:22,155 [Worker-155: Building] INFO  o.a.m.s.f.DefaultMavenResourcesFiltering - Copying 1 resource from src\main\resources to target\classes
2025-03-24 16:04:22,158 [Worker-155: Building] INFO  o.a.m.s.f.DefaultMavenResourcesFiltering - skip non existing resourceDirectory D:\PollCreationBackend\PollCreationBackend\src\test\resources
2025-03-24 16:05:00,576 [Worker-150: Building] INFO  o.a.m.s.f.DefaultMavenResourcesFiltering - Copying 1 resource from src\main\resources to target\classes
2025-03-24 16:05:00,583 [Worker-150: Building] INFO  o.a.m.s.f.DefaultMavenResourcesFiltering - Copying 1 resource from src\main\resources to target\classes
2025-03-24 16:05:00,588 [Worker-150: Building] INFO  o.a.m.s.f.DefaultMavenResourcesFiltering - skip non existing resourceDirectory D:\PollCreationBackend\PollCreationBackend\src\test\resources
2025-03-24 16:05:03,228 [Worker-163: Building] INFO  o.a.m.s.f.DefaultMavenResourcesFiltering - Copying 1 resource from src\main\resources to target\classes
2025-03-24 16:05:03,233 [Worker-163: Building] INFO  o.a.m.s.f.DefaultMavenResourcesFiltering - Copying 1 resource from src\main\resources to target\classes
2025-03-24 16:05:03,236 [Worker-163: Building] INFO  o.a.m.s.f.DefaultMavenResourcesFiltering - skip non existing resourceDirectory D:\PollCreationBackend\PollCreationBackend\src\test\resources
2025-03-24 16:07:09,214 [Worker-160: Building] INFO  o.a.m.s.f.DefaultMavenResourcesFiltering - Copying 1 resource from src\main\resources to target\classes
2025-03-24 16:07:09,219 [Worker-160: Building] INFO  o.a.m.s.f.DefaultMavenResourcesFiltering - Copying 1 resource from src\main\resources to target\classes
2025-03-24 16:07:09,222 [Worker-160: Building] INFO  o.a.m.s.f.DefaultMavenResourcesFiltering - skip non existing resourceDirectory D:\PollCreationBackend\PollCreationBackend\src\test\resources
2025-03-24 16:08:08,239 [Worker-166: Building] INFO  o.a.m.s.f.DefaultMavenResourcesFiltering - Copying 1 resource from src\main\resources to target\classes
2025-03-24 16:08:08,244 [Worker-166: Building] INFO  o.a.m.s.f.DefaultMavenResourcesFiltering - Copying 1 resource from src\main\resources to target\classes
2025-03-24 16:08:08,249 [Worker-166: Building] INFO  o.a.m.s.f.DefaultMavenResourcesFiltering - skip non existing resourceDirectory D:\PollCreationBackend\PollCreationBackend\src\test\resources
2025-03-24 16:11:43,467 [Worker-163: Building] INFO  o.a.m.s.f.DefaultMavenResourcesFiltering - Copying 1 resource from src\main\resources to target\classes
2025-03-24 16:11:43,471 [Worker-163: Building] INFO  o.a.m.s.f.DefaultMavenResourcesFiltering - Copying 1 resource from src\main\resources to target\classes
2025-03-24 16:11:43,474 [Worker-163: Building] INFO  o.a.m.s.f.DefaultMavenResourcesFiltering - skip non existing resourceDirectory D:\PollCreationBackend\PollCreationBackend\src\test\resources
2025-03-24 16:13:01,531 [Worker-162: Building] INFO  o.a.m.s.f.DefaultMavenResourcesFiltering - Copying 1 resource from src\main\resources to target\classes
2025-03-24 16:13:01,536 [Worker-162: Building] INFO  o.a.m.s.f.DefaultMavenResourcesFiltering - Copying 1 resource from src\main\resources to target\classes
2025-03-24 16:13:01,539 [Worker-162: Building] INFO  o.a.m.s.f.DefaultMavenResourcesFiltering - skip non existing resourceDirectory D:\PollCreationBackend\PollCreationBackend\src\test\resources
2025-03-24 16:13:29,135 [Worker-159: Building] INFO  o.a.m.s.f.DefaultMavenResourcesFiltering - Copying 1 resource from src\main\resources to target\classes
2025-03-24 16:13:29,145 [Worker-159: Building] INFO  o.a.m.s.f.DefaultMavenResourcesFiltering - Copying 1 resource from src\main\resources to target\classes
2025-03-24 16:13:29,147 [Worker-159: Building] INFO  o.a.m.s.f.DefaultMavenResourcesFiltering - skip non existing resourceDirectory D:\PollCreationBackend\PollCreationBackend\src\test\resources
2025-03-24 16:14:36,989 [Worker-166: Building] INFO  o.a.m.s.f.DefaultMavenResourcesFiltering - Copying 1 resource from src\main\resources to target\classes
2025-03-24 16:14:36,995 [Worker-166: Building] INFO  o.a.m.s.f.DefaultMavenResourcesFiltering - Copying 1 resource from src\main\resources to target\classes
2025-03-24 16:14:36,997 [Worker-166: Building] INFO  o.a.m.s.f.DefaultMavenResourcesFiltering - skip non existing resourceDirectory D:\PollCreationBackend\PollCreationBackend\src\test\resources
2025-03-24 16:17:41,207 [Worker-163: Building] INFO  o.a.m.s.f.DefaultMavenResourcesFiltering - Copying 1 resource from src\main\resources to target\classes
2025-03-24 16:17:41,212 [Worker-163: Building] INFO  o.a.m.s.f.DefaultMavenResourcesFiltering - Copying 1 resource from src\main\resources to target\classes
2025-03-24 16:17:41,214 [Worker-163: Building] INFO  o.a.m.s.f.DefaultMavenResourcesFiltering - skip non existing resourceDirectory D:\PollCreationBackend\PollCreationBackend\src\test\resources
2025-03-24 16:18:25,658 [Worker-158: Building] INFO  o.a.m.s.f.DefaultMavenResourcesFiltering - Copying 1 resource from src\main\resources to target\classes
2025-03-24 16:18:25,663 [Worker-158: Building] INFO  o.a.m.s.f.DefaultMavenResourcesFiltering - Copying 1 resource from src\main\resources to target\classes
2025-03-24 16:18:25,667 [Worker-158: Building] INFO  o.a.m.s.f.DefaultMavenResourcesFiltering - skip non existing resourceDirectory D:\PollCreationBackend\PollCreationBackend\src\test\resources
2025-03-24 16:18:42,282 [Worker-150: Building] INFO  o.a.m.s.f.DefaultMavenResourcesFiltering - Copying 1 resource from src\main\resources to target\classes
2025-03-24 16:18:42,287 [Worker-150: Building] INFO  o.a.m.s.f.DefaultMavenResourcesFiltering - Copying 1 resource from src\main\resources to target\classes
2025-03-24 16:18:42,290 [Worker-150: Building] INFO  o.a.m.s.f.DefaultMavenResourcesFiltering - skip non existing resourceDirectory D:\PollCreationBackend\PollCreationBackend\src\test\resources
2025-03-24 16:18:52,020 [Worker-159: Building] INFO  o.a.m.s.f.DefaultMavenResourcesFiltering - Copying 1 resource from src\main\resources to target\classes
2025-03-24 16:18:52,025 [Worker-159: Building] INFO  o.a.m.s.f.DefaultMavenResourcesFiltering - Copying 1 resource from src\main\resources to target\classes
2025-03-24 16:18:52,029 [Worker-159: Building] INFO  o.a.m.s.f.DefaultMavenResourcesFiltering - skip non existing resourceDirectory D:\PollCreationBackend\PollCreationBackend\src\test\resources
2025-03-24 16:19:27,320 [Worker-150: Building] INFO  o.a.m.s.f.DefaultMavenResourcesFiltering - Copying 1 resource from src\main\resources to target\classes
2025-03-24 16:19:27,326 [Worker-150: Building] INFO  o.a.m.s.f.DefaultMavenResourcesFiltering - Copying 1 resource from src\main\resources to target\classes
2025-03-24 16:19:27,328 [Worker-150: Building] INFO  o.a.m.s.f.DefaultMavenResourcesFiltering - skip non existing resourceDirectory D:\PollCreationBackend\PollCreationBackend\src\test\resources
2025-03-24 16:19:31,172 [Worker-165: Building] INFO  o.a.m.s.f.DefaultMavenResourcesFiltering - Copying 1 resource from src\main\resources to target\classes
2025-03-24 16:19:31,176 [Worker-165: Building] INFO  o.a.m.s.f.DefaultMavenResourcesFiltering - Copying 1 resource from src\main\resources to target\classes
2025-03-24 16:19:31,178 [Worker-165: Building] INFO  o.a.m.s.f.DefaultMavenResourcesFiltering - skip non existing resourceDirectory D:\PollCreationBackend\PollCreationBackend\src\test\resources
2025-03-24 16:24:40,220 [Worker-150: Building] INFO  o.a.m.s.f.DefaultMavenResourcesFiltering - Copying 1 resource from src\main\resources to target\classes
2025-03-24 16:24:40,224 [Worker-150: Building] INFO  o.a.m.s.f.DefaultMavenResourcesFiltering - Copying 1 resource from src\main\resources to target\classes
2025-03-24 16:24:40,226 [Worker-150: Building] INFO  o.a.m.s.f.DefaultMavenResourcesFiltering - skip non existing resourceDirectory D:\PollCreationBackend\PollCreationBackend\src\test\resources
2025-03-24 16:24:42,650 [Worker-162: Building] INFO  o.a.m.s.f.DefaultMavenResourcesFiltering - Copying 1 resource from src\main\resources to target\classes
2025-03-24 16:24:42,654 [Worker-162: Building] INFO  o.a.m.s.f.DefaultMavenResourcesFiltering - Copying 1 resource from src\main\resources to target\classes
2025-03-24 16:24:42,658 [Worker-162: Building] INFO  o.a.m.s.f.DefaultMavenResourcesFiltering - skip non existing resourceDirectory D:\PollCreationBackend\PollCreationBackend\src\test\resources
2025-03-24 16:27:25,986 [Worker-150: Building] INFO  o.a.m.s.f.DefaultMavenResourcesFiltering - Copying 1 resource from src\main\resources to target\classes
2025-03-24 16:27:25,990 [Worker-150: Building] INFO  o.a.m.s.f.DefaultMavenResourcesFiltering - Copying 1 resource from src\main\resources to target\classes
2025-03-24 16:27:25,994 [Worker-150: Building] INFO  o.a.m.s.f.DefaultMavenResourcesFiltering - skip non existing resourceDirectory D:\PollCreationBackend\PollCreationBackend\src\test\resources
2025-03-24 16:27:33,987 [Worker-150: Building] INFO  o.a.m.s.f.DefaultMavenResourcesFiltering - Copying 1 resource from src\main\resources to target\classes
2025-03-24 16:27:33,993 [Worker-150: Building] INFO  o.a.m.s.f.DefaultMavenResourcesFiltering - Copying 1 resource from src\main\resources to target\classes
2025-03-24 16:27:33,996 [Worker-150: Building] INFO  o.a.m.s.f.DefaultMavenResourcesFiltering - skip non existing resourceDirectory D:\PollCreationBackend\PollCreationBackend\src\test\resources
2025-03-24 16:27:41,647 [Worker-159: Building] INFO  o.a.m.s.f.DefaultMavenResourcesFiltering - Copying 1 resource from src\main\resources to target\classes
2025-03-24 16:27:41,653 [Worker-159: Building] INFO  o.a.m.s.f.DefaultMavenResourcesFiltering - Copying 1 resource from src\main\resources to target\classes
2025-03-24 16:27:41,658 [Worker-159: Building] INFO  o.a.m.s.f.DefaultMavenResourcesFiltering - skip non existing resourceDirectory D:\PollCreationBackend\PollCreationBackend\src\test\resources
2025-03-24 16:27:50,341 [Worker-150: Building] INFO  o.a.m.s.f.DefaultMavenResourcesFiltering - Copying 1 resource from src\main\resources to target\classes
2025-03-24 16:27:50,344 [Worker-150: Building] INFO  o.a.m.s.f.DefaultMavenResourcesFiltering - Copying 1 resource from src\main\resources to target\classes
2025-03-24 16:27:50,346 [Worker-150: Building] INFO  o.a.m.s.f.DefaultMavenResourcesFiltering - skip non existing resourceDirectory D:\PollCreationBackend\PollCreationBackend\src\test\resources
2025-03-24 16:28:08,622 [Worker-150: Building] INFO  o.a.m.s.f.DefaultMavenResourcesFiltering - Copying 1 resource from src\main\resources to target\classes
2025-03-24 16:28:08,626 [Worker-150: Building] INFO  o.a.m.s.f.DefaultMavenResourcesFiltering - Copying 1 resource from src\main\resources to target\classes
2025-03-24 16:28:08,629 [Worker-150: Building] INFO  o.a.m.s.f.DefaultMavenResourcesFiltering - skip non existing resourceDirectory D:\PollCreationBackend\PollCreationBackend\src\test\resources
2025-03-24 16:28:52,642 [Worker-158: Building] INFO  o.a.m.s.f.DefaultMavenResourcesFiltering - Copying 1 resource from src\main\resources to target\classes
2025-03-24 16:28:52,647 [Worker-158: Building] INFO  o.a.m.s.f.DefaultMavenResourcesFiltering - Copying 1 resource from src\main\resources to target\classes
2025-03-24 16:28:52,652 [Worker-158: Building] INFO  o.a.m.s.f.DefaultMavenResourcesFiltering - skip non existing resourceDirectory D:\PollCreationBackend\PollCreationBackend\src\test\resources
2025-03-24 16:29:06,290 [Worker-158: Building] INFO  o.a.m.s.f.DefaultMavenResourcesFiltering - Copying 1 resource from src\main\resources to target\classes
2025-03-24 16:29:06,296 [Worker-158: Building] INFO  o.a.m.s.f.DefaultMavenResourcesFiltering - Copying 1 resource from src\main\resources to target\classes
2025-03-24 16:29:06,300 [Worker-158: Building] INFO  o.a.m.s.f.DefaultMavenResourcesFiltering - skip non existing resourceDirectory D:\PollCreationBackend\PollCreationBackend\src\test\resources
2025-03-24 16:29:38,533 [Worker-163: Building] INFO  o.a.m.s.f.DefaultMavenResourcesFiltering - Copying 1 resource from src\main\resources to target\classes
2025-03-24 16:29:38,536 [Worker-163: Building] INFO  o.a.m.s.f.DefaultMavenResourcesFiltering - Copying 1 resource from src\main\resources to target\classes
2025-03-24 16:29:38,539 [Worker-163: Building] INFO  o.a.m.s.f.DefaultMavenResourcesFiltering - skip non existing resourceDirectory D:\PollCreationBackend\PollCreationBackend\src\test\resources
2025-03-24 16:29:45,495 [Worker-158: Building] INFO  o.a.m.s.f.DefaultMavenResourcesFiltering - Copying 1 resource from src\main\resources to target\classes
2025-03-24 16:29:45,498 [Worker-158: Building] INFO  o.a.m.s.f.DefaultMavenResourcesFiltering - Copying 1 resource from src\main\resources to target\classes
2025-03-24 16:29:45,501 [Worker-158: Building] INFO  o.a.m.s.f.DefaultMavenResourcesFiltering - skip non existing resourceDirectory D:\PollCreationBackend\PollCreationBackend\src\test\resources
2025-03-24 16:29:49,080 [Worker-159: Building] INFO  o.a.m.s.f.DefaultMavenResourcesFiltering - Copying 1 resource from src\main\resources to target\classes
2025-03-24 16:29:49,085 [Worker-159: Building] INFO  o.a.m.s.f.DefaultMavenResourcesFiltering - Copying 1 resource from src\main\resources to target\classes
2025-03-24 16:29:49,088 [Worker-159: Building] INFO  o.a.m.s.f.DefaultMavenResourcesFiltering - skip non existing resourceDirectory D:\PollCreationBackend\PollCreationBackend\src\test\resources
2025-03-24 16:29:51,248 [Worker-163: Building] INFO  o.a.m.s.f.DefaultMavenResourcesFiltering - Copying 1 resource from src\main\resources to target\classes
2025-03-24 16:29:51,253 [Worker-163: Building] INFO  o.a.m.s.f.DefaultMavenResourcesFiltering - Copying 1 resource from src\main\resources to target\classes
2025-03-24 16:29:51,257 [Worker-163: Building] INFO  o.a.m.s.f.DefaultMavenResourcesFiltering - skip non existing resourceDirectory D:\PollCreationBackend\PollCreationBackend\src\test\resources
2025-03-24 16:29:56,895 [Worker-155: Building] INFO  o.a.m.s.f.DefaultMavenResourcesFiltering - Copying 1 resource from src\main\resources to target\classes
2025-03-24 16:29:56,898 [Worker-155: Building] INFO  o.a.m.s.f.DefaultMavenResourcesFiltering - Copying 1 resource from src\main\resources to target\classes
2025-03-24 16:29:56,901 [Worker-155: Building] INFO  o.a.m.s.f.DefaultMavenResourcesFiltering - skip non existing resourceDirectory D:\PollCreationBackend\PollCreationBackend\src\test\resources
2025-03-24 16:34:09,186 [Worker-150: Building] INFO  o.a.m.s.f.DefaultMavenResourcesFiltering - Copying 1 resource from src\main\resources to target\classes
2025-03-24 16:34:09,193 [Worker-150: Building] INFO  o.a.m.s.f.DefaultMavenResourcesFiltering - Copying 1 resource from src\main\resources to target\classes
2025-03-24 16:34:09,196 [Worker-150: Building] INFO  o.a.m.s.f.DefaultMavenResourcesFiltering - skip non existing resourceDirectory D:\PollCreationBackend\PollCreationBackend\src\test\resources
2025-03-24 16:34:21,147 [Worker-157: Building] INFO  o.a.m.s.f.DefaultMavenResourcesFiltering - Copying 1 resource from src\main\resources to target\classes
2025-03-24 16:34:21,151 [Worker-157: Building] INFO  o.a.m.s.f.DefaultMavenResourcesFiltering - Copying 1 resource from src\main\resources to target\classes
2025-03-24 16:34:21,155 [Worker-157: Building] INFO  o.a.m.s.f.DefaultMavenResourcesFiltering - skip non existing resourceDirectory D:\PollCreationBackend\PollCreationBackend\src\test\resources
2025-03-24 16:35:10,551 [Worker-158: Building] INFO  o.a.m.s.f.DefaultMavenResourcesFiltering - Copying 1 resource from src\main\resources to target\classes
2025-03-24 16:35:10,554 [Worker-158: Building] INFO  o.a.m.s.f.DefaultMavenResourcesFiltering - Copying 1 resource from src\main\resources to target\classes
2025-03-24 16:35:10,556 [Worker-158: Building] INFO  o.a.m.s.f.DefaultMavenResourcesFiltering - skip non existing resourceDirectory D:\PollCreationBackend\PollCreationBackend\src\test\resources
2025-03-24 17:27:00,425 [Worker-166: Building] INFO  o.a.m.s.f.DefaultMavenResourcesFiltering - Copying 1 resource from src\main\resources to target\classes
2025-03-24 17:27:00,432 [Worker-166: Building] INFO  o.a.m.s.f.DefaultMavenResourcesFiltering - Copying 1 resource from src\main\resources to target\classes
2025-03-24 17:27:00,434 [Worker-166: Building] INFO  o.a.m.s.f.DefaultMavenResourcesFiltering - skip non existing resourceDirectory D:\PollCreationBackend\PollCreationBackend\src\test\resources
2025-03-24 17:31:23,963 [Worker-166: Building] INFO  o.a.m.s.f.DefaultMavenResourcesFiltering - Copying 1 resource from src\main\resources to target\classes
2025-03-24 17:31:23,966 [Worker-166: Building] INFO  o.a.m.s.f.DefaultMavenResourcesFiltering - Copying 1 resource from src\main\resources to target\classes
2025-03-24 17:31:23,968 [Worker-166: Building] INFO  o.a.m.s.f.DefaultMavenResourcesFiltering - skip non existing resourceDirectory D:\PollCreationBackend\PollCreationBackend\src\test\resources
2025-03-24 17:32:09,786 [Worker-168: Building] INFO  o.a.m.s.f.DefaultMavenResourcesFiltering - Copying 1 resource from src\main\resources to target\classes
2025-03-24 17:32:09,794 [Worker-168: Building] INFO  o.a.m.s.f.DefaultMavenResourcesFiltering - Copying 1 resource from src\main\resources to target\classes
2025-03-24 17:32:09,797 [Worker-168: Building] INFO  o.a.m.s.f.DefaultMavenResourcesFiltering - skip non existing resourceDirectory D:\PollCreationBackend\PollCreationBackend\src\test\resources
2025-03-24 17:41:41,778 [Worker-168: Building] INFO  o.a.m.s.f.DefaultMavenResourcesFiltering - Copying 1 resource from src\main\resources to target\classes
2025-03-24 17:41:41,788 [Worker-168: Building] INFO  o.a.m.s.f.DefaultMavenResourcesFiltering - Copying 1 resource from src\main\resources to target\classes
2025-03-24 17:41:41,793 [Worker-168: Building] INFO  o.a.m.s.f.DefaultMavenResourcesFiltering - skip non existing resourceDirectory D:\PollCreationBackend\PollCreationBackend\src\test\resources
2025-03-24 17:50:30,884 [Worker-167: Building] INFO  o.a.m.s.f.DefaultMavenResourcesFiltering - Copying 1 resource from src\main\resources to target\classes
2025-03-24 17:50:30,891 [Worker-167: Building] INFO  o.a.m.s.f.DefaultMavenResourcesFiltering - Copying 1 resource from src\main\resources to target\classes
2025-03-24 17:50:30,893 [Worker-167: Building] INFO  o.a.m.s.f.DefaultMavenResourcesFiltering - skip non existing resourceDirectory D:\PollCreationBackend\PollCreationBackend\src\test\resources
2025-03-24 17:50:32,956 [Worker-168: Building] INFO  o.a.m.s.f.DefaultMavenResourcesFiltering - Copying 1 resource from src\main\resources to target\classes
2025-03-24 17:50:32,970 [Worker-168: Building] INFO  o.a.m.s.f.DefaultMavenResourcesFiltering - Copying 1 resource from src\main\resources to target\classes
2025-03-24 17:50:32,974 [Worker-168: Building] INFO  o.a.m.s.f.DefaultMavenResourcesFiltering - skip non existing resourceDirectory D:\PollCreationBackend\PollCreationBackend\src\test\resources
2025-03-24 17:52:10,532 [Worker-168: Building] INFO  o.a.m.s.f.DefaultMavenResourcesFiltering - Copying 1 resource from src\main\resources to target\classes
2025-03-24 17:52:10,536 [Worker-168: Building] INFO  o.a.m.s.f.DefaultMavenResourcesFiltering - Copying 1 resource from src\main\resources to target\classes
2025-03-24 17:52:10,538 [Worker-168: Building] INFO  o.a.m.s.f.DefaultMavenResourcesFiltering - skip non existing resourceDirectory D:\PollCreationBackend\PollCreationBackend\src\test\resources
2025-03-24 17:52:11,965 [Worker-147: Building] INFO  o.a.m.s.f.DefaultMavenResourcesFiltering - Copying 1 resource from src\main\resources to target\classes
2025-03-24 17:52:11,968 [Worker-147: Building] INFO  o.a.m.s.f.DefaultMavenResourcesFiltering - Copying 1 resource from src\main\resources to target\classes
2025-03-24 17:52:11,971 [Worker-147: Building] INFO  o.a.m.s.f.DefaultMavenResourcesFiltering - skip non existing resourceDirectory D:\PollCreationBackend\PollCreationBackend\src\test\resources
2025-03-24 17:52:38,229 [Worker-168: Building] INFO  o.a.m.s.f.DefaultMavenResourcesFiltering - Copying 1 resource from src\main\resources to target\classes
2025-03-24 17:52:38,232 [Worker-168: Building] INFO  o.a.m.s.f.DefaultMavenResourcesFiltering - Copying 1 resource from src\main\resources to target\classes
2025-03-24 17:52:38,234 [Worker-168: Building] INFO  o.a.m.s.f.DefaultMavenResourcesFiltering - skip non existing resourceDirectory D:\PollCreationBackend\PollCreationBackend\src\test\resources
2025-03-24 17:53:06,164 [Worker-147: Building] INFO  o.a.m.s.f.DefaultMavenResourcesFiltering - Copying 1 resource from src\main\resources to target\classes
2025-03-24 17:53:06,169 [Worker-147: Building] INFO  o.a.m.s.f.DefaultMavenResourcesFiltering - Copying 1 resource from src\main\resources to target\classes
2025-03-24 17:53:06,173 [Worker-147: Building] INFO  o.a.m.s.f.DefaultMavenResourcesFiltering - skip non existing resourceDirectory D:\PollCreationBackend\PollCreationBackend\src\test\resources
2025-03-24 17:59:55,078 [Worker-167: Building] INFO  o.a.m.s.f.DefaultMavenResourcesFiltering - Copying 1 resource from src\main\resources to target\classes
2025-03-24 17:59:55,083 [Worker-167: Building] INFO  o.a.m.s.f.DefaultMavenResourcesFiltering - Copying 1 resource from src\main\resources to target\classes
2025-03-24 17:59:55,086 [Worker-167: Building] INFO  o.a.m.s.f.DefaultMavenResourcesFiltering - skip non existing resourceDirectory D:\PollCreationBackend\PollCreationBackend\src\test\resources
2025-03-24 18:00:01,909 [Worker-166: Building] INFO  o.a.m.s.f.DefaultMavenResourcesFiltering - Copying 1 resource from src\main\resources to target\classes
2025-03-24 18:00:01,914 [Worker-166: Building] INFO  o.a.m.s.f.DefaultMavenResourcesFiltering - Copying 1 resource from src\main\resources to target\classes
2025-03-24 18:00:01,916 [Worker-166: Building] INFO  o.a.m.s.f.DefaultMavenResourcesFiltering - skip non existing resourceDirectory D:\PollCreationBackend\PollCreationBackend\src\test\resources
2025-03-24 18:29:36,405 [Worker-170: Building] INFO  o.a.m.s.f.DefaultMavenResourcesFiltering - Copying 1 resource from src\main\resources to target\classes
2025-03-24 18:29:36,415 [Worker-170: Building] INFO  o.a.m.s.f.DefaultMavenResourcesFiltering - Copying 1 resource from src\main\resources to target\classes
2025-03-24 18:29:36,419 [Worker-170: Building] INFO  o.a.m.s.f.DefaultMavenResourcesFiltering - skip non existing resourceDirectory D:\PollCreationBackend\PollCreationBackend\src\test\resources
2025-03-24 18:30:14,506 [Worker-147: Building] INFO  o.a.m.s.f.DefaultMavenResourcesFiltering - Copying 1 resource from src\main\resources to target\classes
2025-03-24 18:30:14,512 [Worker-147: Building] INFO  o.a.m.s.f.DefaultMavenResourcesFiltering - Copying 1 resource from src\main\resources to target\classes
2025-03-24 18:30:14,515 [Worker-147: Building] INFO  o.a.m.s.f.DefaultMavenResourcesFiltering - skip non existing resourceDirectory D:\PollCreationBackend\PollCreationBackend\src\test\resources
2025-03-24 18:30:48,294 [Worker-147: Building] INFO  o.a.m.s.f.DefaultMavenResourcesFiltering - Copying 1 resource from src\main\resources to target\classes
2025-03-24 18:30:48,300 [Worker-147: Building] INFO  o.a.m.s.f.DefaultMavenResourcesFiltering - Copying 1 resource from src\main\resources to target\classes
2025-03-24 18:30:48,304 [Worker-147: Building] INFO  o.a.m.s.f.DefaultMavenResourcesFiltering - skip non existing resourceDirectory D:\PollCreationBackend\PollCreationBackend\src\test\resources
2025-03-24 18:31:00,598 [Worker-170: Building] INFO  o.a.m.s.f.DefaultMavenResourcesFiltering - Copying 1 resource from src\main\resources to target\classes
2025-03-24 18:31:00,600 [Worker-170: Building] INFO  o.a.m.s.f.DefaultMavenResourcesFiltering - Copying 1 resource from src\main\resources to target\classes
2025-03-24 18:31:00,602 [Worker-170: Building] INFO  o.a.m.s.f.DefaultMavenResourcesFiltering - skip non existing resourceDirectory D:\PollCreationBackend\PollCreationBackend\src\test\resources
2025-03-24 18:31:13,656 [Worker-167: Building] INFO  o.a.m.s.f.DefaultMavenResourcesFiltering - Copying 1 resource from src\main\resources to target\classes
2025-03-24 18:31:13,661 [Worker-167: Building] INFO  o.a.m.s.f.DefaultMavenResourcesFiltering - Copying 1 resource from src\main\resources to target\classes
2025-03-24 18:31:13,665 [Worker-167: Building] INFO  o.a.m.s.f.DefaultMavenResourcesFiltering - skip non existing resourceDirectory D:\PollCreationBackend\PollCreationBackend\src\test\resources
2025-03-24 18:31:33,865 [Worker-166: Building] INFO  o.a.m.s.f.DefaultMavenResourcesFiltering - Copying 1 resource from src\main\resources to target\classes
2025-03-24 18:31:33,868 [Worker-166: Building] INFO  o.a.m.s.f.DefaultMavenResourcesFiltering - Copying 1 resource from src\main\resources to target\classes
2025-03-24 18:31:33,871 [Worker-166: Building] INFO  o.a.m.s.f.DefaultMavenResourcesFiltering - skip non existing resourceDirectory D:\PollCreationBackend\PollCreationBackend\src\test\resources
2025-03-24 18:31:44,534 [Worker-167: Building] INFO  o.a.m.s.f.DefaultMavenResourcesFiltering - Copying 1 resource from src\main\resources to target\classes
2025-03-24 18:31:44,538 [Worker-167: Building] INFO  o.a.m.s.f.DefaultMavenResourcesFiltering - Copying 1 resource from src\main\resources to target\classes
2025-03-24 18:31:44,543 [Worker-167: Building] INFO  o.a.m.s.f.DefaultMavenResourcesFiltering - skip non existing resourceDirectory D:\PollCreationBackend\PollCreationBackend\src\test\resources
2025-03-24 18:32:07,553 [Worker-170: Building] INFO  o.a.m.s.f.DefaultMavenResourcesFiltering - Copying 1 resource from src\main\resources to target\classes
2025-03-24 18:32:07,560 [Worker-170: Building] INFO  o.a.m.s.f.DefaultMavenResourcesFiltering - Copying 1 resource from src\main\resources to target\classes
2025-03-24 18:32:07,564 [Worker-170: Building] INFO  o.a.m.s.f.DefaultMavenResourcesFiltering - skip non existing resourceDirectory D:\PollCreationBackend\PollCreationBackend\src\test\resources
2025-03-24 18:32:17,051 [Worker-147: Building] INFO  o.a.m.s.f.DefaultMavenResourcesFiltering - Copying 1 resource from src\main\resources to target\classes
2025-03-24 18:32:17,056 [Worker-147: Building] INFO  o.a.m.s.f.DefaultMavenResourcesFiltering - Copying 1 resource from src\main\resources to target\classes
2025-03-24 18:32:17,058 [Worker-147: Building] INFO  o.a.m.s.f.DefaultMavenResourcesFiltering - skip non existing resourceDirectory D:\PollCreationBackend\PollCreationBackend\src\test\resources
2025-03-24 18:32:31,215 [Worker-147: Building] INFO  o.a.m.s.f.DefaultMavenResourcesFiltering - Copying 1 resource from src\main\resources to target\classes
2025-03-24 18:32:31,222 [Worker-147: Building] INFO  o.a.m.s.f.DefaultMavenResourcesFiltering - Copying 1 resource from src\main\resources to target\classes
2025-03-24 18:32:31,225 [Worker-147: Building] INFO  o.a.m.s.f.DefaultMavenResourcesFiltering - skip non existing resourceDirectory D:\PollCreationBackend\PollCreationBackend\src\test\resources
2025-03-24 18:32:40,613 [Worker-168: Building] INFO  o.a.m.s.f.DefaultMavenResourcesFiltering - Copying 1 resource from src\main\resources to target\classes
2025-03-24 18:32:40,616 [Worker-168: Building] INFO  o.a.m.s.f.DefaultMavenResourcesFiltering - Copying 1 resource from src\main\resources to target\classes
2025-03-24 18:32:40,620 [Worker-168: Building] INFO  o.a.m.s.f.DefaultMavenResourcesFiltering - skip non existing resourceDirectory D:\PollCreationBackend\PollCreationBackend\src\test\resources
2025-03-24 18:33:22,821 [Worker-166: Building] INFO  o.a.m.s.f.DefaultMavenResourcesFiltering - Copying 1 resource from src\main\resources to target\classes
2025-03-24 18:33:22,824 [Worker-166: Building] INFO  o.a.m.s.f.DefaultMavenResourcesFiltering - Copying 1 resource from src\main\resources to target\classes
2025-03-24 18:33:22,827 [Worker-166: Building] INFO  o.a.m.s.f.DefaultMavenResourcesFiltering - skip non existing resourceDirectory D:\PollCreationBackend\PollCreationBackend\src\test\resources
2025-03-24 18:33:42,567 [Worker-147: Building] INFO  o.a.m.s.f.DefaultMavenResourcesFiltering - Copying 1 resource from src\main\resources to target\classes
2025-03-24 18:33:42,572 [Worker-147: Building] INFO  o.a.m.s.f.DefaultMavenResourcesFiltering - Copying 1 resource from src\main\resources to target\classes
2025-03-24 18:33:42,574 [Worker-147: Building] INFO  o.a.m.s.f.DefaultMavenResourcesFiltering - skip non existing resourceDirectory D:\PollCreationBackend\PollCreationBackend\src\test\resources
2025-03-24 18:33:49,559 [Worker-147: Building] INFO  o.a.m.s.f.DefaultMavenResourcesFiltering - Copying 1 resource from src\main\resources to target\classes
2025-03-24 18:33:49,567 [Worker-147: Building] INFO  o.a.m.s.f.DefaultMavenResourcesFiltering - Copying 1 resource from src\main\resources to target\classes
2025-03-24 18:33:49,571 [Worker-147: Building] INFO  o.a.m.s.f.DefaultMavenResourcesFiltering - skip non existing resourceDirectory D:\PollCreationBackend\PollCreationBackend\src\test\resources
2025-03-24 18:35:56,927 [Worker-168: Building] INFO  o.a.m.s.f.DefaultMavenResourcesFiltering - Copying 1 resource from src\main\resources to target\classes
2025-03-24 18:35:56,933 [Worker-168: Building] INFO  o.a.m.s.f.DefaultMavenResourcesFiltering - Copying 1 resource from src\main\resources to target\classes
2025-03-24 18:35:56,935 [Worker-168: Building] INFO  o.a.m.s.f.DefaultMavenResourcesFiltering - skip non existing resourceDirectory D:\PollCreationBackend\PollCreationBackend\src\test\resources
2025-03-24 18:36:18,870 [Worker-170: Building] INFO  o.a.m.s.f.DefaultMavenResourcesFiltering - Copying 1 resource from src\main\resources to target\classes
2025-03-24 18:36:18,873 [Worker-170: Building] INFO  o.a.m.s.f.DefaultMavenResourcesFiltering - Copying 1 resource from src\main\resources to target\classes
2025-03-24 18:36:18,876 [Worker-170: Building] INFO  o.a.m.s.f.DefaultMavenResourcesFiltering - skip non existing resourceDirectory D:\PollCreationBackend\PollCreationBackend\src\test\resources
2025-03-24 18:36:23,470 [Worker-147: Building] INFO  o.a.m.s.f.DefaultMavenResourcesFiltering - Copying 1 resource from src\main\resources to target\classes
2025-03-24 18:36:23,473 [Worker-147: Building] INFO  o.a.m.s.f.DefaultMavenResourcesFiltering - Copying 1 resource from src\main\resources to target\classes
2025-03-24 18:36:23,476 [Worker-147: Building] INFO  o.a.m.s.f.DefaultMavenResourcesFiltering - skip non existing resourceDirectory D:\PollCreationBackend\PollCreationBackend\src\test\resources
2025-03-24 18:37:01,310 [Worker-167: Building] INFO  o.a.m.s.f.DefaultMavenResourcesFiltering - Copying 1 resource from src\main\resources to target\classes
2025-03-24 18:37:01,312 [Worker-167: Building] INFO  o.a.m.s.f.DefaultMavenResourcesFiltering - Copying 1 resource from src\main\resources to target\classes
2025-03-24 18:37:01,316 [Worker-167: Building] INFO  o.a.m.s.f.DefaultMavenResourcesFiltering - skip non existing resourceDirectory D:\PollCreationBackend\PollCreationBackend\src\test\resources
2025-03-24 18:37:15,186 [Worker-167: Building] INFO  o.a.m.s.f.DefaultMavenResourcesFiltering - Copying 1 resource from src\main\resources to target\classes
2025-03-24 18:37:15,191 [Worker-167: Building] INFO  o.a.m.s.f.DefaultMavenResourcesFiltering - Copying 1 resource from src\main\resources to target\classes
2025-03-24 18:37:15,194 [Worker-167: Building] INFO  o.a.m.s.f.DefaultMavenResourcesFiltering - skip non existing resourceDirectory D:\PollCreationBackend\PollCreationBackend\src\test\resources
2025-03-24 18:37:28,396 [Worker-169: Building] INFO  o.a.m.s.f.DefaultMavenResourcesFiltering - Copying 1 resource from src\main\resources to target\classes
2025-03-24 18:37:28,399 [Worker-169: Building] INFO  o.a.m.s.f.DefaultMavenResourcesFiltering - Copying 1 resource from src\main\resources to target\classes
2025-03-24 18:37:28,401 [Worker-169: Building] INFO  o.a.m.s.f.DefaultMavenResourcesFiltering - skip non existing resourceDirectory D:\PollCreationBackend\PollCreationBackend\src\test\resources
2025-03-25 10:24:13,559 [Worker-168: Building] INFO  o.a.m.s.f.DefaultMavenResourcesFiltering - Copying 1 resource from src\main\resources to target\classes
2025-03-25 10:24:13,650 [Worker-168: Building] INFO  o.a.m.s.f.DefaultMavenResourcesFiltering - Copying 1 resource from src\main\resources to target\classes
2025-03-25 10:24:13,652 [Worker-168: Building] INFO  o.a.m.s.f.DefaultMavenResourcesFiltering - skip non existing resourceDirectory D:\PollCreationBackend\PollCreationBackend\src\test\resources
2025-03-25 10:24:34,927 [Worker-168: Building] INFO  o.a.m.s.f.DefaultMavenResourcesFiltering - Copying 1 resource from src\main\resources to target\classes
2025-03-25 10:24:34,931 [Worker-168: Building] INFO  o.a.m.s.f.DefaultMavenResourcesFiltering - Copying 1 resource from src\main\resources to target\classes
2025-03-25 10:24:34,933 [Worker-168: Building] INFO  o.a.m.s.f.DefaultMavenResourcesFiltering - skip non existing resourceDirectory D:\PollCreationBackend\PollCreationBackend\src\test\resources
2025-03-25 10:26:55,003 [Worker-180: Building] INFO  o.a.m.s.f.DefaultMavenResourcesFiltering - Copying 1 resource from src\main\resources to target\classes
2025-03-25 10:26:55,021 [Worker-180: Building] INFO  o.a.m.s.f.DefaultMavenResourcesFiltering - Copying 1 resource from src\main\resources to target\classes
2025-03-25 10:26:55,023 [Worker-180: Building] INFO  o.a.m.s.f.DefaultMavenResourcesFiltering - skip non existing resourceDirectory D:\PollCreationBackend\PollCreationBackend\src\test\resources
2025-03-25 10:27:12,689 [Worker-168: Building] INFO  o.a.m.s.f.DefaultMavenResourcesFiltering - Copying 1 resource from src\main\resources to target\classes
2025-03-25 10:27:12,694 [Worker-168: Building] INFO  o.a.m.s.f.DefaultMavenResourcesFiltering - Copying 1 resource from src\main\resources to target\classes
2025-03-25 10:27:12,697 [Worker-168: Building] INFO  o.a.m.s.f.DefaultMavenResourcesFiltering - skip non existing resourceDirectory D:\PollCreationBackend\PollCreationBackend\src\test\resources
2025-03-25 10:28:00,712 [Worker-181: Building] INFO  o.a.m.s.f.DefaultMavenResourcesFiltering - Copying 1 resource from src\main\resources to target\classes
2025-03-25 10:28:00,714 [Worker-181: Building] INFO  o.a.m.s.f.DefaultMavenResourcesFiltering - Copying 1 resource from src\main\resources to target\classes
2025-03-25 10:28:00,716 [Worker-181: Building] INFO  o.a.m.s.f.DefaultMavenResourcesFiltering - skip non existing resourceDirectory D:\PollCreationBackend\PollCreationBackend\src\test\resources
2025-03-25 10:28:23,703 [Worker-179: Building] INFO  o.a.m.s.f.DefaultMavenResourcesFiltering - Copying 1 resource from src\main\resources to target\classes
2025-03-25 10:28:23,706 [Worker-179: Building] INFO  o.a.m.s.f.DefaultMavenResourcesFiltering - Copying 1 resource from src\main\resources to target\classes
2025-03-25 10:28:23,708 [Worker-179: Building] INFO  o.a.m.s.f.DefaultMavenResourcesFiltering - skip non existing resourceDirectory D:\PollCreationBackend\PollCreationBackend\src\test\resources
2025-03-25 10:29:02,929 [Worker-176: Building] INFO  o.a.m.s.f.DefaultMavenResourcesFiltering - Copying 1 resource from src\main\resources to target\classes
2025-03-25 10:29:02,933 [Worker-176: Building] INFO  o.a.m.s.f.DefaultMavenResourcesFiltering - Copying 1 resource from src\main\resources to target\classes
2025-03-25 10:29:02,935 [Worker-176: Building] INFO  o.a.m.s.f.DefaultMavenResourcesFiltering - skip non existing resourceDirectory D:\PollCreationBackend\PollCreationBackend\src\test\resources
2025-03-25 10:37:51,205 [Worker-181: Building] INFO  o.a.m.s.f.DefaultMavenResourcesFiltering - Copying 1 resource from src\main\resources to target\classes
2025-03-25 10:37:51,210 [Worker-181: Building] INFO  o.a.m.s.f.DefaultMavenResourcesFiltering - Copying 1 resource from src\main\resources to target\classes
2025-03-25 10:37:51,212 [Worker-181: Building] INFO  o.a.m.s.f.DefaultMavenResourcesFiltering - skip non existing resourceDirectory D:\PollCreationBackend\PollCreationBackend\src\test\resources
2025-03-25 10:38:10,584 [Worker-179: Building] INFO  o.a.m.s.f.DefaultMavenResourcesFiltering - Copying 1 resource from src\main\resources to target\classes
2025-03-25 10:38:10,587 [Worker-179: Building] INFO  o.a.m.s.f.DefaultMavenResourcesFiltering - Copying 1 resource from src\main\resources to target\classes
2025-03-25 10:38:10,590 [Worker-179: Building] INFO  o.a.m.s.f.DefaultMavenResourcesFiltering - skip non existing resourceDirectory D:\PollCreationBackend\PollCreationBackend\src\test\resources
2025-03-25 11:14:20,359 [Worker-176: Building] INFO  o.a.m.s.f.DefaultMavenResourcesFiltering - Copying 1 resource from src\main\resources to target\classes
2025-03-25 11:14:20,368 [Worker-176: Building] INFO  o.a.m.s.f.DefaultMavenResourcesFiltering - Copying 1 resource from src\main\resources to target\classes
2025-03-25 11:14:20,371 [Worker-176: Building] INFO  o.a.m.s.f.DefaultMavenResourcesFiltering - skip non existing resourceDirectory D:\PollCreationBackend\PollCreationBackend\src\test\resources
2025-03-25 11:17:40,152 [Worker-176: Building] INFO  o.a.m.s.f.DefaultMavenResourcesFiltering - Copying 1 resource from src\main\resources to target\classes
2025-03-25 11:17:40,167 [Worker-176: Building] INFO  o.a.m.s.f.DefaultMavenResourcesFiltering - Copying 1 resource from src\main\resources to target\classes
2025-03-25 11:17:40,171 [Worker-176: Building] INFO  o.a.m.s.f.DefaultMavenResourcesFiltering - skip non existing resourceDirectory D:\PollCreationBackend\PollCreationBackend\src\test\resources
2025-03-25 11:19:13,118 [Worker-182: Building] INFO  o.a.m.s.f.DefaultMavenResourcesFiltering - Copying 1 resource from src\main\resources to target\classes
2025-03-25 11:19:13,121 [Worker-182: Building] INFO  o.a.m.s.f.DefaultMavenResourcesFiltering - Copying 1 resource from src\main\resources to target\classes
2025-03-25 11:19:13,122 [Worker-182: Building] INFO  o.a.m.s.f.DefaultMavenResourcesFiltering - skip non existing resourceDirectory D:\PollCreationBackend\PollCreationBackend\src\test\resources
2025-03-25 11:19:16,918 [Worker-176: Building] INFO  o.a.m.s.f.DefaultMavenResourcesFiltering - Copying 1 resource from src\main\resources to target\classes
2025-03-25 11:19:16,922 [Worker-176: Building] INFO  o.a.m.s.f.DefaultMavenResourcesFiltering - Copying 1 resource from src\main\resources to target\classes
2025-03-25 11:19:16,925 [Worker-176: Building] INFO  o.a.m.s.f.DefaultMavenResourcesFiltering - skip non existing resourceDirectory D:\PollCreationBackend\PollCreationBackend\src\test\resources
2025-03-25 11:20:16,014 [Worker-179: Building] INFO  o.a.m.s.f.DefaultMavenResourcesFiltering - Copying 1 resource from src\main\resources to target\classes
2025-03-25 11:20:16,018 [Worker-179: Building] INFO  o.a.m.s.f.DefaultMavenResourcesFiltering - Copying 1 resource from src\main\resources to target\classes
2025-03-25 11:20:16,021 [Worker-179: Building] INFO  o.a.m.s.f.DefaultMavenResourcesFiltering - skip non existing resourceDirectory D:\PollCreationBackend\PollCreationBackend\src\test\resources
2025-03-25 11:20:39,193 [Worker-182: Building] INFO  o.a.m.s.f.DefaultMavenResourcesFiltering - Copying 1 resource from src\main\resources to target\classes
2025-03-25 11:20:39,198 [Worker-182: Building] INFO  o.a.m.s.f.DefaultMavenResourcesFiltering - Copying 1 resource from src\main\resources to target\classes
2025-03-25 11:20:39,201 [Worker-182: Building] INFO  o.a.m.s.f.DefaultMavenResourcesFiltering - skip non existing resourceDirectory D:\PollCreationBackend\PollCreationBackend\src\test\resources
2025-03-25 11:21:33,603 [Worker-183: Building] INFO  o.a.m.s.f.DefaultMavenResourcesFiltering - Copying 1 resource from src\main\resources to target\classes
2025-03-25 11:21:33,607 [Worker-183: Building] INFO  o.a.m.s.f.DefaultMavenResourcesFiltering - Copying 1 resource from src\main\resources to target\classes
2025-03-25 11:21:33,608 [Worker-183: Building] INFO  o.a.m.s.f.DefaultMavenResourcesFiltering - skip non existing resourceDirectory D:\PollCreationBackend\PollCreationBackend\src\test\resources
2025-03-25 11:21:46,858 [Worker-176: Building] INFO  o.a.m.s.f.DefaultMavenResourcesFiltering - Copying 1 resource from src\main\resources to target\classes
2025-03-25 11:21:46,886 [Worker-176: Building] INFO  o.a.m.s.f.DefaultMavenResourcesFiltering - Copying 1 resource from src\main\resources to target\classes
2025-03-25 11:21:46,892 [Worker-176: Building] INFO  o.a.m.s.f.DefaultMavenResourcesFiltering - skip non existing resourceDirectory D:\PollCreationBackend\PollCreationBackend\src\test\resources
2025-03-25 11:22:15,800 [Worker-179: Building] INFO  o.a.m.s.f.DefaultMavenResourcesFiltering - Copying 1 resource from src\main\resources to target\classes
2025-03-25 11:22:15,805 [Worker-179: Building] INFO  o.a.m.s.f.DefaultMavenResourcesFiltering - Copying 1 resource from src\main\resources to target\classes
2025-03-25 11:22:15,807 [Worker-179: Building] INFO  o.a.m.s.f.DefaultMavenResourcesFiltering - skip non existing resourceDirectory D:\PollCreationBackend\PollCreationBackend\src\test\resources
2025-03-25 11:22:50,387 [Worker-168: Building] INFO  o.a.m.s.f.DefaultMavenResourcesFiltering - Copying 1 resource from src\main\resources to target\classes
2025-03-25 11:22:50,393 [Worker-168: Building] INFO  o.a.m.s.f.DefaultMavenResourcesFiltering - Copying 1 resource from src\main\resources to target\classes
2025-03-25 11:22:50,396 [Worker-168: Building] INFO  o.a.m.s.f.DefaultMavenResourcesFiltering - skip non existing resourceDirectory D:\PollCreationBackend\PollCreationBackend\src\test\resources
2025-03-25 11:22:55,501 [Worker-180: Building] INFO  o.a.m.s.f.DefaultMavenResourcesFiltering - Copying 1 resource from src\main\resources to target\classes
2025-03-25 11:22:55,505 [Worker-180: Building] INFO  o.a.m.s.f.DefaultMavenResourcesFiltering - Copying 1 resource from src\main\resources to target\classes
2025-03-25 11:22:55,508 [Worker-180: Building] INFO  o.a.m.s.f.DefaultMavenResourcesFiltering - skip non existing resourceDirectory D:\PollCreationBackend\PollCreationBackend\src\test\resources
2025-03-25 11:23:02,564 [Worker-182: Building] INFO  o.a.m.s.f.DefaultMavenResourcesFiltering - Copying 1 resource from src\main\resources to target\classes
2025-03-25 11:23:02,568 [Worker-182: Building] INFO  o.a.m.s.f.DefaultMavenResourcesFiltering - Copying 1 resource from src\main\resources to target\classes
2025-03-25 11:23:02,571 [Worker-182: Building] INFO  o.a.m.s.f.DefaultMavenResourcesFiltering - skip non existing resourceDirectory D:\PollCreationBackend\PollCreationBackend\src\test\resources
2025-03-25 11:23:31,664 [Worker-179: Building] INFO  o.a.m.s.f.DefaultMavenResourcesFiltering - Copying 1 resource from src\main\resources to target\classes
2025-03-25 11:23:31,668 [Worker-179: Building] INFO  o.a.m.s.f.DefaultMavenResourcesFiltering - Copying 1 resource from src\main\resources to target\classes
2025-03-25 11:23:31,670 [Worker-179: Building] INFO  o.a.m.s.f.DefaultMavenResourcesFiltering - skip non existing resourceDirectory D:\PollCreationBackend\PollCreationBackend\src\test\resources
2025-03-25 11:23:46,463 [Worker-183: Building] INFO  o.a.m.s.f.DefaultMavenResourcesFiltering - Copying 1 resource from src\main\resources to target\classes
2025-03-25 11:23:46,466 [Worker-183: Building] INFO  o.a.m.s.f.DefaultMavenResourcesFiltering - Copying 1 resource from src\main\resources to target\classes
2025-03-25 11:23:46,469 [Worker-183: Building] INFO  o.a.m.s.f.DefaultMavenResourcesFiltering - skip non existing resourceDirectory D:\PollCreationBackend\PollCreationBackend\src\test\resources
2025-03-25 11:24:22,954 [Worker-168: Building] INFO  o.a.m.s.f.DefaultMavenResourcesFiltering - Copying 1 resource from src\main\resources to target\classes
2025-03-25 11:24:22,957 [Worker-168: Building] INFO  o.a.m.s.f.DefaultMavenResourcesFiltering - Copying 1 resource from src\main\resources to target\classes
2025-03-25 11:24:22,959 [Worker-168: Building] INFO  o.a.m.s.f.DefaultMavenResourcesFiltering - skip non existing resourceDirectory D:\PollCreationBackend\PollCreationBackend\src\test\resources
2025-03-25 11:24:29,842 [Worker-180: Building] INFO  o.a.m.s.f.DefaultMavenResourcesFiltering - Copying 1 resource from src\main\resources to target\classes
2025-03-25 11:24:29,847 [Worker-180: Building] INFO  o.a.m.s.f.DefaultMavenResourcesFiltering - Copying 1 resource from src\main\resources to target\classes
2025-03-25 11:24:29,849 [Worker-180: Building] INFO  o.a.m.s.f.DefaultMavenResourcesFiltering - skip non existing resourceDirectory D:\PollCreationBackend\PollCreationBackend\src\test\resources
2025-03-25 11:25:42,453 [Worker-181: Building] INFO  o.a.m.s.f.DefaultMavenResourcesFiltering - Copying 1 resource from src\main\resources to target\classes
2025-03-25 11:25:42,456 [Worker-181: Building] INFO  o.a.m.s.f.DefaultMavenResourcesFiltering - Copying 1 resource from src\main\resources to target\classes
2025-03-25 11:25:42,458 [Worker-181: Building] INFO  o.a.m.s.f.DefaultMavenResourcesFiltering - skip non existing resourceDirectory D:\PollCreationBackend\PollCreationBackend\src\test\resources
2025-03-25 11:27:32,943 [Worker-168: Building] INFO  o.a.m.s.f.DefaultMavenResourcesFiltering - Copying 1 resource from src\main\resources to target\classes
2025-03-25 11:27:32,948 [Worker-168: Building] INFO  o.a.m.s.f.DefaultMavenResourcesFiltering - Copying 1 resource from src\main\resources to target\classes
2025-03-25 11:27:32,952 [Worker-168: Building] INFO  o.a.m.s.f.DefaultMavenResourcesFiltering - skip non existing resourceDirectory D:\PollCreationBackend\PollCreationBackend\src\test\resources
2025-03-25 11:28:17,050 [Worker-180: Building] INFO  o.a.m.s.f.DefaultMavenResourcesFiltering - Copying 1 resource from src\main\resources to target\classes
2025-03-25 11:28:17,055 [Worker-180: Building] INFO  o.a.m.s.f.DefaultMavenResourcesFiltering - Copying 1 resource from src\main\resources to target\classes
2025-03-25 11:28:17,057 [Worker-180: Building] INFO  o.a.m.s.f.DefaultMavenResourcesFiltering - skip non existing resourceDirectory D:\PollCreationBackend\PollCreationBackend\src\test\resources
2025-03-25 12:30:52,761 [Worker-181: Building] INFO  o.a.m.s.f.DefaultMavenResourcesFiltering - Copying 1 resource from src\main\resources to target\classes
2025-03-25 12:30:52,782 [Worker-181: Building] INFO  o.a.m.s.f.DefaultMavenResourcesFiltering - Copying 1 resource from src\main\resources to target\classes
2025-03-25 12:30:52,793 [Worker-181: Building] INFO  o.a.m.s.f.DefaultMavenResourcesFiltering - skip non existing resourceDirectory D:\PollCreationBackend\PollCreationBackend\src\test\resources
2025-03-25 12:33:07,296 [Worker-180: Building] INFO  o.a.m.s.f.DefaultMavenResourcesFiltering - Copying 1 resource from src\main\resources to target\classes
2025-03-25 12:33:07,299 [Worker-180: Building] INFO  o.a.m.s.f.DefaultMavenResourcesFiltering - Copying 1 resource from src\main\resources to target\classes
2025-03-25 12:33:07,301 [Worker-180: Building] INFO  o.a.m.s.f.DefaultMavenResourcesFiltering - skip non existing resourceDirectory D:\PollCreationBackend\PollCreationBackend\src\test\resources
2025-03-25 12:34:01,626 [Worker-176: Building] INFO  o.a.m.s.f.DefaultMavenResourcesFiltering - Copying 1 resource from src\main\resources to target\classes
2025-03-25 12:34:01,634 [Worker-176: Building] INFO  o.a.m.s.f.DefaultMavenResourcesFiltering - Copying 1 resource from src\main\resources to target\classes
2025-03-25 12:34:01,636 [Worker-176: Building] INFO  o.a.m.s.f.DefaultMavenResourcesFiltering - skip non existing resourceDirectory D:\PollCreationBackend\PollCreationBackend\src\test\resources
2025-03-25 12:34:34,883 [Worker-179: Building] INFO  o.a.m.s.f.DefaultMavenResourcesFiltering - Copying 1 resource from src\main\resources to target\classes
2025-03-25 12:34:34,887 [Worker-179: Building] INFO  o.a.m.s.f.DefaultMavenResourcesFiltering - Copying 1 resource from src\main\resources to target\classes
2025-03-25 12:34:34,888 [Worker-179: Building] INFO  o.a.m.s.f.DefaultMavenResourcesFiltering - skip non existing resourceDirectory D:\PollCreationBackend\PollCreationBackend\src\test\resources
2025-03-25 12:36:02,670 [Worker-180: Building] INFO  o.a.m.s.f.DefaultMavenResourcesFiltering - Copying 1 resource from src\main\resources to target\classes
2025-03-25 12:36:02,673 [Worker-180: Building] INFO  o.a.m.s.f.DefaultMavenResourcesFiltering - Copying 1 resource from src\main\resources to target\classes
2025-03-25 12:36:02,675 [Worker-180: Building] INFO  o.a.m.s.f.DefaultMavenResourcesFiltering - skip non existing resourceDirectory D:\PollCreationBackend\PollCreationBackend\src\test\resources
2025-03-25 12:36:14,014 [Worker-183: Building] INFO  o.a.m.s.f.DefaultMavenResourcesFiltering - Copying 1 resource from src\main\resources to target\classes
2025-03-25 12:36:14,017 [Worker-183: Building] INFO  o.a.m.s.f.DefaultMavenResourcesFiltering - Copying 1 resource from src\main\resources to target\classes
2025-03-25 12:36:14,019 [Worker-183: Building] INFO  o.a.m.s.f.DefaultMavenResourcesFiltering - skip non existing resourceDirectory D:\PollCreationBackend\PollCreationBackend\src\test\resources
2025-03-25 12:36:19,179 [Worker-184: Building] INFO  o.a.m.s.f.DefaultMavenResourcesFiltering - Copying 1 resource from src\main\resources to target\classes
2025-03-25 12:36:19,182 [Worker-184: Building] INFO  o.a.m.s.f.DefaultMavenResourcesFiltering - Copying 1 resource from src\main\resources to target\classes
2025-03-25 12:36:19,184 [Worker-184: Building] INFO  o.a.m.s.f.DefaultMavenResourcesFiltering - skip non existing resourceDirectory D:\PollCreationBackend\PollCreationBackend\src\test\resources
2025-03-25 12:46:56,105 [Worker-176: Building] INFO  o.a.m.s.f.DefaultMavenResourcesFiltering - Copying 1 resource from src\main\resources to target\classes
2025-03-25 12:46:56,111 [Worker-176: Building] INFO  o.a.m.s.f.DefaultMavenResourcesFiltering - Copying 1 resource from src\main\resources to target\classes
2025-03-25 12:46:56,113 [Worker-176: Building] INFO  o.a.m.s.f.DefaultMavenResourcesFiltering - skip non existing resourceDirectory D:\PollCreationBackend\PollCreationBackend\src\test\resources
2025-03-25 12:47:10,558 [Worker-180: Building] INFO  o.a.m.s.f.DefaultMavenResourcesFiltering - Copying 1 resource from src\main\resources to target\classes
2025-03-25 12:47:10,562 [Worker-180: Building] INFO  o.a.m.s.f.DefaultMavenResourcesFiltering - Copying 1 resource from src\main\resources to target\classes
2025-03-25 12:47:10,564 [Worker-180: Building] INFO  o.a.m.s.f.DefaultMavenResourcesFiltering - skip non existing resourceDirectory D:\PollCreationBackend\PollCreationBackend\src\test\resources
2025-03-25 13:21:58,128 [Worker-168: Building] INFO  o.a.m.s.f.DefaultMavenResourcesFiltering - Copying 1 resource from src\main\resources to target\classes
2025-03-25 13:21:58,135 [Worker-168: Building] INFO  o.a.m.s.f.DefaultMavenResourcesFiltering - Copying 1 resource from src\main\resources to target\classes
2025-03-25 13:21:58,138 [Worker-168: Building] INFO  o.a.m.s.f.DefaultMavenResourcesFiltering - skip non existing resourceDirectory D:\PollCreationBackend\PollCreationBackend\src\test\resources
2025-03-25 13:22:13,006 [Worker-182: Building] INFO  o.a.m.s.f.DefaultMavenResourcesFiltering - Copying 1 resource from src\main\resources to target\classes
2025-03-25 13:22:13,014 [Worker-182: Building] INFO  o.a.m.s.f.DefaultMavenResourcesFiltering - Copying 1 resource from src\main\resources to target\classes
2025-03-25 13:22:13,018 [Worker-182: Building] INFO  o.a.m.s.f.DefaultMavenResourcesFiltering - skip non existing resourceDirectory D:\PollCreationBackend\PollCreationBackend\src\test\resources
2025-03-25 13:22:27,862 [Worker-183: Building] INFO  o.a.m.s.f.DefaultMavenResourcesFiltering - Copying 1 resource from src\main\resources to target\classes
2025-03-25 13:22:27,876 [Worker-183: Building] INFO  o.a.m.s.f.DefaultMavenResourcesFiltering - Copying 1 resource from src\main\resources to target\classes
2025-03-25 13:22:27,878 [Worker-183: Building] INFO  o.a.m.s.f.DefaultMavenResourcesFiltering - skip non existing resourceDirectory D:\PollCreationBackend\PollCreationBackend\src\test\resources
2025-03-25 13:24:01,201 [Worker-179: Building] INFO  o.a.m.s.f.DefaultMavenResourcesFiltering - Copying 1 resource from src\main\resources to target\classes
2025-03-25 13:24:01,206 [Worker-179: Building] INFO  o.a.m.s.f.DefaultMavenResourcesFiltering - Copying 1 resource from src\main\resources to target\classes
2025-03-25 13:24:01,209 [Worker-179: Building] INFO  o.a.m.s.f.DefaultMavenResourcesFiltering - skip non existing resourceDirectory D:\PollCreationBackend\PollCreationBackend\src\test\resources
2025-03-25 13:24:07,130 [Worker-179: Building] INFO  o.a.m.s.f.DefaultMavenResourcesFiltering - Copying 1 resource from src\main\resources to target\classes
2025-03-25 13:24:07,139 [Worker-179: Building] INFO  o.a.m.s.f.DefaultMavenResourcesFiltering - Copying 1 resource from src\main\resources to target\classes
2025-03-25 13:24:07,141 [Worker-179: Building] INFO  o.a.m.s.f.DefaultMavenResourcesFiltering - skip non existing resourceDirectory D:\PollCreationBackend\PollCreationBackend\src\test\resources
2025-03-25 13:25:09,098 [Worker-182: Building] INFO  o.a.m.s.f.DefaultMavenResourcesFiltering - Copying 1 resource from src\main\resources to target\classes
2025-03-25 13:25:09,103 [Worker-182: Building] INFO  o.a.m.s.f.DefaultMavenResourcesFiltering - Copying 1 resource from src\main\resources to target\classes
2025-03-25 13:25:09,105 [Worker-182: Building] INFO  o.a.m.s.f.DefaultMavenResourcesFiltering - skip non existing resourceDirectory D:\PollCreationBackend\PollCreationBackend\src\test\resources
2025-03-25 13:26:04,220 [Worker-168: Building] INFO  o.a.m.s.f.DefaultMavenResourcesFiltering - Copying 1 resource from src\main\resources to target\classes
2025-03-25 13:26:04,224 [Worker-168: Building] INFO  o.a.m.s.f.DefaultMavenResourcesFiltering - Copying 1 resource from src\main\resources to target\classes
2025-03-25 13:26:04,228 [Worker-168: Building] INFO  o.a.m.s.f.DefaultMavenResourcesFiltering - skip non existing resourceDirectory D:\PollCreationBackend\PollCreationBackend\src\test\resources
2025-03-25 13:27:03,516 [Worker-168: Building] INFO  o.a.m.s.f.DefaultMavenResourcesFiltering - Copying 1 resource from src\main\resources to target\classes
2025-03-25 13:27:03,521 [Worker-168: Building] INFO  o.a.m.s.f.DefaultMavenResourcesFiltering - Copying 1 resource from src\main\resources to target\classes
2025-03-25 13:27:03,525 [Worker-168: Building] INFO  o.a.m.s.f.DefaultMavenResourcesFiltering - skip non existing resourceDirectory D:\PollCreationBackend\PollCreationBackend\src\test\resources
2025-03-25 13:38:25,556 [Worker-181: Building] INFO  o.a.m.s.f.DefaultMavenResourcesFiltering - Copying 1 resource from src\main\resources to target\classes
2025-03-25 13:38:25,564 [Worker-181: Building] INFO  o.a.m.s.f.DefaultMavenResourcesFiltering - Copying 1 resource from src\main\resources to target\classes
2025-03-25 13:38:25,567 [Worker-181: Building] INFO  o.a.m.s.f.DefaultMavenResourcesFiltering - skip non existing resourceDirectory D:\PollCreationBackend\PollCreationBackend\src\test\resources
2025-03-25 13:38:36,814 [Worker-179: Building] INFO  o.a.m.s.f.DefaultMavenResourcesFiltering - Copying 1 resource from src\main\resources to target\classes
2025-03-25 13:38:36,823 [Worker-179: Building] INFO  o.a.m.s.f.DefaultMavenResourcesFiltering - Copying 1 resource from src\main\resources to target\classes
2025-03-25 13:38:36,828 [Worker-179: Building] INFO  o.a.m.s.f.DefaultMavenResourcesFiltering - skip non existing resourceDirectory D:\PollCreationBackend\PollCreationBackend\src\test\resources
2025-03-25 13:38:41,063 [Worker-180: Building] INFO  o.a.m.s.f.DefaultMavenResourcesFiltering - Copying 1 resource from src\main\resources to target\classes
2025-03-25 13:38:41,069 [Worker-180: Building] INFO  o.a.m.s.f.DefaultMavenResourcesFiltering - Copying 1 resource from src\main\resources to target\classes
2025-03-25 13:38:41,073 [Worker-180: Building] INFO  o.a.m.s.f.DefaultMavenResourcesFiltering - skip non existing resourceDirectory D:\PollCreationBackend\PollCreationBackend\src\test\resources
2025-03-25 13:40:22,910 [Worker-181: Building] INFO  o.a.m.s.f.DefaultMavenResourcesFiltering - Copying 1 resource from src\main\resources to target\classes
2025-03-25 13:40:22,915 [Worker-181: Building] INFO  o.a.m.s.f.DefaultMavenResourcesFiltering - Copying 1 resource from src\main\resources to target\classes
2025-03-25 13:40:22,919 [Worker-181: Building] INFO  o.a.m.s.f.DefaultMavenResourcesFiltering - skip non existing resourceDirectory D:\PollCreationBackend\PollCreationBackend\src\test\resources
2025-03-25 13:41:17,620 [Worker-179: Building] INFO  o.a.m.s.f.DefaultMavenResourcesFiltering - Copying 1 resource from src\main\resources to target\classes
2025-03-25 13:41:17,624 [Worker-179: Building] INFO  o.a.m.s.f.DefaultMavenResourcesFiltering - Copying 1 resource from src\main\resources to target\classes
2025-03-25 13:41:17,627 [Worker-179: Building] INFO  o.a.m.s.f.DefaultMavenResourcesFiltering - skip non existing resourceDirectory D:\PollCreationBackend\PollCreationBackend\src\test\resources
2025-03-25 13:42:02,640 [Worker-181: Building] INFO  o.a.m.s.f.DefaultMavenResourcesFiltering - Copying 1 resource from src\main\resources to target\classes
2025-03-25 13:42:02,644 [Worker-181: Building] INFO  o.a.m.s.f.DefaultMavenResourcesFiltering - Copying 1 resource from src\main\resources to target\classes
2025-03-25 13:42:02,646 [Worker-181: Building] INFO  o.a.m.s.f.DefaultMavenResourcesFiltering - skip non existing resourceDirectory D:\PollCreationBackend\PollCreationBackend\src\test\resources
2025-03-25 13:42:22,539 [Worker-168: Building] INFO  o.a.m.s.f.DefaultMavenResourcesFiltering - Copying 1 resource from src\main\resources to target\classes
2025-03-25 13:42:22,543 [Worker-168: Building] INFO  o.a.m.s.f.DefaultMavenResourcesFiltering - Copying 1 resource from src\main\resources to target\classes
2025-03-25 13:42:22,546 [Worker-168: Building] INFO  o.a.m.s.f.DefaultMavenResourcesFiltering - skip non existing resourceDirectory D:\PollCreationBackend\PollCreationBackend\src\test\resources
2025-03-25 15:46:26,716 [Worker-188: Building] INFO  o.a.m.s.f.DefaultMavenResourcesFiltering - Copying 1 resource from src\main\resources to target\classes
2025-03-25 15:46:26,736 [Worker-188: Building] INFO  o.a.m.s.f.DefaultMavenResourcesFiltering - Copying 1 resource from src\main\resources to target\classes
2025-03-25 15:46:26,740 [Worker-188: Building] INFO  o.a.m.s.f.DefaultMavenResourcesFiltering - skip non existing resourceDirectory D:\PollCreationBackend\PollCreationBackend\src\test\resources
2025-03-25 15:46:29,811 [Worker-180: Building] INFO  o.a.m.s.f.DefaultMavenResourcesFiltering - Copying 1 resource from src\main\resources to target\classes
2025-03-25 15:46:29,846 [Worker-180: Building] INFO  o.a.m.s.f.DefaultMavenResourcesFiltering - Copying 1 resource from src\main\resources to target\classes
2025-03-25 15:46:29,850 [Worker-180: Building] INFO  o.a.m.s.f.DefaultMavenResourcesFiltering - skip non existing resourceDirectory D:\PollCreationBackend\PollCreationBackend\src\test\resources
2025-03-25 15:46:37,371 [Worker-180: Building] INFO  o.a.m.s.f.DefaultMavenResourcesFiltering - Copying 1 resource from src\main\resources to target\classes
2025-03-25 15:46:37,375 [Worker-180: Building] INFO  o.a.m.s.f.DefaultMavenResourcesFiltering - Copying 1 resource from src\main\resources to target\classes
2025-03-25 15:46:37,379 [Worker-180: Building] INFO  o.a.m.s.f.DefaultMavenResourcesFiltering - skip non existing resourceDirectory D:\PollCreationBackend\PollCreationBackend\src\test\resources
2025-03-25 15:46:40,057 [Worker-191: Building] INFO  o.a.m.s.f.DefaultMavenResourcesFiltering - Copying 1 resource from src\main\resources to target\classes
2025-03-25 15:46:40,069 [Worker-191: Building] INFO  o.a.m.s.f.DefaultMavenResourcesFiltering - Copying 1 resource from src\main\resources to target\classes
2025-03-25 15:46:40,073 [Worker-191: Building] INFO  o.a.m.s.f.DefaultMavenResourcesFiltering - skip non existing resourceDirectory D:\PollCreationBackend\PollCreationBackend\src\test\resources
2025-03-25 15:49:03,457 [Worker-192: Building] INFO  o.a.m.s.f.DefaultMavenResourcesFiltering - Copying 1 resource from src\main\resources to target\classes
2025-03-25 15:49:03,462 [Worker-192: Building] INFO  o.a.m.s.f.DefaultMavenResourcesFiltering - Copying 1 resource from src\main\resources to target\classes
2025-03-25 15:49:03,465 [Worker-192: Building] INFO  o.a.m.s.f.DefaultMavenResourcesFiltering - skip non existing resourceDirectory D:\PollCreationBackend\PollCreationBackend\src\test\resources
2025-03-25 15:55:48,043 [Worker-189: Building] INFO  o.a.m.s.f.DefaultMavenResourcesFiltering - Copying 1 resource from src\main\resources to target\classes
2025-03-25 15:55:48,048 [Worker-189: Building] INFO  o.a.m.s.f.DefaultMavenResourcesFiltering - Copying 1 resource from src\main\resources to target\classes
2025-03-25 15:55:48,052 [Worker-189: Building] INFO  o.a.m.s.f.DefaultMavenResourcesFiltering - skip non existing resourceDirectory D:\PollCreationBackend\PollCreationBackend\src\test\resources
2025-03-25 15:56:36,269 [Worker-190: Building] INFO  o.a.m.s.f.DefaultMavenResourcesFiltering - Copying 1 resource from src\main\resources to target\classes
2025-03-25 15:56:36,274 [Worker-190: Building] INFO  o.a.m.s.f.DefaultMavenResourcesFiltering - Copying 1 resource from src\main\resources to target\classes
2025-03-25 15:56:36,278 [Worker-190: Building] INFO  o.a.m.s.f.DefaultMavenResourcesFiltering - skip non existing resourceDirectory D:\PollCreationBackend\PollCreationBackend\src\test\resources
2025-03-25 15:57:01,268 [Worker-180: Building] INFO  o.a.m.s.f.DefaultMavenResourcesFiltering - Copying 1 resource from src\main\resources to target\classes
2025-03-25 15:57:01,275 [Worker-180: Building] INFO  o.a.m.s.f.DefaultMavenResourcesFiltering - Copying 1 resource from src\main\resources to target\classes
2025-03-25 15:57:01,278 [Worker-180: Building] INFO  o.a.m.s.f.DefaultMavenResourcesFiltering - skip non existing resourceDirectory D:\PollCreationBackend\PollCreationBackend\src\test\resources
2025-03-25 15:57:20,357 [Worker-189: Building] INFO  o.a.m.s.f.DefaultMavenResourcesFiltering - Copying 1 resource from src\main\resources to target\classes
2025-03-25 15:57:20,361 [Worker-189: Building] INFO  o.a.m.s.f.DefaultMavenResourcesFiltering - Copying 1 resource from src\main\resources to target\classes
2025-03-25 15:57:20,363 [Worker-189: Building] INFO  o.a.m.s.f.DefaultMavenResourcesFiltering - skip non existing resourceDirectory D:\PollCreationBackend\PollCreationBackend\src\test\resources
2025-03-25 15:57:40,883 [Worker-192: Building] INFO  o.a.m.s.f.DefaultMavenResourcesFiltering - Copying 1 resource from src\main\resources to target\classes
2025-03-25 15:57:40,887 [Worker-192: Building] INFO  o.a.m.s.f.DefaultMavenResourcesFiltering - Copying 1 resource from src\main\resources to target\classes
2025-03-25 15:57:40,891 [Worker-192: Building] INFO  o.a.m.s.f.DefaultMavenResourcesFiltering - skip non existing resourceDirectory D:\PollCreationBackend\PollCreationBackend\src\test\resources
2025-03-25 15:58:45,949 [Worker-194: Building] INFO  o.a.m.s.f.DefaultMavenResourcesFiltering - Copying 1 resource from src\main\resources to target\classes
2025-03-25 15:58:45,956 [Worker-194: Building] INFO  o.a.m.s.f.DefaultMavenResourcesFiltering - Copying 1 resource from src\main\resources to target\classes
2025-03-25 15:58:45,959 [Worker-194: Building] INFO  o.a.m.s.f.DefaultMavenResourcesFiltering - skip non existing resourceDirectory D:\PollCreationBackend\PollCreationBackend\src\test\resources
2025-03-25 16:18:56,049 [Worker-193: Building] INFO  o.a.m.s.f.DefaultMavenResourcesFiltering - Copying 1 resource from src\main\resources to target\classes
2025-03-25 16:18:56,055 [Worker-193: Building] INFO  o.a.m.s.f.DefaultMavenResourcesFiltering - Copying 1 resource from src\main\resources to target\classes
2025-03-25 16:18:56,058 [Worker-193: Building] INFO  o.a.m.s.f.DefaultMavenResourcesFiltering - skip non existing resourceDirectory D:\PollCreationBackend\PollCreationBackend\src\test\resources
2025-03-25 16:19:01,113 [Worker-189: Building] INFO  o.a.m.s.f.DefaultMavenResourcesFiltering - Copying 1 resource from src\main\resources to target\classes
2025-03-25 16:19:01,118 [Worker-189: Building] INFO  o.a.m.s.f.DefaultMavenResourcesFiltering - Copying 1 resource from src\main\resources to target\classes
2025-03-25 16:19:01,121 [Worker-189: Building] INFO  o.a.m.s.f.DefaultMavenResourcesFiltering - skip non existing resourceDirectory D:\PollCreationBackend\PollCreationBackend\src\test\resources
2025-03-25 16:19:29,584 [Worker-194: Building] INFO  o.a.m.s.f.DefaultMavenResourcesFiltering - Copying 1 resource from src\main\resources to target\classes
2025-03-25 16:19:29,589 [Worker-194: Building] INFO  o.a.m.s.f.DefaultMavenResourcesFiltering - Copying 1 resource from src\main\resources to target\classes
2025-03-25 16:19:29,594 [Worker-194: Building] INFO  o.a.m.s.f.DefaultMavenResourcesFiltering - skip non existing resourceDirectory D:\PollCreationBackend\PollCreationBackend\src\test\resources
2025-03-25 16:20:13,414 [Worker-188: Building] INFO  o.a.m.s.f.DefaultMavenResourcesFiltering - Copying 1 resource from src\main\resources to target\classes
2025-03-25 16:20:13,419 [Worker-188: Building] INFO  o.a.m.s.f.DefaultMavenResourcesFiltering - Copying 1 resource from src\main\resources to target\classes
2025-03-25 16:20:13,421 [Worker-188: Building] INFO  o.a.m.s.f.DefaultMavenResourcesFiltering - skip non existing resourceDirectory D:\PollCreationBackend\PollCreationBackend\src\test\resources
2025-03-26 11:01:04,782 [Worker-199: Building] INFO  o.a.m.s.f.DefaultMavenResourcesFiltering - Copying 1 resource from src\main\resources to target\classes
2025-03-26 11:01:04,876 [Worker-199: Building] INFO  o.a.m.s.f.DefaultMavenResourcesFiltering - Copying 1 resource from src\main\resources to target\classes
2025-03-26 11:01:04,881 [Worker-199: Building] INFO  o.a.m.s.f.DefaultMavenResourcesFiltering - skip non existing resourceDirectory D:\PollCreationBackend\PollCreationBackend\src\test\resources
2025-03-26 11:46:09,417 [Worker-197: Building] INFO  o.a.m.s.f.DefaultMavenResourcesFiltering - Copying 1 resource from src\main\resources to target\classes
2025-03-26 11:46:09,443 [Worker-197: Building] INFO  o.a.m.s.f.DefaultMavenResourcesFiltering - Copying 1 resource from src\main\resources to target\classes
2025-03-26 11:46:09,445 [Worker-197: Building] INFO  o.a.m.s.f.DefaultMavenResourcesFiltering - skip non existing resourceDirectory D:\PollCreationBackend\PollCreationBackend\src\test\resources
2025-03-26 11:46:11,524 [Worker-201: Building] INFO  o.a.m.s.f.DefaultMavenResourcesFiltering - Copying 1 resource from src\main\resources to target\classes
2025-03-26 11:46:11,530 [Worker-201: Building] INFO  o.a.m.s.f.DefaultMavenResourcesFiltering - Copying 1 resource from src\main\resources to target\classes
2025-03-26 11:46:11,535 [Worker-201: Building] INFO  o.a.m.s.f.DefaultMavenResourcesFiltering - skip non existing resourceDirectory D:\PollCreationBackend\PollCreationBackend\src\test\resources
2025-03-26 11:49:18,585 [Worker-201: Building] INFO  o.a.m.s.f.DefaultMavenResourcesFiltering - Copying 1 resource from src\main\resources to target\classes
2025-03-26 11:49:18,595 [Worker-201: Building] INFO  o.a.m.s.f.DefaultMavenResourcesFiltering - Copying 1 resource from src\main\resources to target\classes
2025-03-26 11:49:18,599 [Worker-201: Building] INFO  o.a.m.s.f.DefaultMavenResourcesFiltering - skip non existing resourceDirectory D:\PollCreationBackend\PollCreationBackend\src\test\resources
2025-03-26 11:50:24,607 [Worker-200: Building] INFO  o.a.m.s.f.DefaultMavenResourcesFiltering - Copying 1 resource from src\main\resources to target\classes
2025-03-26 11:50:24,615 [Worker-200: Building] INFO  o.a.m.s.f.DefaultMavenResourcesFiltering - Copying 1 resource from src\main\resources to target\classes
2025-03-26 11:50:24,618 [Worker-200: Building] INFO  o.a.m.s.f.DefaultMavenResourcesFiltering - skip non existing resourceDirectory D:\PollCreationBackend\PollCreationBackend\src\test\resources
2025-03-26 11:56:19,394 [Worker-199: Building] INFO  o.a.m.s.f.DefaultMavenResourcesFiltering - Copying 1 resource from src\main\resources to target\classes
2025-03-26 11:56:19,398 [Worker-199: Building] INFO  o.a.m.s.f.DefaultMavenResourcesFiltering - Copying 1 resource from src\main\resources to target\classes
2025-03-26 11:56:19,400 [Worker-199: Building] INFO  o.a.m.s.f.DefaultMavenResourcesFiltering - skip non existing resourceDirectory D:\PollCreationBackend\PollCreationBackend\src\test\resources
2025-03-26 11:56:30,068 [Worker-201: Building] INFO  o.a.m.s.f.DefaultMavenResourcesFiltering - Copying 1 resource from src\main\resources to target\classes
2025-03-26 11:56:30,073 [Worker-201: Building] INFO  o.a.m.s.f.DefaultMavenResourcesFiltering - Copying 1 resource from src\main\resources to target\classes
2025-03-26 11:56:30,076 [Worker-201: Building] INFO  o.a.m.s.f.DefaultMavenResourcesFiltering - skip non existing resourceDirectory D:\PollCreationBackend\PollCreationBackend\src\test\resources
2025-03-26 11:56:40,421 [Worker-200: Building] INFO  o.a.m.s.f.DefaultMavenResourcesFiltering - Copying 1 resource from src\main\resources to target\classes
2025-03-26 11:56:40,426 [Worker-200: Building] INFO  o.a.m.s.f.DefaultMavenResourcesFiltering - Copying 1 resource from src\main\resources to target\classes
2025-03-26 11:56:40,429 [Worker-200: Building] INFO  o.a.m.s.f.DefaultMavenResourcesFiltering - skip non existing resourceDirectory D:\PollCreationBackend\PollCreationBackend\src\test\resources
2025-03-26 11:56:44,069 [Worker-203: Building] INFO  o.a.m.s.f.DefaultMavenResourcesFiltering - Copying 1 resource from src\main\resources to target\classes
2025-03-26 11:56:44,073 [Worker-203: Building] INFO  o.a.m.s.f.DefaultMavenResourcesFiltering - Copying 1 resource from src\main\resources to target\classes
2025-03-26 11:56:44,075 [Worker-203: Building] INFO  o.a.m.s.f.DefaultMavenResourcesFiltering - skip non existing resourceDirectory D:\PollCreationBackend\PollCreationBackend\src\test\resources
2025-03-26 11:57:51,058 [Worker-202: Building] INFO  o.a.m.s.f.DefaultMavenResourcesFiltering - Copying 1 resource from src\main\resources to target\classes
2025-03-26 11:57:51,063 [Worker-202: Building] INFO  o.a.m.s.f.DefaultMavenResourcesFiltering - Copying 1 resource from src\main\resources to target\classes
2025-03-26 11:57:51,065 [Worker-202: Building] INFO  o.a.m.s.f.DefaultMavenResourcesFiltering - skip non existing resourceDirectory D:\PollCreationBackend\PollCreationBackend\src\test\resources
2025-03-26 12:00:10,624 [Worker-196: Building] INFO  o.a.m.s.f.DefaultMavenResourcesFiltering - Copying 1 resource from src\main\resources to target\classes
2025-03-26 12:00:10,629 [Worker-196: Building] INFO  o.a.m.s.f.DefaultMavenResourcesFiltering - Copying 1 resource from src\main\resources to target\classes
2025-03-26 12:00:10,631 [Worker-196: Building] INFO  o.a.m.s.f.DefaultMavenResourcesFiltering - skip non existing resourceDirectory D:\PollCreationBackend\PollCreationBackend\src\test\resources
2025-03-26 12:00:35,715 [Worker-201: Building] INFO  o.a.m.s.f.DefaultMavenResourcesFiltering - Copying 1 resource from src\main\resources to target\classes
2025-03-26 12:00:35,721 [Worker-201: Building] INFO  o.a.m.s.f.DefaultMavenResourcesFiltering - Copying 1 resource from src\main\resources to target\classes
2025-03-26 12:00:35,753 [Worker-201: Building] INFO  o.a.m.s.f.DefaultMavenResourcesFiltering - skip non existing resourceDirectory D:\PollCreationBackend\PollCreationBackend\src\test\resources
2025-03-26 12:00:43,204 [Worker-197: Building] INFO  o.a.m.s.f.DefaultMavenResourcesFiltering - Copying 1 resource from src\main\resources to target\classes
2025-03-26 12:00:43,209 [Worker-197: Building] INFO  o.a.m.s.f.DefaultMavenResourcesFiltering - Copying 1 resource from src\main\resources to target\classes
2025-03-26 12:00:43,213 [Worker-197: Building] INFO  o.a.m.s.f.DefaultMavenResourcesFiltering - skip non existing resourceDirectory D:\PollCreationBackend\PollCreationBackend\src\test\resources
2025-03-26 12:03:27,557 [Worker-200: Building] INFO  o.a.m.s.f.DefaultMavenResourcesFiltering - Copying 1 resource from src\main\resources to target\classes
2025-03-26 12:03:27,561 [Worker-200: Building] INFO  o.a.m.s.f.DefaultMavenResourcesFiltering - Copying 1 resource from src\main\resources to target\classes
2025-03-26 12:03:27,564 [Worker-200: Building] INFO  o.a.m.s.f.DefaultMavenResourcesFiltering - skip non existing resourceDirectory D:\PollCreationBackend\PollCreationBackend\src\test\resources
2025-03-26 12:03:42,807 [Worker-197: Building] INFO  o.a.m.s.f.DefaultMavenResourcesFiltering - Copying 1 resource from src\main\resources to target\classes
2025-03-26 12:03:42,815 [Worker-197: Building] INFO  o.a.m.s.f.DefaultMavenResourcesFiltering - Copying 1 resource from src\main\resources to target\classes
2025-03-26 12:03:42,818 [Worker-197: Building] INFO  o.a.m.s.f.DefaultMavenResourcesFiltering - skip non existing resourceDirectory D:\PollCreationBackend\PollCreationBackend\src\test\resources
2025-03-26 12:04:03,726 [Worker-202: Building] INFO  o.a.m.s.f.DefaultMavenResourcesFiltering - Copying 1 resource from src\main\resources to target\classes
2025-03-26 12:04:03,731 [Worker-202: Building] INFO  o.a.m.s.f.DefaultMavenResourcesFiltering - Copying 1 resource from src\main\resources to target\classes
2025-03-26 12:04:03,733 [Worker-202: Building] INFO  o.a.m.s.f.DefaultMavenResourcesFiltering - skip non existing resourceDirectory D:\PollCreationBackend\PollCreationBackend\src\test\resources
2025-03-26 12:08:05,495 [Worker-200: Building] INFO  o.a.m.s.f.DefaultMavenResourcesFiltering - Copying 1 resource from src\main\resources to target\classes
2025-03-26 12:08:05,499 [Worker-200: Building] INFO  o.a.m.s.f.DefaultMavenResourcesFiltering - Copying 1 resource from src\main\resources to target\classes
2025-03-26 12:08:05,501 [Worker-200: Building] INFO  o.a.m.s.f.DefaultMavenResourcesFiltering - skip non existing resourceDirectory D:\PollCreationBackend\PollCreationBackend\src\test\resources
2025-03-26 12:16:47,319 [Worker-199: Building] INFO  o.a.m.s.f.DefaultMavenResourcesFiltering - Copying 1 resource from src\main\resources to target\classes
2025-03-26 12:16:47,325 [Worker-199: Building] INFO  o.a.m.s.f.DefaultMavenResourcesFiltering - Copying 1 resource from src\main\resources to target\classes
2025-03-26 12:16:47,328 [Worker-199: Building] INFO  o.a.m.s.f.DefaultMavenResourcesFiltering - skip non existing resourceDirectory D:\PollCreationBackend\PollCreationBackend\src\test\resources
2025-03-26 12:17:01,331 [Worker-199: Building] INFO  o.a.m.s.f.DefaultMavenResourcesFiltering - Copying 1 resource from src\main\resources to target\classes
2025-03-26 12:17:01,334 [Worker-199: Building] INFO  o.a.m.s.f.DefaultMavenResourcesFiltering - Copying 1 resource from src\main\resources to target\classes
2025-03-26 12:17:01,337 [Worker-199: Building] INFO  o.a.m.s.f.DefaultMavenResourcesFiltering - skip non existing resourceDirectory D:\PollCreationBackend\PollCreationBackend\src\test\resources
2025-03-26 12:38:18,876 [Worker-204: Building] INFO  o.a.m.s.f.DefaultMavenResourcesFiltering - Copying 1 resource from src\main\resources to target\classes
2025-03-26 12:38:18,882 [Worker-204: Building] INFO  o.a.m.s.f.DefaultMavenResourcesFiltering - Copying 1 resource from src\main\resources to target\classes
2025-03-26 12:38:18,885 [Worker-204: Building] INFO  o.a.m.s.f.DefaultMavenResourcesFiltering - skip non existing resourceDirectory D:\PollCreationBackend\PollCreationBackend\src\test\resources
2025-03-26 12:48:16,907 [Worker-201: Building] INFO  o.a.m.s.f.DefaultMavenResourcesFiltering - Copying 1 resource from src\main\resources to target\classes
2025-03-26 12:48:16,912 [Worker-201: Building] INFO  o.a.m.s.f.DefaultMavenResourcesFiltering - Copying 1 resource from src\main\resources to target\classes
2025-03-26 12:48:16,914 [Worker-201: Building] INFO  o.a.m.s.f.DefaultMavenResourcesFiltering - skip non existing resourceDirectory D:\PollCreationBackend\PollCreationBackend\src\test\resources
2025-03-26 12:49:11,627 [Worker-201: Building] INFO  o.a.m.s.f.DefaultMavenResourcesFiltering - Copying 1 resource from src\main\resources to target\classes
2025-03-26 12:49:11,630 [Worker-201: Building] INFO  o.a.m.s.f.DefaultMavenResourcesFiltering - Copying 1 resource from src\main\resources to target\classes
2025-03-26 12:49:11,632 [Worker-201: Building] INFO  o.a.m.s.f.DefaultMavenResourcesFiltering - skip non existing resourceDirectory D:\PollCreationBackend\PollCreationBackend\src\test\resources
2025-03-26 12:49:39,083 [Worker-203: Building] INFO  o.a.m.s.f.DefaultMavenResourcesFiltering - Copying 1 resource from src\main\resources to target\classes
2025-03-26 12:49:39,091 [Worker-203: Building] INFO  o.a.m.s.f.DefaultMavenResourcesFiltering - Copying 1 resource from src\main\resources to target\classes
2025-03-26 12:49:39,093 [Worker-203: Building] INFO  o.a.m.s.f.DefaultMavenResourcesFiltering - skip non existing resourceDirectory D:\PollCreationBackend\PollCreationBackend\src\test\resources
2025-03-26 12:49:40,219 [Worker-202: Building] INFO  o.a.m.s.f.DefaultMavenResourcesFiltering - Copying 1 resource from src\main\resources to target\classes
2025-03-26 12:49:40,222 [Worker-202: Building] INFO  o.a.m.s.f.DefaultMavenResourcesFiltering - Copying 1 resource from src\main\resources to target\classes
2025-03-26 12:49:40,224 [Worker-202: Building] INFO  o.a.m.s.f.DefaultMavenResourcesFiltering - skip non existing resourceDirectory D:\PollCreationBackend\PollCreationBackend\src\test\resources
2025-03-26 12:49:41,802 [Worker-197: Building] INFO  o.a.m.s.f.DefaultMavenResourcesFiltering - Copying 1 resource from src\main\resources to target\classes
2025-03-26 12:49:41,805 [Worker-197: Building] INFO  o.a.m.s.f.DefaultMavenResourcesFiltering - Copying 1 resource from src\main\resources to target\classes
2025-03-26 12:49:41,807 [Worker-197: Building] INFO  o.a.m.s.f.DefaultMavenResourcesFiltering - skip non existing resourceDirectory D:\PollCreationBackend\PollCreationBackend\src\test\resources
2025-03-26 12:50:17,440 [Worker-200: Building] INFO  o.a.m.s.f.DefaultMavenResourcesFiltering - Copying 1 resource from src\main\resources to target\classes
2025-03-26 12:50:17,442 [Worker-200: Building] INFO  o.a.m.s.f.DefaultMavenResourcesFiltering - Copying 1 resource from src\main\resources to target\classes
2025-03-26 12:50:17,444 [Worker-200: Building] INFO  o.a.m.s.f.DefaultMavenResourcesFiltering - skip non existing resourceDirectory D:\PollCreationBackend\PollCreationBackend\src\test\resources
2025-03-26 13:03:05,617 [Worker-204: Building] INFO  o.a.m.s.f.DefaultMavenResourcesFiltering - Copying 1 resource from src\main\resources to target\classes
2025-03-26 13:03:05,625 [Worker-204: Building] INFO  o.a.m.s.f.DefaultMavenResourcesFiltering - Copying 1 resource from src\main\resources to target\classes
2025-03-26 13:03:05,628 [Worker-204: Building] INFO  o.a.m.s.f.DefaultMavenResourcesFiltering - skip non existing resourceDirectory D:\PollCreationBackend\PollCreationBackend\src\test\resources
2025-03-26 15:41:49,070 [Worker-204: Building] INFO  o.a.m.s.f.DefaultMavenResourcesFiltering - Copying 1 resource from src\main\resources to target\classes
2025-03-26 15:41:49,092 [Worker-204: Building] INFO  o.a.m.s.f.DefaultMavenResourcesFiltering - Copying 1 resource from src\main\resources to target\classes
2025-03-26 15:41:49,095 [Worker-204: Building] INFO  o.a.m.s.f.DefaultMavenResourcesFiltering - skip non existing resourceDirectory D:\PollCreationBackend\PollCreationBackend\src\test\resources
2025-03-26 15:43:07,284 [Worker-200: Building] INFO  o.a.m.s.f.DefaultMavenResourcesFiltering - Copying 1 resource from src\main\resources to target\classes
2025-03-26 15:43:07,329 [Worker-200: Building] INFO  o.a.m.s.f.DefaultMavenResourcesFiltering - Copying 1 resource from src\main\resources to target\classes
2025-03-26 15:43:07,332 [Worker-200: Building] INFO  o.a.m.s.f.DefaultMavenResourcesFiltering - skip non existing resourceDirectory D:\PollCreationBackend\PollCreationBackend\src\test\resources
2025-03-26 15:43:17,946 [Worker-200: Building] INFO  o.a.m.s.f.DefaultMavenResourcesFiltering - Copying 1 resource from src\main\resources to target\classes
2025-03-26 15:43:17,958 [Worker-200: Building] INFO  o.a.m.s.f.DefaultMavenResourcesFiltering - Copying 1 resource from src\main\resources to target\classes
2025-03-26 15:43:17,960 [Worker-200: Building] INFO  o.a.m.s.f.DefaultMavenResourcesFiltering - skip non existing resourceDirectory D:\PollCreationBackend\PollCreationBackend\src\test\resources
2025-03-26 16:37:00,915 [Worker-202: Building] INFO  o.a.m.s.f.DefaultMavenResourcesFiltering - Copying 1 resource from src\main\resources to target\classes
2025-03-26 16:37:00,936 [Worker-202: Building] INFO  o.a.m.s.f.DefaultMavenResourcesFiltering - Copying 1 resource from src\main\resources to target\classes
2025-03-26 16:37:00,942 [Worker-202: Building] INFO  o.a.m.s.f.DefaultMavenResourcesFiltering - skip non existing resourceDirectory D:\PollCreationBackend\PollCreationBackend\src\test\resources
2025-03-26 16:37:32,899 [Worker-200: Building] INFO  o.a.m.s.f.DefaultMavenResourcesFiltering - Copying 1 resource from src\main\resources to target\classes
2025-03-26 16:37:32,919 [Worker-200: Building] INFO  o.a.m.s.f.DefaultMavenResourcesFiltering - Copying 1 resource from src\main\resources to target\classes
2025-03-26 16:37:32,924 [Worker-200: Building] INFO  o.a.m.s.f.DefaultMavenResourcesFiltering - skip non existing resourceDirectory D:\PollCreationBackend\PollCreationBackend\src\test\resources
2025-03-27 09:53:38,068 [Worker-214: Building] INFO  o.a.m.s.f.DefaultMavenResourcesFiltering - Copying 1 resource from src\main\resources to target\classes
2025-03-27 09:53:38,118 [Worker-214: Building] INFO  o.a.m.s.f.DefaultMavenResourcesFiltering - Copying 1 resource from src\main\resources to target\classes
2025-03-27 09:53:38,125 [Worker-214: Building] INFO  o.a.m.s.f.DefaultMavenResourcesFiltering - skip non existing resourceDirectory D:\PollCreationBackend\PollCreationBackend\src\test\resources
2025-03-27 09:56:31,746 [Worker-216: Building] INFO  o.a.m.s.f.DefaultMavenResourcesFiltering - Copying 1 resource from src\main\resources to target\classes
2025-03-27 09:56:31,764 [Worker-216: Building] INFO  o.a.m.s.f.DefaultMavenResourcesFiltering - Copying 1 resource from src\main\resources to target\classes
2025-03-27 09:56:31,766 [Worker-216: Building] INFO  o.a.m.s.f.DefaultMavenResourcesFiltering - skip non existing resourceDirectory D:\PollCreationBackend\PollCreationBackend\src\test\resources
2025-03-27 09:56:46,880 [Worker-213: Building] INFO  o.a.m.s.f.DefaultMavenResourcesFiltering - Copying 1 resource from src\main\resources to target\classes
2025-03-27 09:56:46,883 [Worker-213: Building] INFO  o.a.m.s.f.DefaultMavenResourcesFiltering - Copying 1 resource from src\main\resources to target\classes
2025-03-27 09:56:46,885 [Worker-213: Building] INFO  o.a.m.s.f.DefaultMavenResourcesFiltering - skip non existing resourceDirectory D:\PollCreationBackend\PollCreationBackend\src\test\resources
2025-03-27 09:58:41,206 [Worker-209: Building] INFO  o.a.m.s.f.DefaultMavenResourcesFiltering - Copying 1 resource from src\main\resources to target\classes
2025-03-27 09:58:41,210 [Worker-209: Building] INFO  o.a.m.s.f.DefaultMavenResourcesFiltering - Copying 1 resource from src\main\resources to target\classes
2025-03-27 09:58:41,212 [Worker-209: Building] INFO  o.a.m.s.f.DefaultMavenResourcesFiltering - skip non existing resourceDirectory D:\PollCreationBackend\PollCreationBackend\src\test\resources
2025-03-27 10:01:29,798 [Worker-215: Building] INFO  o.a.m.s.f.DefaultMavenResourcesFiltering - Copying 1 resource from src\main\resources to target\classes
2025-03-27 10:01:29,805 [Worker-215: Building] INFO  o.a.m.s.f.DefaultMavenResourcesFiltering - Copying 1 resource from src\main\resources to target\classes
2025-03-27 10:01:29,810 [Worker-215: Building] INFO  o.a.m.s.f.DefaultMavenResourcesFiltering - skip non existing resourceDirectory D:\PollCreationBackend\PollCreationBackend\src\test\resources
2025-03-27 10:01:44,273 [Worker-215: Building] INFO  o.a.m.s.f.DefaultMavenResourcesFiltering - Copying 1 resource from src\main\resources to target\classes
2025-03-27 10:01:44,277 [Worker-215: Building] INFO  o.a.m.s.f.DefaultMavenResourcesFiltering - Copying 1 resource from src\main\resources to target\classes
2025-03-27 10:01:44,280 [Worker-215: Building] INFO  o.a.m.s.f.DefaultMavenResourcesFiltering - skip non existing resourceDirectory D:\PollCreationBackend\PollCreationBackend\src\test\resources
2025-03-27 10:01:59,222 [Worker-204: Building] INFO  o.a.m.s.f.DefaultMavenResourcesFiltering - Copying 1 resource from src\main\resources to target\classes
2025-03-27 10:01:59,227 [Worker-204: Building] INFO  o.a.m.s.f.DefaultMavenResourcesFiltering - Copying 1 resource from src\main\resources to target\classes
2025-03-27 10:01:59,229 [Worker-204: Building] INFO  o.a.m.s.f.DefaultMavenResourcesFiltering - skip non existing resourceDirectory D:\PollCreationBackend\PollCreationBackend\src\test\resources
2025-03-27 10:02:06,106 [Worker-204: Building] INFO  o.a.m.s.f.DefaultMavenResourcesFiltering - Copying 1 resource from src\main\resources to target\classes
2025-03-27 10:02:06,109 [Worker-204: Building] INFO  o.a.m.s.f.DefaultMavenResourcesFiltering - Copying 1 resource from src\main\resources to target\classes
2025-03-27 10:02:06,111 [Worker-204: Building] INFO  o.a.m.s.f.DefaultMavenResourcesFiltering - skip non existing resourceDirectory D:\PollCreationBackend\PollCreationBackend\src\test\resources
2025-03-27 10:02:27,761 [Worker-216: Building] INFO  o.a.m.s.f.DefaultMavenResourcesFiltering - Copying 1 resource from src\main\resources to target\classes
2025-03-27 10:02:27,764 [Worker-216: Building] INFO  o.a.m.s.f.DefaultMavenResourcesFiltering - Copying 1 resource from src\main\resources to target\classes
2025-03-27 10:02:27,765 [Worker-216: Building] INFO  o.a.m.s.f.DefaultMavenResourcesFiltering - skip non existing resourceDirectory D:\PollCreationBackend\PollCreationBackend\src\test\resources
2025-03-27 10:04:57,923 [Worker-215: Building] INFO  o.a.m.s.f.DefaultMavenResourcesFiltering - Copying 1 resource from src\main\resources to target\classes
2025-03-27 10:04:57,928 [Worker-215: Building] INFO  o.a.m.s.f.DefaultMavenResourcesFiltering - Copying 1 resource from src\main\resources to target\classes
2025-03-27 10:04:57,931 [Worker-215: Building] INFO  o.a.m.s.f.DefaultMavenResourcesFiltering - skip non existing resourceDirectory D:\PollCreationBackend\PollCreationBackend\src\test\resources
2025-03-27 10:08:55,751 [Worker-217: Building] INFO  o.a.m.s.f.DefaultMavenResourcesFiltering - Copying 1 resource from src\main\resources to target\classes
2025-03-27 10:08:55,757 [Worker-217: Building] INFO  o.a.m.s.f.DefaultMavenResourcesFiltering - Copying 1 resource from src\main\resources to target\classes
2025-03-27 10:08:55,760 [Worker-217: Building] INFO  o.a.m.s.f.DefaultMavenResourcesFiltering - skip non existing resourceDirectory D:\PollCreationBackend\PollCreationBackend\src\test\resources
2025-03-27 10:09:43,763 [Worker-213: Building] INFO  o.a.m.s.f.DefaultMavenResourcesFiltering - Copying 1 resource from src\main\resources to target\classes
2025-03-27 10:09:43,768 [Worker-213: Building] INFO  o.a.m.s.f.DefaultMavenResourcesFiltering - Copying 1 resource from src\main\resources to target\classes
2025-03-27 10:09:43,771 [Worker-213: Building] INFO  o.a.m.s.f.DefaultMavenResourcesFiltering - skip non existing resourceDirectory D:\PollCreationBackend\PollCreationBackend\src\test\resources
2025-03-27 10:20:19,897 [Worker-214: Building] INFO  o.a.m.s.f.DefaultMavenResourcesFiltering - Copying 1 resource from src\main\resources to target\classes
2025-03-27 10:20:19,902 [Worker-214: Building] INFO  o.a.m.s.f.DefaultMavenResourcesFiltering - Copying 1 resource from src\main\resources to target\classes
2025-03-27 10:20:19,906 [Worker-214: Building] INFO  o.a.m.s.f.DefaultMavenResourcesFiltering - skip non existing resourceDirectory D:\PollCreationBackend\PollCreationBackend\src\test\resources
2025-03-27 10:20:22,849 [Worker-216: Building] INFO  o.a.m.s.f.DefaultMavenResourcesFiltering - Copying 1 resource from src\main\resources to target\classes
2025-03-27 10:20:22,852 [Worker-216: Building] INFO  o.a.m.s.f.DefaultMavenResourcesFiltering - Copying 1 resource from src\main\resources to target\classes
2025-03-27 10:20:22,854 [Worker-216: Building] INFO  o.a.m.s.f.DefaultMavenResourcesFiltering - skip non existing resourceDirectory D:\PollCreationBackend\PollCreationBackend\src\test\resources
2025-03-27 10:23:01,303 [Worker-209: Building] INFO  o.a.m.s.f.DefaultMavenResourcesFiltering - Copying 1 resource from src\main\resources to target\classes
2025-03-27 10:23:01,308 [Worker-209: Building] INFO  o.a.m.s.f.DefaultMavenResourcesFiltering - Copying 1 resource from src\main\resources to target\classes
2025-03-27 10:23:01,311 [Worker-209: Building] INFO  o.a.m.s.f.DefaultMavenResourcesFiltering - skip non existing resourceDirectory D:\PollCreationBackend\PollCreationBackend\src\test\resources
2025-03-27 10:23:23,520 [Worker-215: Building] INFO  o.a.m.s.f.DefaultMavenResourcesFiltering - Copying 1 resource from src\main\resources to target\classes
2025-03-27 10:23:23,523 [Worker-215: Building] INFO  o.a.m.s.f.DefaultMavenResourcesFiltering - Copying 1 resource from src\main\resources to target\classes
2025-03-27 10:23:23,524 [Worker-215: Building] INFO  o.a.m.s.f.DefaultMavenResourcesFiltering - skip non existing resourceDirectory D:\PollCreationBackend\PollCreationBackend\src\test\resources
2025-03-27 10:23:30,672 [Worker-217: Building] INFO  o.a.m.s.f.DefaultMavenResourcesFiltering - Copying 1 resource from src\main\resources to target\classes
2025-03-27 10:23:30,674 [Worker-217: Building] INFO  o.a.m.s.f.DefaultMavenResourcesFiltering - Copying 1 resource from src\main\resources to target\classes
2025-03-27 10:23:30,676 [Worker-217: Building] INFO  o.a.m.s.f.DefaultMavenResourcesFiltering - skip non existing resourceDirectory D:\PollCreationBackend\PollCreationBackend\src\test\resources
2025-03-27 10:36:37,548 [Worker-209: Building] INFO  o.a.m.s.f.DefaultMavenResourcesFiltering - Copying 1 resource from src\main\resources to target\classes
2025-03-27 10:36:37,555 [Worker-209: Building] INFO  o.a.m.s.f.DefaultMavenResourcesFiltering - Copying 1 resource from src\main\resources to target\classes
2025-03-27 10:36:37,558 [Worker-209: Building] INFO  o.a.m.s.f.DefaultMavenResourcesFiltering - skip non existing resourceDirectory D:\PollCreationBackend\PollCreationBackend\src\test\resources
2025-03-27 10:39:42,866 [Worker-213: Building] INFO  o.a.m.s.f.DefaultMavenResourcesFiltering - Copying 1 resource from src\main\resources to target\classes
2025-03-27 10:39:42,871 [Worker-213: Building] INFO  o.a.m.s.f.DefaultMavenResourcesFiltering - Copying 1 resource from src\main\resources to target\classes
2025-03-27 10:39:42,873 [Worker-213: Building] INFO  o.a.m.s.f.DefaultMavenResourcesFiltering - skip non existing resourceDirectory D:\PollCreationBackend\PollCreationBackend\src\test\resources
2025-03-27 10:39:47,480 [Worker-209: Building] INFO  o.a.m.s.f.DefaultMavenResourcesFiltering - Copying 1 resource from src\main\resources to target\classes
2025-03-27 10:39:47,485 [Worker-209: Building] INFO  o.a.m.s.f.DefaultMavenResourcesFiltering - Copying 1 resource from src\main\resources to target\classes
2025-03-27 10:39:47,488 [Worker-209: Building] INFO  o.a.m.s.f.DefaultMavenResourcesFiltering - skip non existing resourceDirectory D:\PollCreationBackend\PollCreationBackend\src\test\resources
2025-03-27 10:40:06,564 [Worker-209: Building] INFO  o.a.m.s.f.DefaultMavenResourcesFiltering - Copying 1 resource from src\main\resources to target\classes
2025-03-27 10:40:06,568 [Worker-209: Building] INFO  o.a.m.s.f.DefaultMavenResourcesFiltering - Copying 1 resource from src\main\resources to target\classes
2025-03-27 10:40:06,571 [Worker-209: Building] INFO  o.a.m.s.f.DefaultMavenResourcesFiltering - skip non existing resourceDirectory D:\PollCreationBackend\PollCreationBackend\src\test\resources
